[01Feb2026 06:53:51.334] [main/INFO] [cpw.mods.modlauncher.Launcher/MODLAUNCHER]: ModLauncher running: args [--launchTarget, forgeserver, --fml.forgeVersion, 47.4.10, --fml.mcVersion, 1.20.1, --fml.forgeGroup, net.minecraftforge, --fml.mcpVersion, 20230612.114412]
[01Feb2026 06:53:51.338] [main/INFO] [cpw.mods.modlauncher.Launcher/MODLAUNCHER]: ModLauncher 10.0.9+10.0.9+main.dcd20f30 starting: java version 25.0.1 by Microsoft; OS Linux arch amd64 version 6.8.0-1030-azure
[01Feb2026 06:53:51.363] [main/DEBUG] [cpw.mods.modlauncher.LaunchServiceHandler/MODLAUNCHER]: Found launch services [fmlclientdev,forgeclient,minecraft,forgegametestserverdev,fmlserveruserdev,fmlclient,fmldatauserdev,forgeserverdev,forgeserveruserdev,forgeclientdev,forgeclientuserdev,forgeserver,forgedatadev,fmlserver,fmlclientuserdev,fmlserverdev,forgedatauserdev,testharness,forgegametestserveruserdev]
[01Feb2026 06:53:51.376] [main/DEBUG] [cpw.mods.modlauncher.NameMappingServiceHandler/MODLAUNCHER]: Found naming services : [srgtomcp]
[01Feb2026 06:53:51.391] [main/DEBUG] [cpw.mods.modlauncher.LaunchPluginHandler/MODLAUNCHER]: Found launch plugins: [mixin,eventbus,slf4jfixer,object_holder_definalize,runtime_enum_extender,capability_token_subclass,accesstransformer,runtimedistcleaner]
[01Feb2026 06:53:51.399] [main/DEBUG] [cpw.mods.modlauncher.TransformationServicesHandler/MODLAUNCHER]: Discovering transformation services
[01Feb2026 06:53:51.404] [main/DEBUG] [net.minecraftforge.fml.loading.FMLPaths/CORE]: Path GAMEDIR is /workspaces/test-aja
[01Feb2026 06:53:51.404] [main/DEBUG] [net.minecraftforge.fml.loading.FMLPaths/CORE]: Path MODSDIR is /workspaces/test-aja/mods
[01Feb2026 06:53:51.404] [main/DEBUG] [net.minecraftforge.fml.loading.FMLPaths/CORE]: Path CONFIGDIR is /workspaces/test-aja/config
[01Feb2026 06:53:51.404] [main/DEBUG] [net.minecraftforge.fml.loading.FMLPaths/CORE]: Path FMLCONFIG is /workspaces/test-aja/config/fml.toml
[01Feb2026 06:53:51.640] [main/DEBUG] [cpw.mods.modlauncher.TransformationServicesHandler/MODLAUNCHER]: Found additional transformation services from discovery services: 
[01Feb2026 06:53:51.646] [main/INFO] [net.minecraftforge.fml.loading.ImmediateWindowHandler/]: ImmediateWindowProvider not loading because launch target is forgeserver
[01Feb2026 06:53:51.652] [main/DEBUG] [cpw.mods.modlauncher.TransformationServicesHandler/MODLAUNCHER]: Found transformer services : [mixin,fml]
[01Feb2026 06:53:51.653] [main/DEBUG] [cpw.mods.modlauncher.TransformationServicesHandler/MODLAUNCHER]: Transformation services loading
[01Feb2026 06:53:51.653] [main/DEBUG] [cpw.mods.modlauncher.TransformationServiceDecorator/MODLAUNCHER]: Loading service mixin
[01Feb2026 06:53:51.654] [main/DEBUG] [cpw.mods.modlauncher.TransformationServiceDecorator/MODLAUNCHER]: Loaded service mixin
[01Feb2026 06:53:51.654] [main/DEBUG] [cpw.mods.modlauncher.TransformationServiceDecorator/MODLAUNCHER]: Loading service fml
[01Feb2026 06:53:51.655] [main/DEBUG] [net.minecraftforge.fml.loading.LauncherVersion/CORE]: Found FMLLauncher version 1.0
[01Feb2026 06:53:51.655] [main/DEBUG] [net.minecraftforge.fml.loading.FMLLoader/CORE]: FML 1.0 loading
[01Feb2026 06:53:51.655] [main/DEBUG] [net.minecraftforge.fml.loading.FMLLoader/CORE]: FML found ModLauncher version : 10.0.9+10.0.9+main.dcd20f30
[01Feb2026 06:53:51.655] [main/DEBUG] [net.minecraftforge.fml.loading.FMLLoader/CORE]: Requesting CoreMods to not apply the fix for ASMAPI.findFirstInstructionBefore by default
[01Feb2026 06:53:51.655] [main/DEBUG] [net.minecraftforge.fml.loading.FMLLoader/CORE]: FML found AccessTransformer version : 8.0.4+66+master.c09db6d7
[01Feb2026 06:53:51.656] [main/DEBUG] [net.minecraftforge.fml.loading.FMLLoader/CORE]: FML found EventBus version : 6.0.5+6.0.5+master.eb8e549b
[01Feb2026 06:53:51.656] [main/DEBUG] [net.minecraftforge.fml.loading.FMLLoader/CORE]: Found Runtime Dist Cleaner
[01Feb2026 06:53:51.657] [main/DEBUG] [net.minecraftforge.coremod.CoreModEngine/]: CoreMods will preserve legacy behavior of ASMAPI.findFirstInstructionBefore for backwards-compatibility
[01Feb2026 06:53:51.657] [main/DEBUG] [net.minecraftforge.fml.loading.FMLLoader/CORE]: FML found CoreMod version : 5.2.4
[01Feb2026 06:53:51.658] [main/DEBUG] [net.minecraftforge.fml.loading.FMLLoader/CORE]: Found ForgeSPI package implementation version 7.0.1+7.0.1+master.d2b38bf6
[01Feb2026 06:53:51.658] [main/DEBUG] [net.minecraftforge.fml.loading.FMLLoader/CORE]: Found ForgeSPI package specification 5
[01Feb2026 06:53:51.658] [main/DEBUG] [cpw.mods.modlauncher.TransformationServiceDecorator/MODLAUNCHER]: Loaded service fml
[01Feb2026 06:53:51.659] [main/DEBUG] [cpw.mods.modlauncher.TransformationServicesHandler/MODLAUNCHER]: Configuring option handling for services
[01Feb2026 06:53:51.664] [main/DEBUG] [cpw.mods.modlauncher.TransformationServicesHandler/MODLAUNCHER]: Transformation services initializing
[01Feb2026 06:53:51.664] [main/DEBUG] [cpw.mods.modlauncher.TransformationServiceDecorator/MODLAUNCHER]: Initializing transformation service mixin
[01Feb2026 06:53:51.673] [main/DEBUG] [mixin/]: MixinService [ModLauncher] was successfully booted in cpw.mods.cl.ModuleClassLoader@371a67ec
[01Feb2026 06:53:51.687] [main/INFO] [mixin/]: SpongePowered MIXIN Subsystem Version=0.8.5 Source=union:/workspaces/test-aja/libraries/org/spongepowered/mixin/0.8.5/mixin-0.8.5.jar%2365!/ Service=ModLauncher Env=SERVER
[01Feb2026 06:53:51.690] [main/DEBUG] [mixin/]: Initialising Mixin Platform Manager
[01Feb2026 06:53:51.691] [main/DEBUG] [mixin/]: Adding mixin platform agents for container ModLauncher Root Container(ModLauncher:4f56a0a2)
[01Feb2026 06:53:51.691] [main/DEBUG] [mixin/]: Instancing new MixinPlatformAgentMinecraftForge for ModLauncher Root Container(ModLauncher:4f56a0a2)
[01Feb2026 06:53:51.692] [main/DEBUG] [mixin/]: MixinPlatformAgentMinecraftForge rejected container ModLauncher Root Container(ModLauncher:4f56a0a2)
[01Feb2026 06:53:51.692] [main/DEBUG] [mixin/]: Instancing new MixinPlatformAgentDefault for ModLauncher Root Container(ModLauncher:4f56a0a2)
[01Feb2026 06:53:51.693] [main/DEBUG] [mixin/]: MixinPlatformAgentDefault accepted container ModLauncher Root Container(ModLauncher:4f56a0a2)
[01Feb2026 06:53:51.695] [main/DEBUG] [cpw.mods.modlauncher.TransformationServiceDecorator/MODLAUNCHER]: Initialized transformation service mixin
[01Feb2026 06:53:51.695] [main/DEBUG] [cpw.mods.modlauncher.TransformationServiceDecorator/MODLAUNCHER]: Initializing transformation service fml
[01Feb2026 06:53:51.695] [main/DEBUG] [net.minecraftforge.fml.loading.FMLServiceProvider/CORE]: Setting up basic FML game directories
[01Feb2026 06:53:51.696] [main/DEBUG] [net.minecraftforge.fml.loading.FMLPaths/CORE]: Path GAMEDIR is /workspaces/test-aja
[01Feb2026 06:53:51.696] [main/DEBUG] [net.minecraftforge.fml.loading.FMLPaths/CORE]: Path MODSDIR is /workspaces/test-aja/mods
[01Feb2026 06:53:51.696] [main/DEBUG] [net.minecraftforge.fml.loading.FMLPaths/CORE]: Path CONFIGDIR is /workspaces/test-aja/config
[01Feb2026 06:53:51.696] [main/DEBUG] [net.minecraftforge.fml.loading.FMLPaths/CORE]: Path FMLCONFIG is /workspaces/test-aja/config/fml.toml
[01Feb2026 06:53:51.696] [main/DEBUG] [net.minecraftforge.fml.loading.FMLServiceProvider/CORE]: Loading configuration
[01Feb2026 06:53:51.700] [main/DEBUG] [net.minecraftforge.fml.loading.FMLServiceProvider/CORE]: Preparing ModFile
[01Feb2026 06:53:51.713] [main/DEBUG] [net.minecraftforge.fml.loading.FMLServiceProvider/CORE]: Preparing launch handler
[01Feb2026 06:53:51.713] [main/DEBUG] [net.minecraftforge.fml.loading.FMLLoader/CORE]: Using forgeserver as launch service
[01Feb2026 06:53:51.723] [main/DEBUG] [net.minecraftforge.fml.loading.FMLLoader/CORE]: Received command line version data  : VersionInfo[forgeVersion=47.4.10, mcVersion=1.20.1, mcpVersion=20230612.114412, forgeGroup=net.minecraftforge]
[01Feb2026 06:53:51.724] [main/DEBUG] [cpw.mods.modlauncher.TransformationServiceDecorator/MODLAUNCHER]: Initialized transformation service fml
[01Feb2026 06:53:51.725] [main/DEBUG] [cpw.mods.modlauncher.NameMappingServiceHandler/MODLAUNCHER]: Current naming domain is 'srg'
[01Feb2026 06:53:51.725] [main/DEBUG] [cpw.mods.modlauncher.NameMappingServiceHandler/MODLAUNCHER]: Identified name mapping providers {}
[01Feb2026 06:53:51.725] [main/DEBUG] [cpw.mods.modlauncher.TransformationServicesHandler/MODLAUNCHER]: Transformation services begin scanning
[01Feb2026 06:53:51.726] [main/DEBUG] [cpw.mods.modlauncher.TransformationServiceDecorator/MODLAUNCHER]: Beginning scan trigger - transformation service mixin
[01Feb2026 06:53:51.726] [main/DEBUG] [cpw.mods.modlauncher.TransformationServiceDecorator/MODLAUNCHER]: End scan trigger - transformation service mixin
[01Feb2026 06:53:51.726] [main/DEBUG] [cpw.mods.modlauncher.TransformationServiceDecorator/MODLAUNCHER]: Beginning scan trigger - transformation service fml
[01Feb2026 06:53:51.726] [main/DEBUG] [net.minecraftforge.fml.loading.FMLServiceProvider/CORE]: Initiating mod scan
[01Feb2026 06:53:51.737] [main/DEBUG] [net.minecraftforge.fml.loading.moddiscovery.ModListHandler/CORE]: Found mod coordinates from lists: []
[01Feb2026 06:53:51.742] [main/DEBUG] [net.minecraftforge.fml.loading.moddiscovery.ModDiscoverer/CORE]: Found Mod Locators : (mods folder:null),(maven libs:null),(exploded directory:null),(minecraft:null),(userdev classpath:null)
[01Feb2026 06:53:51.743] [main/DEBUG] [net.minecraftforge.fml.loading.moddiscovery.ModDiscoverer/CORE]: Found Dependency Locators : (JarInJar:null)
[01Feb2026 06:53:51.751] [main/DEBUG] [net.minecraftforge.fml.loading.moddiscovery.ModFileParser/LOADING]: Considering mod file candidate /workspaces/test-aja/mods/almanac-1.20.x-forge-1.0.2.jar
[01Feb2026 06:53:51.790] [main/DEBUG] [net.minecraftforge.fml.loading.moddiscovery.ModFileInfo/LOADING]: Found valid mod file almanac-1.20.x-forge-1.0.2.jar with {almanac} mods - versions {1.0.2}
[01Feb2026 06:53:51.791] [main/DEBUG] [net.minecraftforge.fml.loading.moddiscovery.ModFileParser/LOADING]: Considering mod file candidate /workspaces/test-aja/mods/appleskin-forge-mc1.20.1-2.5.1.jar
[01Feb2026 06:53:51.794] [main/DEBUG] [net.minecraftforge.fml.loading.moddiscovery.ModFileInfo/LOADING]: Found valid mod file appleskin-forge-mc1.20.1-2.5.1.jar with {appleskin} mods - versions {2.5.1+mc1.20.1}
[01Feb2026 06:53:51.795] [main/DEBUG] [net.minecraftforge.fml.loading.moddiscovery.ModFileParser/LOADING]: Considering mod file candidate /workspaces/test-aja/mods/architectury-9.2.14-forge.jar
[01Feb2026 06:53:51.796] [main/DEBUG] [net.minecraftforge.fml.loading.moddiscovery.ModFileInfo/LOADING]: Found valid mod file architectury-9.2.14-forge.jar with {architectury} mods - versions {9.2.14}
[01Feb2026 06:53:51.797] [main/DEBUG] [net.minecraftforge.fml.loading.moddiscovery.ModFileParser/LOADING]: Considering mod file candidate /workspaces/test-aja/mods/automobility-0.4.2+1.20.1-forge.jar
[01Feb2026 06:53:51.798] [main/DEBUG] [net.minecraftforge.fml.loading.moddiscovery.ModFileInfo/LOADING]: Found valid mod file automobility-0.4.2+1.20.1-forge.jar with {automobility} mods - versions {0.4.2+1.20.1-forge}
[01Feb2026 06:53:51.799] [main/DEBUG] [net.minecraftforge.fml.loading.moddiscovery.ModFileParser/LOADING]: Considering mod file candidate /workspaces/test-aja/mods/balm-forge-1.20.1-7.3.38-all.jar
[01Feb2026 06:53:51.801] [main/DEBUG] [net.minecraftforge.fml.loading.moddiscovery.ModFileInfo/LOADING]: Found valid mod file balm-forge-1.20.1-7.3.38-all.jar with {balm} mods - versions {7.3.38}
[01Feb2026 06:53:51.801] [main/DEBUG] [net.minecraftforge.fml.loading.moddiscovery.ModFileParser/LOADING]: Considering mod file candidate /workspaces/test-aja/mods/carryon-forge-1.20.1-2.1.2.7.jar
[01Feb2026 06:53:51.802] [main/DEBUG] [net.minecraftforge.fml.loading.moddiscovery.ModFileInfo/LOADING]: Found valid mod file carryon-forge-1.20.1-2.1.2.7.jar with {carryon} mods - versions {2.1.2.7}
[01Feb2026 06:53:51.803] [main/DEBUG] [net.minecraftforge.fml.loading.moddiscovery.ModFileParser/LOADING]: Considering mod file candidate /workspaces/test-aja/mods/chovys_apocalypse_mod-1.9.jar
[01Feb2026 06:53:51.805] [main/DEBUG] [net.minecraftforge.fml.loading.moddiscovery.ModFileInfo/LOADING]: Found valid mod file chovys_apocalypse_mod-1.9.jar with {chovys_apocalypse_mod} mods - versions {1.9}
[01Feb2026 06:53:51.805] [main/DEBUG] [net.minecraftforge.fml.loading.moddiscovery.ModFileParser/LOADING]: Considering mod file candidate /workspaces/test-aja/mods/Chunky-1.3.146.jar
[01Feb2026 06:53:51.806] [main/DEBUG] [net.minecraftforge.fml.loading.moddiscovery.ModFileInfo/LOADING]: Found valid mod file Chunky-1.3.146.jar with {chunky} mods - versions {1.3.146}
[01Feb2026 06:53:51.807] [main/DEBUG] [net.minecraftforge.fml.loading.moddiscovery.ModFileParser/LOADING]: Considering mod file candidate /workspaces/test-aja/mods/Clumps-forge-1.20.1-12.0.0.4.jar
[01Feb2026 06:53:51.808] [main/DEBUG] [net.minecraftforge.fml.loading.moddiscovery.ModFileInfo/LOADING]: Found valid mod file Clumps-forge-1.20.1-12.0.0.4.jar with {clumps} mods - versions {12.0.0.4}
[01Feb2026 06:53:51.809] [main/DEBUG] [net.minecraftforge.fml.loading.moddiscovery.ModFileParser/LOADING]: Considering mod file candidate /workspaces/test-aja/mods/collective-1.20.1-8.13.jar
[01Feb2026 06:53:51.809] [main/DEBUG] [net.minecraftforge.fml.loading.moddiscovery.ModFileInfo/LOADING]: Found valid mod file collective-1.20.1-8.13.jar with {collective} mods - versions {8.13}
[01Feb2026 06:53:51.810] [main/DEBUG] [net.minecraftforge.fml.loading.moddiscovery.ModFileParser/LOADING]: Considering mod file candidate /workspaces/test-aja/mods/curios-forge-5.14.1+1.20.1.jar
[01Feb2026 06:53:51.812] [main/DEBUG] [net.minecraftforge.fml.loading.moddiscovery.ModFileInfo/LOADING]: Found valid mod file curios-forge-5.14.1+1.20.1.jar with {curios} mods - versions {5.14.1+1.20.1}
[01Feb2026 06:53:51.812] [main/DEBUG] [net.minecraftforge.fml.loading.moddiscovery.ModFileParser/LOADING]: Considering mod file candidate /workspaces/test-aja/mods/doubledoors-1.20.1-7.2.jar
[01Feb2026 06:53:51.813] [main/DEBUG] [net.minecraftforge.fml.loading.moddiscovery.ModFileInfo/LOADING]: Found valid mod file doubledoors-1.20.1-7.2.jar with {doubledoors} mods - versions {7.2}
[01Feb2026 06:53:51.814] [main/DEBUG] [net.minecraftforge.fml.loading.moddiscovery.ModFileParser/LOADING]: Considering mod file candidate /workspaces/test-aja/mods/dynamiclights-v1.9-mc1.17-1.21.9-mod.jar
[01Feb2026 06:53:51.815] [main/DEBUG] [net.minecraftforge.fml.loading.moddiscovery.ModFileInfo/LOADING]: Found valid mod file dynamiclights-v1.9-mc1.17-1.21.9-mod.jar with {dynamiclights} mods - versions {1.9+mod}
[01Feb2026 06:53:51.819] [main/DEBUG] [net.minecraftforge.fml.loading.moddiscovery.ModFileParser/LOADING]: Considering mod file candidate /workspaces/test-aja/mods/FallingTree-1.20.1-4.3.4.jar
[01Feb2026 06:53:51.820] [main/DEBUG] [net.minecraftforge.fml.loading.moddiscovery.ModFileInfo/LOADING]: Found valid mod file FallingTree-1.20.1-4.3.4.jar with {fallingtree} mods - versions {4.3.4}
[01Feb2026 06:53:51.824] [main/DEBUG] [net.minecraftforge.fml.loading.moddiscovery.ModFileParser/LOADING]: Considering mod file candidate /workspaces/test-aja/mods/ferritecore-6.0.1-forge.jar
[01Feb2026 06:53:51.825] [main/DEBUG] [net.minecraftforge.fml.loading.moddiscovery.ModFileInfo/LOADING]: Found valid mod file ferritecore-6.0.1-forge.jar with {ferritecore} mods - versions {6.0.1}
[01Feb2026 06:53:51.826] [main/DEBUG] [net.minecraftforge.fml.loading.moddiscovery.ModFileParser/LOADING]: Considering mod file candidate /workspaces/test-aja/mods/geckolib-forge-1.20.1-4.8.2.jar
[01Feb2026 06:53:51.827] [main/DEBUG] [net.minecraftforge.fml.loading.moddiscovery.ModFileInfo/LOADING]: Found valid mod file geckolib-forge-1.20.1-4.8.2.jar with {geckolib} mods - versions {4.8.2}
[01Feb2026 06:53:51.829] [main/DEBUG] [net.minecraftforge.fml.loading.moddiscovery.ModFileParser/LOADING]: Considering mod file candidate /workspaces/test-aja/mods/Infectious-forge-1.20.1-1.7.jar
[01Feb2026 06:53:51.830] [main/DEBUG] [net.minecraftforge.fml.loading.moddiscovery.ModFileInfo/LOADING]: Found valid mod file Infectious-forge-1.20.1-1.7.jar with {infectious} mods - versions {1.0.0}
[01Feb2026 06:53:51.831] [main/DEBUG] [net.minecraftforge.fml.loading.moddiscovery.ModFileParser/LOADING]: Considering mod file candidate /workspaces/test-aja/mods/InventoryProfilesNext-forge-1.20-1.10.19.jar
[01Feb2026 06:53:51.833] [main/DEBUG] [net.minecraftforge.fml.loading.moddiscovery.ModFileInfo/LOADING]: Found valid mod file InventoryProfilesNext-forge-1.20-1.10.19.jar with {inventoryprofilesnext} mods - versions {1.10.19}
[01Feb2026 06:53:51.833] [main/DEBUG] [net.minecraftforge.fml.loading.moddiscovery.ModFileParser/LOADING]: Considering mod file candidate /workspaces/test-aja/mods/Jade-1.20.1-Forge-11.13.2.jar
[01Feb2026 06:53:51.834] [main/DEBUG] [net.minecraftforge.fml.loading.moddiscovery.ModFileInfo/LOADING]: Found valid mod file Jade-1.20.1-Forge-11.13.2.jar with {jade} mods - versions {11.13.2+forge}
[01Feb2026 06:53:51.835] [main/DEBUG] [net.minecraftforge.fml.loading.moddiscovery.ModFileParser/LOADING]: Considering mod file candidate /workspaces/test-aja/mods/JadeAddons-1.20.1-Forge-5.5.0.jar
[01Feb2026 06:53:51.835] [main/DEBUG] [net.minecraftforge.fml.loading.moddiscovery.ModFileInfo/LOADING]: Found valid mod file JadeAddons-1.20.1-Forge-5.5.0.jar with {jadeaddons} mods - versions {5.5.0+forge}
[01Feb2026 06:53:51.837] [main/DEBUG] [net.minecraftforge.fml.loading.moddiscovery.ModFileParser/LOADING]: Considering mod file candidate /workspaces/test-aja/mods/jei-1.20.1-forge-15.20.0.129.jar
[01Feb2026 06:53:51.837] [main/DEBUG] [net.minecraftforge.fml.loading.moddiscovery.ModFileInfo/LOADING]: Found valid mod file jei-1.20.1-forge-15.20.0.129.jar with {jei} mods - versions {15.20.0.129}
[01Feb2026 06:53:51.892] [main/DEBUG] [net.minecraftforge.fml.loading.moddiscovery.ModFileParser/LOADING]: Considering mod file candidate /workspaces/test-aja/mods/libIPN-forge-1.20-4.0.2.jar
[01Feb2026 06:53:51.893] [main/DEBUG] [net.minecraftforge.fml.loading.moddiscovery.ModFileInfo/LOADING]: Found valid mod file libIPN-forge-1.20-4.0.2.jar with {libipn} mods - versions {4.0.2}
[01Feb2026 06:53:51.894] [main/DEBUG] [net.minecraftforge.fml.loading.moddiscovery.ModFileParser/LOADING]: Considering mod file candidate /workspaces/test-aja/mods/lostcities-1.20-7.4.11.jar
[01Feb2026 06:53:51.895] [main/DEBUG] [net.minecraftforge.fml.loading.moddiscovery.ModFileInfo/LOADING]: Found valid mod file lostcities-1.20-7.4.11.jar with {lostcities} mods - versions {1.20-7.4.11}
[01Feb2026 06:53:51.896] [main/DEBUG] [net.minecraftforge.fml.loading.moddiscovery.ModFileParser/LOADING]: Considering mod file candidate /workspaces/test-aja/mods/memoryleakfix-forge-1.17+-1.1.5.jar
[01Feb2026 06:53:51.897] [main/DEBUG] [net.minecraftforge.fml.loading.moddiscovery.ModFileInfo/LOADING]: Found valid mod file memoryleakfix-forge-1.17+-1.1.5.jar with {memoryleakfix} mods - versions {1.1.5}
[01Feb2026 06:53:51.898] [main/DEBUG] [net.minecraftforge.fml.loading.moddiscovery.ModFileParser/LOADING]: Considering mod file candidate /workspaces/test-aja/mods/midnightlib-forge-1.9.2+1.20.1.jar
[01Feb2026 06:53:51.898] [main/DEBUG] [net.minecraftforge.fml.loading.moddiscovery.ModFileInfo/LOADING]: Found valid mod file midnightlib-forge-1.9.2+1.20.1.jar with {midnightlib} mods - versions {1.9.2}
[01Feb2026 06:53:51.899] [main/DEBUG] [net.minecraftforge.fml.loading.moddiscovery.ModFileParser/LOADING]: Considering mod file candidate /workspaces/test-aja/mods/MutantsZombies-1.3.2-Forge-mc1.20.1.jar
[01Feb2026 06:53:51.900] [main/DEBUG] [net.minecraftforge.fml.loading.moddiscovery.ModFileInfo/LOADING]: Found valid mod file MutantsZombies-1.3.2-Forge-mc1.20.1.jar with {mutantszombies} mods - versions {1.3.2-Forge-mc1.20.1}
[01Feb2026 06:53:51.901] [main/DEBUG] [net.minecraftforge.fml.loading.moddiscovery.ModFileParser/LOADING]: Considering mod file candidate /workspaces/test-aja/mods/NoChatReports-FORGE-1.20.1-v2.2.2.jar
[01Feb2026 06:53:51.903] [main/DEBUG] [net.minecraftforge.fml.loading.moddiscovery.ModFileInfo/LOADING]: Found valid mod file NoChatReports-FORGE-1.20.1-v2.2.2.jar with {nochatreports} mods - versions {1.20.1-v2.2.2}
[01Feb2026 06:53:51.904] [main/DEBUG] [net.minecraftforge.fml.loading.moddiscovery.ModFileParser/LOADING]: Considering mod file candidate /workspaces/test-aja/mods/open-parties-and-claims-forge-1.20.1-0.25.8.jar
[01Feb2026 06:53:51.905] [main/DEBUG] [net.minecraftforge.fml.loading.moddiscovery.ModFileInfo/LOADING]: Found valid mod file open-parties-and-claims-forge-1.20.1-0.25.8.jar with {openpartiesandclaims} mods - versions {0.25.8}
[01Feb2026 06:53:51.906] [main/DEBUG] [net.minecraftforge.fml.loading.moddiscovery.ModFileParser/LOADING]: Considering mod file candidate /workspaces/test-aja/mods/Platform-forge-1.20.1-1.2.11.3.jar
[01Feb2026 06:53:51.907] [main/DEBUG] [net.minecraftforge.fml.loading.moddiscovery.ModFileInfo/LOADING]: Found valid mod file Platform-forge-1.20.1-1.2.11.3.jar with {platform} mods - versions {1.2.11.3}
[01Feb2026 06:53:51.908] [main/DEBUG] [net.minecraftforge.fml.loading.moddiscovery.ModFileParser/LOADING]: Considering mod file candidate /workspaces/test-aja/mods/rottencreatures-forge-1.20.1-1.1.0.jar
[01Feb2026 06:53:51.908] [main/DEBUG] [net.minecraftforge.fml.loading.moddiscovery.ModFileInfo/LOADING]: Found valid mod file rottencreatures-forge-1.20.1-1.1.0.jar with {rottencreatures} mods - versions {1.1.0}
[01Feb2026 06:53:51.909] [main/DEBUG] [net.minecraftforge.fml.loading.moddiscovery.ModFileParser/LOADING]: Considering mod file candidate /workspaces/test-aja/mods/rrls-4.0.6.1+mc1.20.1-forge.jar
[01Feb2026 06:53:51.910] [main/DEBUG] [net.minecraftforge.fml.loading.moddiscovery.ModFileInfo/LOADING]: Found valid mod file rrls-4.0.6.1+mc1.20.1-forge.jar with {rrls} mods - versions {4.0.6.1+mc1.20.1-forge}
[01Feb2026 06:53:51.910] [main/DEBUG] [net.minecraftforge.fml.loading.moddiscovery.ModFileParser/LOADING]: Considering mod file candidate /workspaces/test-aja/mods/simply_traps-1.7-forge-1.20.1.jar
[01Feb2026 06:53:51.911] [main/DEBUG] [net.minecraftforge.fml.loading.moddiscovery.ModFileInfo/LOADING]: Found valid mod file simply_traps-1.7-forge-1.20.1.jar with {simply_traps} mods - versions {1.7}
[01Feb2026 06:53:51.911] [main/DEBUG] [net.minecraftforge.fml.loading.moddiscovery.ModFileParser/LOADING]: Considering mod file candidate /workspaces/test-aja/mods/sit-1.20.1-1.3.5.jar
[01Feb2026 06:53:51.912] [main/DEBUG] [net.minecraftforge.fml.loading.moddiscovery.ModFileInfo/LOADING]: Found valid mod file sit-1.20.1-1.3.5.jar with {sit} mods - versions {1.3.5}
[01Feb2026 06:53:51.912] [main/DEBUG] [net.minecraftforge.fml.loading.moddiscovery.ModFileParser/LOADING]: Considering mod file candidate /workspaces/test-aja/mods/skinrestorer-2.5.0+1.20-forge.jar
[01Feb2026 06:53:51.913] [main/DEBUG] [net.minecraftforge.fml.loading.moddiscovery.ModFileInfo/LOADING]: Found valid mod file skinrestorer-2.5.0+1.20-forge.jar with {skinrestorer} mods - versions {2.5.0+1.20-forge}
[01Feb2026 06:53:51.913] [main/DEBUG] [net.minecraftforge.fml.loading.moddiscovery.ModFileParser/LOADING]: Considering mod file candidate /workspaces/test-aja/mods/Sona-1.20.1-forge-1.4.2.jar
[01Feb2026 06:53:51.914] [main/DEBUG] [net.minecraftforge.fml.loading.moddiscovery.ModFileInfo/LOADING]: Found valid mod file Sona-1.20.1-forge-1.4.2.jar with {sona} mods - versions {1.4.2}
[01Feb2026 06:53:51.915] [main/DEBUG] [net.minecraftforge.fml.loading.moddiscovery.ModFileParser/LOADING]: Considering mod file candidate /workspaces/test-aja/mods/sophisticatedbackpacks-1.20.1-3.24.20.1500.jar
[01Feb2026 06:53:51.916] [main/DEBUG] [net.minecraftforge.fml.loading.moddiscovery.ModFileInfo/LOADING]: Found valid mod file sophisticatedbackpacks-1.20.1-3.24.20.1500.jar with {sophisticatedbackpacks} mods - versions {3.24.20.1500}
[01Feb2026 06:53:51.917] [main/DEBUG] [net.minecraftforge.fml.loading.moddiscovery.ModFileParser/LOADING]: Considering mod file candidate /workspaces/test-aja/mods/sophisticatedcore-1.20.1-1.3.0.1439.jar
[01Feb2026 06:53:51.918] [main/DEBUG] [net.minecraftforge.fml.loading.moddiscovery.ModFileInfo/LOADING]: Found valid mod file sophisticatedcore-1.20.1-1.3.0.1439.jar with {sophisticatedcore} mods - versions {1.3.0.1439}
[01Feb2026 06:53:51.921] [main/DEBUG] [net.minecraftforge.fml.loading.moddiscovery.ModFileParser/LOADING]: Considering mod file candidate /workspaces/test-aja/mods/superbwarfare-1.20.1-0.8.8-final-6a6b54795.jar
[01Feb2026 06:53:51.922] [main/DEBUG] [net.minecraftforge.fml.loading.moddiscovery.ModFileInfo/LOADING]: Found valid mod file superbwarfare-1.20.1-0.8.8-final-6a6b54795.jar with {superbwarfare} mods - versions {0.8.8}
[01Feb2026 06:53:51.926] [main/DEBUG] [net.minecraftforge.fml.loading.moddiscovery.ModFileParser/LOADING]: Considering mod file candidate /workspaces/test-aja/mods/tacz-1.20.1-1.1.7-hotfix.jar
[01Feb2026 06:53:51.927] [main/DEBUG] [net.minecraftforge.fml.loading.moddiscovery.ModFileInfo/LOADING]: Found valid mod file tacz-1.20.1-1.1.7-hotfix.jar with {tacz} mods - versions {1.1.7-hotfix}
[01Feb2026 06:53:51.927] [main/DEBUG] [net.minecraftforge.fml.loading.moddiscovery.ModFileParser/LOADING]: Considering mod file candidate /workspaces/test-aja/mods/UndeadNights-2.1.0-Forge-mc1.20.1.jar
[01Feb2026 06:53:51.928] [main/DEBUG] [net.minecraftforge.fml.loading.moddiscovery.ModFileInfo/LOADING]: Found valid mod file UndeadNights-2.1.0-Forge-mc1.20.1.jar with {undeadnights} mods - versions {2.1.0-Forge-mc1.20.1}
[01Feb2026 06:53:51.928] [main/DEBUG] [net.minecraftforge.fml.loading.moddiscovery.ModFileParser/LOADING]: Considering mod file candidate /workspaces/test-aja/mods/UndergroundBunkers-1.0.5-1.20.x-forge.jar
[01Feb2026 06:53:51.929] [main/DEBUG] [net.minecraftforge.fml.loading.moddiscovery.ModFileInfo/LOADING]: Found valid mod file UndergroundBunkers-1.0.5-1.20.x-forge.jar with {underground_bunkers} mods - versions {1.0.5}
[01Feb2026 06:53:51.929] [main/DEBUG] [net.minecraftforge.fml.loading.moddiscovery.ModFileParser/LOADING]: Considering mod file candidate /workspaces/test-aja/mods/veinminer-1.1.0.jar
[01Feb2026 06:53:51.930] [main/DEBUG] [net.minecraftforge.fml.loading.moddiscovery.ModFileInfo/LOADING]: Found valid mod file veinminer-1.1.0.jar with {mr_veinminer} mods - versions {1.1.0}
[01Feb2026 06:53:51.930] [main/DEBUG] [net.minecraftforge.fml.loading.moddiscovery.ModFileParser/LOADING]: Considering mod file candidate /workspaces/test-aja/mods/waystones-forge-1.20.1-14.1.18.jar
[01Feb2026 06:53:51.931] [main/DEBUG] [net.minecraftforge.fml.loading.moddiscovery.ModFileInfo/LOADING]: Found valid mod file waystones-forge-1.20.1-14.1.18.jar with {waystones} mods - versions {14.1.18}
[01Feb2026 06:53:51.932] [main/DEBUG] [net.minecraftforge.fml.loading.moddiscovery.ModFileParser/LOADING]: Considering mod file candidate /workspaces/test-aja/mods/xaerominimap-forge-1.20.1-25.3.5.jar
[01Feb2026 06:53:51.932] [main/DEBUG] [net.minecraftforge.fml.loading.moddiscovery.ModFileInfo/LOADING]: Found valid mod file xaerominimap-forge-1.20.1-25.3.5.jar with {xaerominimap} mods - versions {25.3.5}
[01Feb2026 06:53:51.933] [main/DEBUG] [net.minecraftforge.fml.loading.moddiscovery.ModFileParser/LOADING]: Considering mod file candidate /workspaces/test-aja/mods/xaeroworldmap-forge-1.20.1-1.40.6.jar
[01Feb2026 06:53:51.934] [main/DEBUG] [net.minecraftforge.fml.loading.moddiscovery.ModFileInfo/LOADING]: Found valid mod file xaeroworldmap-forge-1.20.1-1.40.6.jar with {xaeroworldmap} mods - versions {1.40.6}
[01Feb2026 06:53:51.935] [main/DEBUG] [net.minecraftforge.fml.loading.moddiscovery.ModFileParser/LOADING]: Considering mod file candidate /workspaces/test-aja/mods/Zombie Survival Kit-1.20.1-forge-2.1.8.jar
[01Feb2026 06:53:51.936] [main/DEBUG] [net.minecraftforge.fml.loading.moddiscovery.ModFileInfo/LOADING]: Found valid mod file Zombie Survival Kit-1.20.1-forge-2.1.8.jar with {zombiekit} mods - versions {2.1.8}
[01Feb2026 06:53:51.936] [main/DEBUG] [net.minecraftforge.fml.loading.moddiscovery.ModFileParser/LOADING]: Considering mod file candidate /workspaces/test-aja/mods/zombie_variants-forge-1.0.3-1.20.1.jar
[01Feb2026 06:53:51.937] [main/DEBUG] [net.minecraftforge.fml.loading.moddiscovery.ModFileInfo/LOADING]: Found valid mod file zombie_variants-forge-1.0.3-1.20.1.jar with {zombie_variants} mods - versions {1.0.3}
[01Feb2026 06:53:52.044] [main/DEBUG] [net.minecraftforge.fml.loading.moddiscovery.ModFileInfo/LOADING]: Found valid mod file server-1.20.1-20230612.114412-srg.jar with {minecraft} mods - versions {1.20.1}
[01Feb2026 06:53:52.047] [main/DEBUG] [net.minecraftforge.fml.loading.moddiscovery.ModFileParser/LOADING]: Considering mod file candidate /workspaces/test-aja/libraries/net/minecraftforge/fmlcore/1.20.1-47.4.10/fmlcore-1.20.1-47.4.10.jar
[01Feb2026 06:53:52.047] [main/WARN] [net.minecraftforge.fml.loading.moddiscovery.ModFileParser/LOADING]: Mod file /workspaces/test-aja/libraries/net/minecraftforge/fmlcore/1.20.1-47.4.10/fmlcore-1.20.1-47.4.10.jar is missing mods.toml file
[01Feb2026 06:53:52.048] [main/DEBUG] [net.minecraftforge.fml.loading.moddiscovery.ModFileParser/LOADING]: Considering mod file candidate /workspaces/test-aja/libraries/net/minecraftforge/javafmllanguage/1.20.1-47.4.10/javafmllanguage-1.20.1-47.4.10.jar
[01Feb2026 06:53:52.048] [main/WARN] [net.minecraftforge.fml.loading.moddiscovery.ModFileParser/LOADING]: Mod file /workspaces/test-aja/libraries/net/minecraftforge/javafmllanguage/1.20.1-47.4.10/javafmllanguage-1.20.1-47.4.10.jar is missing mods.toml file
[01Feb2026 06:53:52.049] [main/DEBUG] [net.minecraftforge.fml.loading.moddiscovery.ModFileParser/LOADING]: Considering mod file candidate /workspaces/test-aja/libraries/net/minecraftforge/lowcodelanguage/1.20.1-47.4.10/lowcodelanguage-1.20.1-47.4.10.jar
[01Feb2026 06:53:52.049] [main/WARN] [net.minecraftforge.fml.loading.moddiscovery.ModFileParser/LOADING]: Mod file /workspaces/test-aja/libraries/net/minecraftforge/lowcodelanguage/1.20.1-47.4.10/lowcodelanguage-1.20.1-47.4.10.jar is missing mods.toml file
[01Feb2026 06:53:52.050] [main/DEBUG] [net.minecraftforge.fml.loading.moddiscovery.ModFileParser/LOADING]: Considering mod file candidate /workspaces/test-aja/libraries/net/minecraftforge/mclanguage/1.20.1-47.4.10/mclanguage-1.20.1-47.4.10.jar
[01Feb2026 06:53:52.050] [main/WARN] [net.minecraftforge.fml.loading.moddiscovery.ModFileParser/LOADING]: Mod file /workspaces/test-aja/libraries/net/minecraftforge/mclanguage/1.20.1-47.4.10/mclanguage-1.20.1-47.4.10.jar is missing mods.toml file
[01Feb2026 06:53:52.085] [main/DEBUG] [net.minecraftforge.fml.loading.moddiscovery.ModFileParser/LOADING]: Considering mod file candidate /workspaces/test-aja/libraries/net/minecraftforge/forge/1.20.1-47.4.10/forge-1.20.1-47.4.10-universal.jar
[01Feb2026 06:53:52.086] [main/DEBUG] [net.minecraftforge.fml.loading.moddiscovery.ModFileInfo/LOADING]: Found valid mod file forge-1.20.1-47.4.10-universal.jar with {forge} mods - versions {47.4.10}
[01Feb2026 06:53:52.100] [main/DEBUG] [net.minecraftforge.fml.loading.moddiscovery.AbstractJarFileDependencyLocator/]: Failed to load resource META-INF/jarjar/metadata.json from doubledoors-1.20.1-7.2.jar, it does not contain dependency information.
[01Feb2026 06:53:52.100] [main/DEBUG] [net.minecraftforge.fml.loading.moddiscovery.AbstractJarFileDependencyLocator/]: Failed to load resource META-INF/jarjar/metadata.json from almanac-1.20.x-forge-1.0.2.jar, it does not contain dependency information.
[01Feb2026 06:53:52.100] [main/DEBUG] [net.minecraftforge.fml.loading.moddiscovery.AbstractJarFileDependencyLocator/]: Failed to load resource META-INF/jarjar/metadata.json from Zombie Survival Kit-1.20.1-forge-2.1.8.jar, it does not contain dependency information.
[01Feb2026 06:53:52.101] [main/DEBUG] [net.minecraftforge.fml.loading.moddiscovery.AbstractJarFileDependencyLocator/]: Failed to load resource META-INF/jarjar/metadata.json from open-parties-and-claims-forge-1.20.1-0.25.8.jar, it does not contain dependency information.
[01Feb2026 06:53:52.101] [main/DEBUG] [net.minecraftforge.fml.loading.moddiscovery.AbstractJarFileDependencyLocator/]: Failed to load resource META-INF/jarjar/metadata.json from UndeadNights-2.1.0-Forge-mc1.20.1.jar, it does not contain dependency information.
[01Feb2026 06:53:52.101] [main/DEBUG] [net.minecraftforge.fml.loading.moddiscovery.AbstractJarFileDependencyLocator/]: Failed to load resource META-INF/jarjar/metadata.json from jei-1.20.1-forge-15.20.0.129.jar, it does not contain dependency information.
[01Feb2026 06:53:52.101] [main/DEBUG] [net.minecraftforge.fml.loading.moddiscovery.AbstractJarFileDependencyLocator/]: Failed to load resource META-INF/jarjar/metadata.json from dynamiclights-v1.9-mc1.17-1.21.9-mod.jar, it does not contain dependency information.
[01Feb2026 06:53:52.101] [main/DEBUG] [net.minecraftforge.fml.loading.moddiscovery.AbstractJarFileDependencyLocator/]: Failed to load resource META-INF/jarjar/metadata.json from sophisticatedcore-1.20.1-1.3.0.1439.jar, it does not contain dependency information.
[01Feb2026 06:53:52.101] [main/DEBUG] [net.minecraftforge.fml.loading.moddiscovery.AbstractJarFileDependencyLocator/]: Failed to load resource META-INF/jarjar/metadata.json from UndergroundBunkers-1.0.5-1.20.x-forge.jar, it does not contain dependency information.
[01Feb2026 06:53:52.101] [main/DEBUG] [net.minecraftforge.fml.loading.moddiscovery.AbstractJarFileDependencyLocator/]: Failed to load resource META-INF/jarjar/metadata.json from waystones-forge-1.20.1-14.1.18.jar, it does not contain dependency information.
[01Feb2026 06:53:52.102] [main/DEBUG] [net.minecraftforge.fml.loading.moddiscovery.AbstractJarFileDependencyLocator/]: Failed to load resource META-INF/jarjar/metadata.json from Clumps-forge-1.20.1-12.0.0.4.jar, it does not contain dependency information.
[01Feb2026 06:53:52.102] [main/DEBUG] [net.minecraftforge.fml.loading.moddiscovery.AbstractJarFileDependencyLocator/]: Failed to load resource META-INF/jarjar/metadata.json from veinminer-1.1.0.jar, it does not contain dependency information.
[01Feb2026 06:53:52.102] [main/DEBUG] [net.minecraftforge.fml.loading.moddiscovery.AbstractJarFileDependencyLocator/]: Failed to load resource META-INF/jarjar/metadata.json from sophisticatedbackpacks-1.20.1-3.24.20.1500.jar, it does not contain dependency information.
[01Feb2026 06:53:52.102] [main/DEBUG] [net.minecraftforge.fml.loading.moddiscovery.AbstractJarFileDependencyLocator/]: Failed to load resource META-INF/jarjar/metadata.json from midnightlib-forge-1.9.2+1.20.1.jar, it does not contain dependency information.
[01Feb2026 06:53:52.102] [main/DEBUG] [net.minecraftforge.fml.loading.moddiscovery.AbstractJarFileDependencyLocator/]: Failed to load resource META-INF/jarjar/metadata.json from MutantsZombies-1.3.2-Forge-mc1.20.1.jar, it does not contain dependency information.
[01Feb2026 06:53:52.102] [main/DEBUG] [net.minecraftforge.fml.loading.moddiscovery.AbstractJarFileDependencyLocator/]: Failed to load resource META-INF/jarjar/metadata.json from superbwarfare-1.20.1-0.8.8-final-6a6b54795.jar, it does not contain dependency information.
[01Feb2026 06:53:52.103] [main/DEBUG] [net.minecraftforge.fml.loading.moddiscovery.AbstractJarFileDependencyLocator/]: Failed to load resource META-INF/jarjar/metadata.json from memoryleakfix-forge-1.17+-1.1.5.jar, it does not contain dependency information.
[01Feb2026 06:53:52.103] [main/DEBUG] [net.minecraftforge.fml.loading.moddiscovery.AbstractJarFileDependencyLocator/]: Failed to load resource META-INF/jarjar/metadata.json from forge-1.20.1-47.4.10-universal.jar, it does not contain dependency information.
[01Feb2026 06:53:52.103] [main/DEBUG] [net.minecraftforge.fml.loading.moddiscovery.AbstractJarFileDependencyLocator/]: Failed to load resource META-INF/jarjar/metadata.json from chovys_apocalypse_mod-1.9.jar, it does not contain dependency information.
[01Feb2026 06:53:52.103] [main/DEBUG] [net.minecraftforge.fml.loading.moddiscovery.AbstractJarFileDependencyLocator/]: Failed to load resource META-INF/jarjar/metadata.json from server-1.20.1-20230612.114412-srg.jar, it does not contain dependency information.
[01Feb2026 06:53:52.104] [main/DEBUG] [net.minecraftforge.fml.loading.moddiscovery.AbstractJarFileDependencyLocator/]: Failed to load resource META-INF/jarjar/metadata.json from Infectious-forge-1.20.1-1.7.jar, it does not contain dependency information.
[01Feb2026 06:53:52.104] [main/DEBUG] [net.minecraftforge.fml.loading.moddiscovery.AbstractJarFileDependencyLocator/]: Failed to load resource META-INF/jarjar/metadata.json from libIPN-forge-1.20-4.0.2.jar, it does not contain dependency information.
[01Feb2026 06:53:52.104] [main/DEBUG] [net.minecraftforge.fml.loading.moddiscovery.AbstractJarFileDependencyLocator/]: Failed to load resource META-INF/jarjar/metadata.json from NoChatReports-FORGE-1.20.1-v2.2.2.jar, it does not contain dependency information.
[01Feb2026 06:53:52.104] [main/DEBUG] [net.minecraftforge.fml.loading.moddiscovery.AbstractJarFileDependencyLocator/]: Failed to load resource META-INF/jarjar/metadata.json from Jade-1.20.1-Forge-11.13.2.jar, it does not contain dependency information.
[01Feb2026 06:53:52.104] [main/DEBUG] [net.minecraftforge.fml.loading.moddiscovery.AbstractJarFileDependencyLocator/]: Failed to load resource META-INF/jarjar/metadata.json from Chunky-1.3.146.jar, it does not contain dependency information.
[01Feb2026 06:53:52.104] [main/DEBUG] [net.minecraftforge.fml.loading.moddiscovery.AbstractJarFileDependencyLocator/]: Failed to load resource META-INF/jarjar/metadata.json from Platform-forge-1.20.1-1.2.11.3.jar, it does not contain dependency information.
[01Feb2026 06:53:52.104] [main/DEBUG] [net.minecraftforge.fml.loading.moddiscovery.AbstractJarFileDependencyLocator/]: Failed to load resource META-INF/jarjar/metadata.json from rottencreatures-forge-1.20.1-1.1.0.jar, it does not contain dependency information.
[01Feb2026 06:53:52.104] [main/DEBUG] [net.minecraftforge.fml.loading.moddiscovery.AbstractJarFileDependencyLocator/]: Failed to load resource META-INF/jarjar/metadata.json from curios-forge-5.14.1+1.20.1.jar, it does not contain dependency information.
[01Feb2026 06:53:52.105] [main/DEBUG] [net.minecraftforge.fml.loading.moddiscovery.AbstractJarFileDependencyLocator/]: Failed to load resource META-INF/jarjar/metadata.json from collective-1.20.1-8.13.jar, it does not contain dependency information.
[01Feb2026 06:53:52.105] [main/DEBUG] [net.minecraftforge.fml.loading.moddiscovery.AbstractJarFileDependencyLocator/]: Failed to load resource META-INF/jarjar/metadata.json from sit-1.20.1-1.3.5.jar, it does not contain dependency information.
[01Feb2026 06:53:52.105] [main/DEBUG] [net.minecraftforge.fml.loading.moddiscovery.AbstractJarFileDependencyLocator/]: Failed to load resource META-INF/jarjar/metadata.json from lostcities-1.20-7.4.11.jar, it does not contain dependency information.
[01Feb2026 06:53:52.105] [main/DEBUG] [net.minecraftforge.fml.loading.moddiscovery.AbstractJarFileDependencyLocator/]: Failed to load resource META-INF/jarjar/metadata.json from InventoryProfilesNext-forge-1.20-1.10.19.jar, it does not contain dependency information.
[01Feb2026 06:53:52.105] [main/DEBUG] [net.minecraftforge.fml.loading.moddiscovery.AbstractJarFileDependencyLocator/]: Failed to load resource META-INF/jarjar/metadata.json from automobility-0.4.2+1.20.1-forge.jar, it does not contain dependency information.
[01Feb2026 06:53:52.105] [main/DEBUG] [net.minecraftforge.fml.loading.moddiscovery.AbstractJarFileDependencyLocator/]: Failed to load resource META-INF/jarjar/metadata.json from architectury-9.2.14-forge.jar, it does not contain dependency information.
[01Feb2026 06:53:52.105] [main/DEBUG] [net.minecraftforge.fml.loading.moddiscovery.AbstractJarFileDependencyLocator/]: Failed to load resource META-INF/jarjar/metadata.json from appleskin-forge-mc1.20.1-2.5.1.jar, it does not contain dependency information.
[01Feb2026 06:53:52.105] [main/DEBUG] [net.minecraftforge.fml.loading.moddiscovery.AbstractJarFileDependencyLocator/]: Failed to load resource META-INF/jarjar/metadata.json from ferritecore-6.0.1-forge.jar, it does not contain dependency information.
[01Feb2026 06:53:52.106] [main/DEBUG] [net.minecraftforge.fml.loading.moddiscovery.AbstractJarFileDependencyLocator/]: Failed to load resource META-INF/jarjar/metadata.json from JadeAddons-1.20.1-Forge-5.5.0.jar, it does not contain dependency information.
[01Feb2026 06:53:52.106] [main/DEBUG] [net.minecraftforge.fml.loading.moddiscovery.AbstractJarFileDependencyLocator/]: Failed to load resource META-INF/jarjar/metadata.json from FallingTree-1.20.1-4.3.4.jar, it does not contain dependency information.
[01Feb2026 06:53:52.106] [main/DEBUG] [net.minecraftforge.fml.loading.moddiscovery.AbstractJarFileDependencyLocator/]: Failed to load resource META-INF/jarjar/metadata.json from simply_traps-1.7-forge-1.20.1.jar, it does not contain dependency information.
[01Feb2026 06:53:52.106] [main/DEBUG] [net.minecraftforge.fml.loading.moddiscovery.AbstractJarFileDependencyLocator/]: Failed to load resource META-INF/jarjar/metadata.json from mclanguage-1.20.1-47.4.10.jar, it does not contain dependency information.
[01Feb2026 06:53:52.106] [main/DEBUG] [net.minecraftforge.fml.loading.moddiscovery.AbstractJarFileDependencyLocator/]: Failed to load resource META-INF/jarjar/metadata.json from javafmllanguage-1.20.1-47.4.10.jar, it does not contain dependency information.
[01Feb2026 06:53:52.106] [main/DEBUG] [net.minecraftforge.fml.loading.moddiscovery.AbstractJarFileDependencyLocator/]: Failed to load resource META-INF/jarjar/metadata.json from fmlcore-1.20.1-47.4.10.jar, it does not contain dependency information.
[01Feb2026 06:53:52.106] [main/DEBUG] [net.minecraftforge.fml.loading.moddiscovery.AbstractJarFileDependencyLocator/]: Failed to load resource META-INF/jarjar/metadata.json from lowcodelanguage-1.20.1-47.4.10.jar, it does not contain dependency information.
[01Feb2026 06:53:52.168] [main/DEBUG] [net.minecraftforge.fml.loading.moddiscovery.ModFileParser/LOADING]: Considering mod file candidate 
[01Feb2026 06:53:52.168] [main/DEBUG] [net.minecraftforge.fml.loading.moddiscovery.ModFileInfo/LOADING]: Found valid mod file mixinextras-forge-0.4.1.jar with {mixinextras} mods - versions {0.4.1}
[01Feb2026 06:53:52.178] [main/DEBUG] [net.minecraftforge.fml.loading.moddiscovery.ModFileParser/LOADING]: Considering mod file candidate 
[01Feb2026 06:53:52.179] [main/DEBUG] [net.minecraftforge.fml.loading.moddiscovery.ModFileInfo/LOADING]: Found valid mod file xaerolib-forge-1.20.1-1.0.46.jar with {xaerolib} mods - versions {1.0.46}
[01Feb2026 06:53:52.180] [main/DEBUG] [net.minecraftforge.fml.loading.moddiscovery.ModFileParser/LOADING]: Considering mod file candidate 
[01Feb2026 06:53:52.181] [main/DEBUG] [net.minecraftforge.fml.loading.moddiscovery.ModFileInfo/LOADING]: Found valid mod file mixinextras-forge-0.2.0-beta.6.jar with {mixinextras} mods - versions {0.2.0-beta.6}
[01Feb2026 06:53:52.274] [main/DEBUG] [net.minecraftforge.fml.loading.moddiscovery.ModFileParser/LOADING]: Considering mod file candidate 
[01Feb2026 06:53:52.275] [main/DEBUG] [net.minecraftforge.fml.loading.moddiscovery.ModFileInfo/LOADING]: Found valid mod file mixinextras-forge-0.3.6.jar with {mixinextras} mods - versions {0.3.6}
[01Feb2026 06:53:52.277] [main/DEBUG] [net.minecraftforge.fml.loading.moddiscovery.ModFileParser/LOADING]: Considering mod file candidate 
[01Feb2026 06:53:52.278] [main/DEBUG] [net.minecraftforge.fml.loading.moddiscovery.ModFileInfo/LOADING]: Found valid mod file mixinextras-forge-0.4.1.jar with {mixinextras} mods - versions {0.4.1}
[01Feb2026 06:53:52.285] [main/DEBUG] [net.minecraftforge.fml.loading.moddiscovery.ModFileParser/LOADING]: Considering mod file candidate 
[01Feb2026 06:53:52.285] [main/DEBUG] [net.minecraftforge.fml.loading.moddiscovery.ModFileInfo/LOADING]: Found valid mod file mixinextras-forge-0.3.6.jar with {mixinextras} mods - versions {0.3.6}
[01Feb2026 06:53:52.287] [main/DEBUG] [net.minecraftforge.fml.loading.moddiscovery.ModFileParser/LOADING]: Considering mod file candidate 
[01Feb2026 06:53:52.287] [main/DEBUG] [net.minecraftforge.fml.loading.moddiscovery.ModFileInfo/LOADING]: Found valid mod file kuma-api-forge-20.1.12+1.20.1.jar with {kuma_api} mods - versions {20.1.12}
[01Feb2026 06:53:52.293] [main/DEBUG] [net.minecraftforge.fml.loading.moddiscovery.ModFileParser/LOADING]: Considering mod file candidate 
[01Feb2026 06:53:52.294] [main/DEBUG] [net.minecraftforge.fml.loading.moddiscovery.ModFileInfo/LOADING]: Found valid mod file kffmod-4.12.0.jar with {kotlinforforge} mods - versions {4.12.0}
[01Feb2026 06:53:52.310] [main/DEBUG] [net.minecraftforge.fml.loading.moddiscovery.ModFileParser/LOADING]: Considering mod file candidate 
[01Feb2026 06:53:52.311] [main/DEBUG] [net.minecraftforge.fml.loading.moddiscovery.ModFileInfo/LOADING]: Found valid mod file xaerolib-forge-1.20.1-1.0.45.jar with {xaerolib} mods - versions {1.0.45}
[01Feb2026 06:53:52.311] [main/DEBUG] [net.minecraftforge.fml.loading.moddiscovery.AbstractJarFileDependencyLocator/]: Failed to load resource META-INF/jarjar/metadata.json from mclib-20.jar, it does not contain dependency information.
[01Feb2026 06:53:52.317] [main/DEBUG] [net.minecraftforge.fml.loading.moddiscovery.AbstractJarFileDependencyLocator/]: Failed to load resource META-INF/jarjar/metadata.json from xaerolib-forge-1.20.1-1.0.46.jar, it does not contain dependency information.
[01Feb2026 06:53:52.321] [main/DEBUG] [net.minecraftforge.fml.loading.moddiscovery.AbstractJarFileDependencyLocator/]: Failed to load resource META-INF/jarjar/metadata.json from commons-math3-3.6.1.jar, it does not contain dependency information.
[01Feb2026 06:53:52.321] [main/DEBUG] [net.minecraftforge.fml.loading.moddiscovery.AbstractJarFileDependencyLocator/]: Failed to load resource META-INF/jarjar/metadata.json from luaj-core-3.0.8-figura.jar, it does not contain dependency information.
[01Feb2026 06:53:52.322] [main/DEBUG] [net.minecraftforge.fml.loading.moddiscovery.AbstractJarFileDependencyLocator/]: Failed to load resource META-INF/jarjar/metadata.json from luaj-jse-3.0.8-figura.jar, it does not contain dependency information.
[01Feb2026 06:53:52.322] [main/DEBUG] [net.minecraftforge.fml.loading.moddiscovery.AbstractJarFileDependencyLocator/]: Failed to load resource META-INF/jarjar/metadata.json from bcel-6.6.1.jar, it does not contain dependency information.
[01Feb2026 06:53:52.338] [main/DEBUG] [net.minecraftforge.fml.loading.moddiscovery.AbstractJarFileDependencyLocator/]: Failed to load resource META-INF/jarjar/metadata.json from kuma-api-forge-20.1.12+1.20.1.jar, it does not contain dependency information.
[01Feb2026 06:53:52.339] [main/DEBUG] [net.minecraftforge.fml.loading.moddiscovery.AbstractJarFileDependencyLocator/]: Failed to load resource META-INF/jarjar/metadata.json from kfflang-4.12.0.jar, it does not contain dependency information.
[01Feb2026 06:53:52.339] [main/DEBUG] [net.minecraftforge.fml.loading.moddiscovery.AbstractJarFileDependencyLocator/]: Failed to load resource META-INF/jarjar/metadata.json from kfflib-4.12.0.jar, it does not contain dependency information.
[01Feb2026 06:53:52.339] [main/DEBUG] [net.minecraftforge.fml.loading.moddiscovery.AbstractJarFileDependencyLocator/]: Failed to load resource META-INF/jarjar/metadata.json from kffmod-4.12.0.jar, it does not contain dependency information.
[01Feb2026 06:53:52.339] [main/DEBUG] [net.minecraftforge.fml.loading.moddiscovery.AbstractJarFileDependencyLocator/]: Failed to load resource META-INF/jarjar/metadata.json from java-client-3.2.1-SNAPSHOT.jar, it does not contain dependency information.
[01Feb2026 06:53:52.339] [main/DEBUG] [net.minecraftforge.fml.loading.moddiscovery.AbstractJarFileDependencyLocator/]: Failed to load resource META-INF/jarjar/metadata.json from xaerolib-forge-1.20.1-1.0.45.jar, it does not contain dependency information.
[01Feb2026 06:53:52.339] [main/DEBUG] [net.minecraftforge.fml.loading.moddiscovery.AbstractJarFileDependencyLocator/]: Failed to load resource META-INF/jarjar/metadata.json from MixinExtras-0.4.1.jar, it does not contain dependency information.
[01Feb2026 06:53:52.340] [main/DEBUG] [net.minecraftforge.fml.loading.moddiscovery.AbstractJarFileDependencyLocator/]: Failed to load resource META-INF/jarjar/metadata.json from MixinExtras-0.2.0-beta.6.jar, it does not contain dependency information.
[01Feb2026 06:53:52.340] [main/DEBUG] [net.minecraftforge.fml.loading.moddiscovery.AbstractJarFileDependencyLocator/]: Failed to load resource META-INF/jarjar/metadata.json from MixinExtras-0.3.6.jar, it does not contain dependency information.
[01Feb2026 06:53:52.340] [main/DEBUG] [net.minecraftforge.fml.loading.moddiscovery.AbstractJarFileDependencyLocator/]: Failed to load resource META-INF/jarjar/metadata.json from MixinExtras-0.4.1.jar, it does not contain dependency information.
[01Feb2026 06:53:52.340] [main/DEBUG] [net.minecraftforge.fml.loading.moddiscovery.AbstractJarFileDependencyLocator/]: Failed to load resource META-INF/jarjar/metadata.json from MixinExtras-0.3.6.jar, it does not contain dependency information.
[01Feb2026 06:53:52.422] [main/DEBUG] [net.minecraftforge.fml.loading.moddiscovery.ModFileParser/LOADING]: Considering mod file candidate 
[01Feb2026 06:53:52.423] [main/DEBUG] [net.minecraftforge.fml.loading.moddiscovery.ModFileInfo/LOADING]: Found valid mod file mixinextras-forge-0.2.0-beta.6.jar with {mixinextras} mods - versions {0.2.0-beta.6}
[01Feb2026 06:53:52.438] [main/DEBUG] [net.minecraftforge.fml.loading.moddiscovery.ModFileParser/LOADING]: Considering mod file candidate 
[01Feb2026 06:53:52.439] [main/DEBUG] [net.minecraftforge.fml.loading.moddiscovery.ModFileInfo/LOADING]: Found valid mod file xaerolib-forge-1.20.1-1.0.45.jar with {xaerolib} mods - versions {1.0.45}
[01Feb2026 06:53:52.452] [main/DEBUG] [net.minecraftforge.fml.loading.moddiscovery.ModFileParser/LOADING]: Considering mod file candidate 
[01Feb2026 06:53:52.453] [main/DEBUG] [net.minecraftforge.fml.loading.moddiscovery.ModFileInfo/LOADING]: Found valid mod file mixinextras-forge-0.4.1.jar with {mixinextras} mods - versions {0.4.1}
[01Feb2026 06:53:52.456] [main/DEBUG] [net.minecraftforge.fml.loading.moddiscovery.ModFileParser/LOADING]: Considering mod file candidate 
[01Feb2026 06:53:52.456] [main/DEBUG] [net.minecraftforge.fml.loading.moddiscovery.ModFileInfo/LOADING]: Found valid mod file kffmod-4.12.0.jar with {kotlinforforge} mods - versions {4.12.0}
[01Feb2026 06:53:52.459] [main/DEBUG] [net.minecraftforge.fml.loading.moddiscovery.ModFileParser/LOADING]: Considering mod file candidate 
[01Feb2026 06:53:52.460] [main/DEBUG] [net.minecraftforge.fml.loading.moddiscovery.ModFileInfo/LOADING]: Found valid mod file kuma-api-forge-20.1.12+1.20.1.jar with {kuma_api} mods - versions {20.1.12}
[01Feb2026 06:53:52.460] [main/WARN] [net.minecraftforge.jarjar.selection.JarSelector/]: Attempted to select two dependency jars from JarJar which have the same identification: Mod File:  and Mod File: . Using Mod File: 
[01Feb2026 06:53:52.462] [main/INFO] [net.minecraftforge.fml.loading.moddiscovery.JarInJarDependencyLocator/]: Found 13 dependencies adding them to mods collection
[01Feb2026 06:53:52.464] [main/DEBUG] [net.minecraftforge.fml.loading.moddiscovery.ModFileParser/LOADING]: Considering mod file candidate 
[01Feb2026 06:53:52.464] [main/DEBUG] [net.minecraftforge.fml.loading.moddiscovery.ModFileInfo/LOADING]: Found valid mod file kuma-api-forge-20.1.12+1.20.1.jar with {kuma_api} mods - versions {20.1.12}
[01Feb2026 06:53:52.466] [main/DEBUG] [net.minecraftforge.fml.loading.moddiscovery.ModFile/LOADING]: Loading mod file  with languages [LanguageSpec[languageName=javafml, acceptedVersions=[47,)]]
[01Feb2026 06:53:52.466] [main/DEBUG] [net.minecraftforge.fml.loading.moddiscovery.ModFileParser/LOADING]: Considering mod file candidate /workspaces/test-aja/mods/doubledoors-1.20.1-7.2.jar
[01Feb2026 06:53:52.467] [main/DEBUG] [net.minecraftforge.fml.loading.moddiscovery.ModFileInfo/LOADING]: Found valid mod file doubledoors-1.20.1-7.2.jar with {doubledoors} mods - versions {7.2}
[01Feb2026 06:53:52.467] [main/DEBUG] [net.minecraftforge.fml.loading.moddiscovery.ModFile/LOADING]: Loading mod file /workspaces/test-aja/mods/doubledoors-1.20.1-7.2.jar with languages [LanguageSpec[languageName=javafml, acceptedVersions=*]]
[01Feb2026 06:53:52.467] [main/DEBUG] [net.minecraftforge.fml.loading.moddiscovery.ModFileParser/LOADING]: Considering mod file candidate /workspaces/test-aja/mods/almanac-1.20.x-forge-1.0.2.jar
[01Feb2026 06:53:52.467] [main/DEBUG] [net.minecraftforge.fml.loading.moddiscovery.ModFileInfo/LOADING]: Found valid mod file almanac-1.20.x-forge-1.0.2.jar with {almanac} mods - versions {1.0.2}
[01Feb2026 06:53:52.467] [main/DEBUG] [net.minecraftforge.fml.loading.moddiscovery.ModFile/LOADING]: Loading mod file /workspaces/test-aja/mods/almanac-1.20.x-forge-1.0.2.jar with languages [LanguageSpec[languageName=javafml, acceptedVersions=[47,)]]
[01Feb2026 06:53:52.468] [main/DEBUG] [net.minecraftforge.fml.loading.moddiscovery.ModFileParser/LOADING]: Considering mod file candidate /workspaces/test-aja/mods/open-parties-and-claims-forge-1.20.1-0.25.8.jar
[01Feb2026 06:53:52.468] [main/DEBUG] [net.minecraftforge.fml.loading.moddiscovery.ModFileInfo/LOADING]: Found valid mod file open-parties-and-claims-forge-1.20.1-0.25.8.jar with {openpartiesandclaims} mods - versions {0.25.8}
[01Feb2026 06:53:52.468] [main/DEBUG] [net.minecraftforge.fml.loading.moddiscovery.ModFile/LOADING]: Loading mod file /workspaces/test-aja/mods/open-parties-and-claims-forge-1.20.1-0.25.8.jar with languages [LanguageSpec[languageName=javafml, acceptedVersions=[46,)]]
[01Feb2026 06:53:52.470] [main/DEBUG] [net.minecraftforge.fml.loading.moddiscovery.ModFileParser/LOADING]: Found coremod xaeroparties_core with Javascript path META-INF/openpartiesandclaims_core.js
[01Feb2026 06:53:52.471] [main/DEBUG] [net.minecraftforge.fml.loading.moddiscovery.ModFile/LOADING]: Found coremod META-INF/openpartiesandclaims_core.js
[01Feb2026 06:53:52.471] [main/DEBUG] [net.minecraftforge.fml.loading.moddiscovery.ModFileParser/LOADING]: Considering mod file candidate /workspaces/test-aja/mods/Zombie Survival Kit-1.20.1-forge-2.1.8.jar
[01Feb2026 06:53:52.471] [main/DEBUG] [net.minecraftforge.fml.loading.moddiscovery.ModFileInfo/LOADING]: Found valid mod file Zombie Survival Kit-1.20.1-forge-2.1.8.jar with {zombiekit} mods - versions {2.1.8}
[01Feb2026 06:53:52.472] [main/DEBUG] [net.minecraftforge.fml.loading.moddiscovery.ModFile/LOADING]: Loading mod file /workspaces/test-aja/mods/Zombie Survival Kit-1.20.1-forge-2.1.8.jar with languages [LanguageSpec[languageName=javafml, acceptedVersions=[47,)]]
[01Feb2026 06:53:52.472] [main/DEBUG] [net.minecraftforge.fml.loading.moddiscovery.ModFileParser/LOADING]: Considering mod file candidate /workspaces/test-aja/mods/geckolib-forge-1.20.1-4.8.2.jar
[01Feb2026 06:53:52.472] [main/DEBUG] [net.minecraftforge.fml.loading.moddiscovery.ModFileInfo/LOADING]: Found valid mod file geckolib-forge-1.20.1-4.8.2.jar with {geckolib} mods - versions {4.8.2}
[01Feb2026 06:53:52.472] [main/DEBUG] [net.minecraftforge.fml.loading.moddiscovery.ModFile/LOADING]: Loading mod file /workspaces/test-aja/mods/geckolib-forge-1.20.1-4.8.2.jar with languages [LanguageSpec[languageName=javafml, acceptedVersions=[47,)]]
[01Feb2026 06:53:52.472] [main/DEBUG] [net.minecraftforge.fml.loading.moddiscovery.ModFileParser/LOADING]: Considering mod file candidate /workspaces/test-aja/mods/UndeadNights-2.1.0-Forge-mc1.20.1.jar
[01Feb2026 06:53:52.473] [main/DEBUG] [net.minecraftforge.fml.loading.moddiscovery.ModFileInfo/LOADING]: Found valid mod file UndeadNights-2.1.0-Forge-mc1.20.1.jar with {undeadnights} mods - versions {2.1.0-Forge-mc1.20.1}
[01Feb2026 06:53:52.473] [main/DEBUG] [net.minecraftforge.fml.loading.moddiscovery.ModFile/LOADING]: Loading mod file /workspaces/test-aja/mods/UndeadNights-2.1.0-Forge-mc1.20.1.jar with languages [LanguageSpec[languageName=javafml, acceptedVersions=[47,)]]
[01Feb2026 06:53:52.473] [main/DEBUG] [net.minecraftforge.fml.loading.moddiscovery.ModFileParser/LOADING]: Considering mod file candidate /workspaces/test-aja/mods/jei-1.20.1-forge-15.20.0.129.jar
[01Feb2026 06:53:52.473] [main/DEBUG] [net.minecraftforge.fml.loading.moddiscovery.ModFileInfo/LOADING]: Found valid mod file jei-1.20.1-forge-15.20.0.129.jar with {jei} mods - versions {15.20.0.129}
[01Feb2026 06:53:52.473] [main/DEBUG] [net.minecraftforge.fml.loading.moddiscovery.ModFile/LOADING]: Loading mod file /workspaces/test-aja/mods/jei-1.20.1-forge-15.20.0.129.jar with languages [LanguageSpec[languageName=javafml, acceptedVersions=[47,)]]
[01Feb2026 06:53:52.473] [main/DEBUG] [net.minecraftforge.fml.loading.moddiscovery.ModFileParser/LOADING]: Considering mod file candidate 
[01Feb2026 06:53:52.474] [main/DEBUG] [net.minecraftforge.fml.loading.moddiscovery.ModFileInfo/LOADING]: Found valid mod file xaerolib-forge-1.20.1-1.0.45.jar with {xaerolib} mods - versions {1.0.45}
[01Feb2026 06:53:52.474] [main/DEBUG] [net.minecraftforge.fml.loading.moddiscovery.ModFile/LOADING]: Loading mod file  with languages [LanguageSpec[languageName=javafml, acceptedVersions=[46,48)]]
[01Feb2026 06:53:52.474] [main/DEBUG] [net.minecraftforge.fml.loading.moddiscovery.ModFileParser/LOADING]: Considering mod file candidate /workspaces/test-aja/mods/tacz-1.20.1-1.1.7-hotfix.jar
[01Feb2026 06:53:52.475] [main/DEBUG] [net.minecraftforge.fml.loading.moddiscovery.ModFileInfo/LOADING]: Found valid mod file tacz-1.20.1-1.1.7-hotfix.jar with {tacz} mods - versions {1.1.7-hotfix}
[01Feb2026 06:53:52.475] [main/DEBUG] [net.minecraftforge.fml.loading.moddiscovery.ModFile/LOADING]: Loading mod file /workspaces/test-aja/mods/tacz-1.20.1-1.1.7-hotfix.jar with languages [LanguageSpec[languageName=javafml, acceptedVersions=[46,)]]
[01Feb2026 06:53:52.475] [main/DEBUG] [net.minecraftforge.fml.loading.moddiscovery.ModFileParser/LOADING]: Considering mod file candidate /workspaces/test-aja/mods/dynamiclights-v1.9-mc1.17-1.21.9-mod.jar
[01Feb2026 06:53:52.475] [main/DEBUG] [net.minecraftforge.fml.loading.moddiscovery.ModFileInfo/LOADING]: Found valid mod file dynamiclights-v1.9-mc1.17-1.21.9-mod.jar with {dynamiclights} mods - versions {1.9+mod}
[01Feb2026 06:53:52.475] [main/DEBUG] [net.minecraftforge.fml.loading.moddiscovery.ModFile/LOADING]: Loading mod file /workspaces/test-aja/mods/dynamiclights-v1.9-mc1.17-1.21.9-mod.jar with languages [LanguageSpec[languageName=javafml, acceptedVersions=[35,)]]
[01Feb2026 06:53:52.476] [main/DEBUG] [net.minecraftforge.fml.loading.moddiscovery.ModFileParser/LOADING]: Considering mod file candidate /workspaces/test-aja/mods/sophisticatedcore-1.20.1-1.3.0.1439.jar
[01Feb2026 06:53:52.476] [main/DEBUG] [net.minecraftforge.fml.loading.moddiscovery.ModFileInfo/LOADING]: Found valid mod file sophisticatedcore-1.20.1-1.3.0.1439.jar with {sophisticatedcore} mods - versions {1.3.0.1439}
[01Feb2026 06:53:52.476] [main/DEBUG] [net.minecraftforge.fml.loading.moddiscovery.ModFile/LOADING]: Loading mod file /workspaces/test-aja/mods/sophisticatedcore-1.20.1-1.3.0.1439.jar with languages [LanguageSpec[languageName=javafml, acceptedVersions=[47,)]]
[01Feb2026 06:53:52.476] [main/DEBUG] [net.minecraftforge.fml.loading.moddiscovery.ModFileParser/LOADING]: Considering mod file candidate /workspaces/test-aja/mods/UndergroundBunkers-1.0.5-1.20.x-forge.jar
[01Feb2026 06:53:52.477] [main/DEBUG] [net.minecraftforge.fml.loading.moddiscovery.ModFileInfo/LOADING]: Found valid mod file UndergroundBunkers-1.0.5-1.20.x-forge.jar with {underground_bunkers} mods - versions {1.0.5}
[01Feb2026 06:53:52.477] [main/DEBUG] [net.minecraftforge.fml.loading.moddiscovery.ModFile/LOADING]: Loading mod file /workspaces/test-aja/mods/UndergroundBunkers-1.0.5-1.20.x-forge.jar with languages [LanguageSpec[languageName=javafml, acceptedVersions=[47,)]]
[01Feb2026 06:53:52.477] [main/DEBUG] [net.minecraftforge.fml.loading.moddiscovery.ModFileParser/LOADING]: Considering mod file candidate /workspaces/test-aja/mods/waystones-forge-1.20.1-14.1.18.jar
[01Feb2026 06:53:52.477] [main/DEBUG] [net.minecraftforge.fml.loading.moddiscovery.ModFileInfo/LOADING]: Found valid mod file waystones-forge-1.20.1-14.1.18.jar with {waystones} mods - versions {14.1.18}
[01Feb2026 06:53:52.477] [main/DEBUG] [net.minecraftforge.fml.loading.moddiscovery.ModFile/LOADING]: Loading mod file /workspaces/test-aja/mods/waystones-forge-1.20.1-14.1.18.jar with languages [LanguageSpec[languageName=javafml, acceptedVersions=[46,)]]
[01Feb2026 06:53:52.478] [main/DEBUG] [net.minecraftforge.fml.loading.moddiscovery.ModFileParser/LOADING]: Considering mod file candidate /workspaces/test-aja/mods/Clumps-forge-1.20.1-12.0.0.4.jar
[01Feb2026 06:53:52.478] [main/DEBUG] [net.minecraftforge.fml.loading.moddiscovery.ModFileInfo/LOADING]: Found valid mod file Clumps-forge-1.20.1-12.0.0.4.jar with {clumps} mods - versions {12.0.0.4}
[01Feb2026 06:53:52.478] [main/DEBUG] [net.minecraftforge.fml.loading.moddiscovery.ModFile/LOADING]: Loading mod file /workspaces/test-aja/mods/Clumps-forge-1.20.1-12.0.0.4.jar with languages [LanguageSpec[languageName=javafml, acceptedVersions=[41,)]]
[01Feb2026 06:53:52.478] [main/DEBUG] [net.minecraftforge.fml.loading.moddiscovery.ModFileParser/LOADING]: Considering mod file candidate /workspaces/test-aja/mods/xaeroworldmap-forge-1.20.1-1.40.6.jar
[01Feb2026 06:53:52.479] [main/DEBUG] [net.minecraftforge.fml.loading.moddiscovery.ModFileInfo/LOADING]: Found valid mod file xaeroworldmap-forge-1.20.1-1.40.6.jar with {xaeroworldmap} mods - versions {1.40.6}
[01Feb2026 06:53:52.479] [main/DEBUG] [net.minecraftforge.fml.loading.moddiscovery.ModFile/LOADING]: Loading mod file /workspaces/test-aja/mods/xaeroworldmap-forge-1.20.1-1.40.6.jar with languages [LanguageSpec[languageName=javafml, acceptedVersions=[46,48)]]
[01Feb2026 06:53:52.479] [main/DEBUG] [net.minecraftforge.fml.loading.moddiscovery.ModFileParser/LOADING]: Found coremod xaeroworldmap_core with Javascript path META-INF/xaeroworldmap_core.js
[01Feb2026 06:53:52.479] [main/DEBUG] [net.minecraftforge.fml.loading.moddiscovery.ModFile/LOADING]: Found coremod META-INF/xaeroworldmap_core.js
[01Feb2026 06:53:52.479] [main/DEBUG] [net.minecraftforge.fml.loading.moddiscovery.ModFileParser/LOADING]: Considering mod file candidate /workspaces/test-aja/mods/veinminer-1.1.0.jar
[01Feb2026 06:53:52.480] [main/DEBUG] [net.minecraftforge.fml.loading.moddiscovery.ModFileInfo/LOADING]: Found valid mod file veinminer-1.1.0.jar with {mr_veinminer} mods - versions {1.1.0}
[01Feb2026 06:53:52.480] [main/DEBUG] [net.minecraftforge.fml.loading.moddiscovery.ModFile/LOADING]: Loading mod file /workspaces/test-aja/mods/veinminer-1.1.0.jar with languages [LanguageSpec[languageName=javafml, acceptedVersions=[25,)]]
[01Feb2026 06:53:52.480] [main/DEBUG] [net.minecraftforge.fml.loading.moddiscovery.ModFileParser/LOADING]: Considering mod file candidate /workspaces/test-aja/mods/sophisticatedbackpacks-1.20.1-3.24.20.1500.jar
[01Feb2026 06:53:52.481] [main/DEBUG] [net.minecraftforge.fml.loading.moddiscovery.ModFileInfo/LOADING]: Found valid mod file sophisticatedbackpacks-1.20.1-3.24.20.1500.jar with {sophisticatedbackpacks} mods - versions {3.24.20.1500}
[01Feb2026 06:53:52.481] [main/DEBUG] [net.minecraftforge.fml.loading.moddiscovery.ModFile/LOADING]: Loading mod file /workspaces/test-aja/mods/sophisticatedbackpacks-1.20.1-3.24.20.1500.jar with languages [LanguageSpec[languageName=javafml, acceptedVersions=[47,)]]
[01Feb2026 06:53:52.481] [main/DEBUG] [net.minecraftforge.fml.loading.moddiscovery.ModFileParser/LOADING]: Considering mod file candidate /workspaces/test-aja/mods/midnightlib-forge-1.9.2+1.20.1.jar
[01Feb2026 06:53:52.481] [main/DEBUG] [net.minecraftforge.fml.loading.moddiscovery.ModFileInfo/LOADING]: Found valid mod file midnightlib-forge-1.9.2+1.20.1.jar with {midnightlib} mods - versions {1.9.2}
[01Feb2026 06:53:52.481] [main/DEBUG] [net.minecraftforge.fml.loading.moddiscovery.ModFile/LOADING]: Loading mod file /workspaces/test-aja/mods/midnightlib-forge-1.9.2+1.20.1.jar with languages [LanguageSpec[languageName=javafml, acceptedVersions=[43,)]]
[01Feb2026 06:53:52.481] [main/DEBUG] [net.minecraftforge.fml.loading.moddiscovery.ModFileParser/LOADING]: Considering mod file candidate /workspaces/test-aja/mods/MutantsZombies-1.3.2-Forge-mc1.20.1.jar
[01Feb2026 06:53:52.482] [main/DEBUG] [net.minecraftforge.fml.loading.moddiscovery.ModFileInfo/LOADING]: Found valid mod file MutantsZombies-1.3.2-Forge-mc1.20.1.jar with {mutantszombies} mods - versions {1.3.2-Forge-mc1.20.1}
[01Feb2026 06:53:52.482] [main/DEBUG] [net.minecraftforge.fml.loading.moddiscovery.ModFile/LOADING]: Loading mod file /workspaces/test-aja/mods/MutantsZombies-1.3.2-Forge-mc1.20.1.jar with languages [LanguageSpec[languageName=javafml, acceptedVersions=[47,)]]
[01Feb2026 06:53:52.482] [main/DEBUG] [net.minecraftforge.fml.loading.moddiscovery.ModFileParser/LOADING]: Considering mod file candidate /workspaces/test-aja/mods/superbwarfare-1.20.1-0.8.8-final-6a6b54795.jar
[01Feb2026 06:53:52.483] [main/DEBUG] [net.minecraftforge.fml.loading.moddiscovery.ModFileInfo/LOADING]: Found valid mod file superbwarfare-1.20.1-0.8.8-final-6a6b54795.jar with {superbwarfare} mods - versions {0.8.8}
[01Feb2026 06:53:52.483] [main/DEBUG] [net.minecraftforge.fml.loading.moddiscovery.ModFile/LOADING]: Loading mod file /workspaces/test-aja/mods/superbwarfare-1.20.1-0.8.8-final-6a6b54795.jar with languages [LanguageSpec[languageName=javafml, acceptedVersions=[47,)]]
[01Feb2026 06:53:52.483] [main/DEBUG] [net.minecraftforge.fml.loading.moddiscovery.ModFileParser/LOADING]: Considering mod file candidate /workspaces/test-aja/mods/balm-forge-1.20.1-7.3.38-all.jar
[01Feb2026 06:53:52.484] [main/DEBUG] [net.minecraftforge.fml.loading.moddiscovery.ModFileInfo/LOADING]: Found valid mod file balm-forge-1.20.1-7.3.38-all.jar with {balm} mods - versions {7.3.38}
[01Feb2026 06:53:52.484] [main/DEBUG] [net.minecraftforge.fml.loading.moddiscovery.ModFile/LOADING]: Loading mod file /workspaces/test-aja/mods/balm-forge-1.20.1-7.3.38-all.jar with languages [LanguageSpec[languageName=javafml, acceptedVersions=[46,)]]
[01Feb2026 06:53:52.484] [main/DEBUG] [net.minecraftforge.fml.loading.moddiscovery.ModFileParser/LOADING]: Considering mod file candidate /workspaces/test-aja/mods/zombie_variants-forge-1.0.3-1.20.1.jar
[01Feb2026 06:53:52.484] [main/DEBUG] [net.minecraftforge.fml.loading.moddiscovery.ModFileInfo/LOADING]: Found valid mod file zombie_variants-forge-1.0.3-1.20.1.jar with {zombie_variants} mods - versions {1.0.3}
[01Feb2026 06:53:52.484] [main/DEBUG] [net.minecraftforge.fml.loading.moddiscovery.ModFile/LOADING]: Loading mod file /workspaces/test-aja/mods/zombie_variants-forge-1.0.3-1.20.1.jar with languages [LanguageSpec[languageName=javafml, acceptedVersions=[47,)]]
[01Feb2026 06:53:52.484] [main/DEBUG] [net.minecraftforge.fml.loading.moddiscovery.ModFileParser/LOADING]: Considering mod file candidate /workspaces/test-aja/mods/carryon-forge-1.20.1-2.1.2.7.jar
[01Feb2026 06:53:52.485] [main/DEBUG] [net.minecraftforge.fml.loading.moddiscovery.ModFileInfo/LOADING]: Found valid mod file carryon-forge-1.20.1-2.1.2.7.jar with {carryon} mods - versions {2.1.2.7}
[01Feb2026 06:53:52.485] [main/DEBUG] [net.minecraftforge.fml.loading.moddiscovery.ModFile/LOADING]: Loading mod file /workspaces/test-aja/mods/carryon-forge-1.20.1-2.1.2.7.jar with languages [LanguageSpec[languageName=javafml, acceptedVersions=[46,)]]
[01Feb2026 06:53:52.485] [main/DEBUG] [net.minecraftforge.fml.loading.moddiscovery.ModFileParser/LOADING]: Considering mod file candidate /workspaces/test-aja/mods/memoryleakfix-forge-1.17+-1.1.5.jar
[01Feb2026 06:53:52.486] [main/DEBUG] [net.minecraftforge.fml.loading.moddiscovery.ModFileInfo/LOADING]: Found valid mod file memoryleakfix-forge-1.17+-1.1.5.jar with {memoryleakfix} mods - versions {1.1.5}
[01Feb2026 06:53:52.486] [main/DEBUG] [net.minecraftforge.fml.loading.moddiscovery.ModFile/LOADING]: Loading mod file /workspaces/test-aja/mods/memoryleakfix-forge-1.17+-1.1.5.jar with languages [LanguageSpec[languageName=javafml, acceptedVersions=*]]
[01Feb2026 06:53:52.486] [main/DEBUG] [net.minecraftforge.fml.loading.moddiscovery.ModFileParser/LOADING]: Considering mod file candidate /workspaces/test-aja/libraries/net/minecraftforge/forge/1.20.1-47.4.10/forge-1.20.1-47.4.10-universal.jar
[01Feb2026 06:53:52.486] [main/DEBUG] [net.minecraftforge.fml.loading.moddiscovery.ModFileInfo/LOADING]: Found valid mod file forge-1.20.1-47.4.10-universal.jar with {forge} mods - versions {47.4.10}
[01Feb2026 06:53:52.486] [main/DEBUG] [net.minecraftforge.fml.loading.moddiscovery.ModFile/LOADING]: Loading mod file /workspaces/test-aja/libraries/net/minecraftforge/forge/1.20.1-47.4.10/forge-1.20.1-47.4.10-universal.jar with languages [LanguageSpec[languageName=javafml, acceptedVersions=[24,]]]
[01Feb2026 06:53:52.487] [main/DEBUG] [net.minecraftforge.fml.loading.moddiscovery.ModFileParser/LOADING]: Found coremod field_to_method with Javascript path coremods/field_to_method.js
[01Feb2026 06:53:52.487] [main/DEBUG] [net.minecraftforge.fml.loading.moddiscovery.ModFileParser/LOADING]: Found coremod field_to_instanceof with Javascript path coremods/field_to_instanceof.js
[01Feb2026 06:53:52.487] [main/DEBUG] [net.minecraftforge.fml.loading.moddiscovery.ModFileParser/LOADING]: Found coremod add_bouncer_method with Javascript path coremods/add_bouncer_method.js
[01Feb2026 06:53:52.487] [main/DEBUG] [net.minecraftforge.fml.loading.moddiscovery.ModFileParser/LOADING]: Found coremod method_redirector with Javascript path coremods/method_redirector.js
[01Feb2026 06:53:52.487] [main/DEBUG] [net.minecraftforge.fml.loading.moddiscovery.ModFile/LOADING]: Found coremod coremods/field_to_method.js
[01Feb2026 06:53:52.487] [main/DEBUG] [net.minecraftforge.fml.loading.moddiscovery.ModFile/LOADING]: Found coremod coremods/field_to_instanceof.js
[01Feb2026 06:53:52.487] [main/DEBUG] [net.minecraftforge.fml.loading.moddiscovery.ModFile/LOADING]: Found coremod coremods/add_bouncer_method.js
[01Feb2026 06:53:52.487] [main/DEBUG] [net.minecraftforge.fml.loading.moddiscovery.ModFile/LOADING]: Found coremod coremods/method_redirector.js
[01Feb2026 06:53:52.487] [main/DEBUG] [net.minecraftforge.fml.loading.moddiscovery.ModFileParser/LOADING]: Considering mod file candidate /workspaces/test-aja/mods/chovys_apocalypse_mod-1.9.jar
[01Feb2026 06:53:52.487] [main/DEBUG] [net.minecraftforge.fml.loading.moddiscovery.ModFileInfo/LOADING]: Found valid mod file chovys_apocalypse_mod-1.9.jar with {chovys_apocalypse_mod} mods - versions {1.9}
[01Feb2026 06:53:52.488] [main/DEBUG] [net.minecraftforge.fml.loading.moddiscovery.ModFile/LOADING]: Loading mod file /workspaces/test-aja/mods/chovys_apocalypse_mod-1.9.jar with languages [LanguageSpec[languageName=javafml, acceptedVersions=[47,)]]
[01Feb2026 06:53:52.488] [main/DEBUG] [net.minecraftforge.fml.loading.moddiscovery.ModFileParser/LOADING]: Considering mod file candidate /workspaces/test-aja/mods/Sona-1.20.1-forge-1.4.2.jar
[01Feb2026 06:53:52.488] [main/DEBUG] [net.minecraftforge.fml.loading.moddiscovery.ModFileInfo/LOADING]: Found valid mod file Sona-1.20.1-forge-1.4.2.jar with {sona} mods - versions {1.4.2}
[01Feb2026 06:53:52.489] [main/DEBUG] [net.minecraftforge.fml.loading.moddiscovery.ModFile/LOADING]: Loading mod file /workspaces/test-aja/mods/Sona-1.20.1-forge-1.4.2.jar with languages [LanguageSpec[languageName=javafml, acceptedVersions=[47,)]]
[01Feb2026 06:53:52.489] [main/DEBUG] [net.minecraftforge.fml.loading.moddiscovery.ModFileInfo/LOADING]: Found valid mod file server-1.20.1-20230612.114412-srg.jar with {minecraft} mods - versions {1.20.1}
[01Feb2026 06:53:52.489] [main/DEBUG] [net.minecraftforge.fml.loading.moddiscovery.ModFile/LOADING]: Loading mod file /workspaces/test-aja/libraries/net/minecraft/server/1.20.1-20230612.114412/server-1.20.1-20230612.114412-srg.jar with languages [LanguageSpec[languageName=minecraft, acceptedVersions=1]]
[01Feb2026 06:53:52.489] [main/DEBUG] [net.minecraftforge.fml.loading.moddiscovery.ModFileParser/LOADING]: Considering mod file candidate /workspaces/test-aja/mods/Infectious-forge-1.20.1-1.7.jar
[01Feb2026 06:53:52.490] [main/DEBUG] [net.minecraftforge.fml.loading.moddiscovery.ModFileInfo/LOADING]: Found valid mod file Infectious-forge-1.20.1-1.7.jar with {infectious} mods - versions {1.0.0}
[01Feb2026 06:53:52.490] [main/DEBUG] [net.minecraftforge.fml.loading.moddiscovery.ModFile/LOADING]: Loading mod file /workspaces/test-aja/mods/Infectious-forge-1.20.1-1.7.jar with languages [LanguageSpec[languageName=javafml, acceptedVersions=[47,)]]
[01Feb2026 06:53:52.490] [main/DEBUG] [net.minecraftforge.fml.loading.moddiscovery.ModFileParser/LOADING]: Considering mod file candidate /workspaces/test-aja/mods/libIPN-forge-1.20-4.0.2.jar
[01Feb2026 06:53:52.490] [main/DEBUG] [net.minecraftforge.fml.loading.moddiscovery.ModFileInfo/LOADING]: Found valid mod file libIPN-forge-1.20-4.0.2.jar with {libipn} mods - versions {4.0.2}
[01Feb2026 06:53:52.490] [main/DEBUG] [net.minecraftforge.fml.loading.moddiscovery.ModFile/LOADING]: Loading mod file /workspaces/test-aja/mods/libIPN-forge-1.20-4.0.2.jar with languages [LanguageSpec[languageName=kotlinforforge, acceptedVersions=[4.3,)]]
[01Feb2026 06:53:52.491] [main/DEBUG] [net.minecraftforge.fml.loading.moddiscovery.ModFileParser/LOADING]: Considering mod file candidate /workspaces/test-aja/mods/Jade-1.20.1-Forge-11.13.2.jar
[01Feb2026 06:53:52.491] [main/DEBUG] [net.minecraftforge.fml.loading.moddiscovery.ModFileInfo/LOADING]: Found valid mod file Jade-1.20.1-Forge-11.13.2.jar with {jade} mods - versions {11.13.2+forge}
[01Feb2026 06:53:52.491] [main/DEBUG] [net.minecraftforge.fml.loading.moddiscovery.ModFile/LOADING]: Loading mod file /workspaces/test-aja/mods/Jade-1.20.1-Forge-11.13.2.jar with languages [LanguageSpec[languageName=javafml, acceptedVersions=[46,)]]
[01Feb2026 06:53:52.491] [main/DEBUG] [net.minecraftforge.fml.loading.moddiscovery.ModFileParser/LOADING]: Considering mod file candidate /workspaces/test-aja/mods/NoChatReports-FORGE-1.20.1-v2.2.2.jar
[01Feb2026 06:53:52.492] [main/DEBUG] [net.minecraftforge.fml.loading.moddiscovery.ModFileInfo/LOADING]: Found valid mod file NoChatReports-FORGE-1.20.1-v2.2.2.jar with {nochatreports} mods - versions {1.20.1-v2.2.2}
[01Feb2026 06:53:52.492] [main/DEBUG] [net.minecraftforge.fml.loading.moddiscovery.ModFile/LOADING]: Loading mod file /workspaces/test-aja/mods/NoChatReports-FORGE-1.20.1-v2.2.2.jar with languages [LanguageSpec[languageName=javafml, acceptedVersions=[31,)]]
[01Feb2026 06:53:52.492] [main/DEBUG] [net.minecraftforge.fml.loading.moddiscovery.ModFileParser/LOADING]: Considering mod file candidate /workspaces/test-aja/mods/Chunky-1.3.146.jar
[01Feb2026 06:53:52.492] [main/DEBUG] [net.minecraftforge.fml.loading.moddiscovery.ModFileInfo/LOADING]: Found valid mod file Chunky-1.3.146.jar with {chunky} mods - versions {1.3.146}
[01Feb2026 06:53:52.492] [main/DEBUG] [net.minecraftforge.fml.loading.moddiscovery.ModFile/LOADING]: Loading mod file /workspaces/test-aja/mods/Chunky-1.3.146.jar with languages [LanguageSpec[languageName=javafml, acceptedVersions=[38,)]]
[01Feb2026 06:53:52.492] [main/DEBUG] [net.minecraftforge.fml.loading.moddiscovery.ModFileParser/LOADING]: Considering mod file candidate /workspaces/test-aja/mods/Platform-forge-1.20.1-1.2.11.3.jar
[01Feb2026 06:53:52.493] [main/DEBUG] [net.minecraftforge.fml.loading.moddiscovery.ModFileInfo/LOADING]: Found valid mod file Platform-forge-1.20.1-1.2.11.3.jar with {platform} mods - versions {1.2.11.3}
[01Feb2026 06:53:52.493] [main/DEBUG] [net.minecraftforge.fml.loading.moddiscovery.ModFile/LOADING]: Loading mod file /workspaces/test-aja/mods/Platform-forge-1.20.1-1.2.11.3.jar with languages [LanguageSpec[languageName=javafml, acceptedVersions=[39,)]]
[01Feb2026 06:53:52.493] [main/DEBUG] [net.minecraftforge.fml.loading.moddiscovery.ModFileParser/LOADING]: Considering mod file candidate 
[01Feb2026 06:53:52.493] [main/DEBUG] [net.minecraftforge.fml.loading.moddiscovery.ModFileInfo/LOADING]: Found valid mod file kffmod-4.12.0.jar with {kotlinforforge} mods - versions {4.12.0}
[01Feb2026 06:53:52.493] [main/DEBUG] [net.minecraftforge.fml.loading.moddiscovery.ModFile/LOADING]: Loading mod file  with languages [LanguageSpec[languageName=kotlinforforge, acceptedVersions=[4,)]]
[01Feb2026 06:53:52.493] [main/DEBUG] [net.minecraftforge.fml.loading.moddiscovery.ModFileParser/LOADING]: Considering mod file candidate /workspaces/test-aja/mods/rottencreatures-forge-1.20.1-1.1.0.jar
[01Feb2026 06:53:52.494] [main/DEBUG] [net.minecraftforge.fml.loading.moddiscovery.ModFileInfo/LOADING]: Found valid mod file rottencreatures-forge-1.20.1-1.1.0.jar with {rottencreatures} mods - versions {1.1.0}
[01Feb2026 06:53:52.494] [main/DEBUG] [net.minecraftforge.fml.loading.moddiscovery.ModFile/LOADING]: Loading mod file /workspaces/test-aja/mods/rottencreatures-forge-1.20.1-1.1.0.jar with languages [LanguageSpec[languageName=javafml, acceptedVersions=[47,)]]
[01Feb2026 06:53:52.494] [main/DEBUG] [net.minecraftforge.fml.loading.moddiscovery.ModFileParser/LOADING]: Considering mod file candidate /workspaces/test-aja/mods/curios-forge-5.14.1+1.20.1.jar
[01Feb2026 06:53:52.495] [main/DEBUG] [net.minecraftforge.fml.loading.moddiscovery.ModFileInfo/LOADING]: Found valid mod file curios-forge-5.14.1+1.20.1.jar with {curios} mods - versions {5.14.1+1.20.1}
[01Feb2026 06:53:52.495] [main/DEBUG] [net.minecraftforge.fml.loading.moddiscovery.ModFile/LOADING]: Loading mod file /workspaces/test-aja/mods/curios-forge-5.14.1+1.20.1.jar with languages [LanguageSpec[languageName=javafml, acceptedVersions=[41,)]]
[01Feb2026 06:53:52.495] [main/DEBUG] [net.minecraftforge.fml.loading.moddiscovery.ModFileParser/LOADING]: Considering mod file candidate /workspaces/test-aja/mods/xaerominimap-forge-1.20.1-25.3.5.jar
[01Feb2026 06:53:52.495] [main/DEBUG] [net.minecraftforge.fml.loading.moddiscovery.ModFileInfo/LOADING]: Found valid mod file xaerominimap-forge-1.20.1-25.3.5.jar with {xaerominimap} mods - versions {25.3.5}
[01Feb2026 06:53:52.496] [main/DEBUG] [net.minecraftforge.fml.loading.moddiscovery.ModFile/LOADING]: Loading mod file /workspaces/test-aja/mods/xaerominimap-forge-1.20.1-25.3.5.jar with languages [LanguageSpec[languageName=javafml, acceptedVersions=[46,48)]]
[01Feb2026 06:53:52.496] [main/DEBUG] [net.minecraftforge.fml.loading.moddiscovery.ModFileParser/LOADING]: Found coremod xaerohud_core with Javascript path META-INF/xaerohud_core.js
[01Feb2026 06:53:52.496] [main/DEBUG] [net.minecraftforge.fml.loading.moddiscovery.ModFile/LOADING]: Found coremod META-INF/xaerohud_core.js
[01Feb2026 06:53:52.496] [main/DEBUG] [net.minecraftforge.fml.loading.moddiscovery.ModFileParser/LOADING]: Considering mod file candidate /workspaces/test-aja/mods/collective-1.20.1-8.13.jar
[01Feb2026 06:53:52.496] [main/DEBUG] [net.minecraftforge.fml.loading.moddiscovery.ModFileInfo/LOADING]: Found valid mod file collective-1.20.1-8.13.jar with {collective} mods - versions {8.13}
[01Feb2026 06:53:52.496] [main/DEBUG] [net.minecraftforge.fml.loading.moddiscovery.ModFile/LOADING]: Loading mod file /workspaces/test-aja/mods/collective-1.20.1-8.13.jar with languages [LanguageSpec[languageName=javafml, acceptedVersions=*]]
[01Feb2026 06:53:52.497] [main/DEBUG] [net.minecraftforge.fml.loading.moddiscovery.ModFileParser/LOADING]: Considering mod file candidate /workspaces/test-aja/mods/sit-1.20.1-1.3.5.jar
[01Feb2026 06:53:52.497] [main/DEBUG] [net.minecraftforge.fml.loading.moddiscovery.ModFileInfo/LOADING]: Found valid mod file sit-1.20.1-1.3.5.jar with {sit} mods - versions {1.3.5}
[01Feb2026 06:53:52.497] [main/DEBUG] [net.minecraftforge.fml.loading.moddiscovery.ModFile/LOADING]: Loading mod file /workspaces/test-aja/mods/sit-1.20.1-1.3.5.jar with languages [LanguageSpec[languageName=javafml, acceptedVersions=[46,)]]
[01Feb2026 06:53:52.497] [main/DEBUG] [net.minecraftforge.fml.loading.moddiscovery.ModFileParser/LOADING]: Considering mod file candidate /workspaces/test-aja/mods/lostcities-1.20-7.4.11.jar
[01Feb2026 06:53:52.498] [main/DEBUG] [net.minecraftforge.fml.loading.moddiscovery.ModFileInfo/LOADING]: Found valid mod file lostcities-1.20-7.4.11.jar with {lostcities} mods - versions {1.20-7.4.11}
[01Feb2026 06:53:52.498] [main/DEBUG] [net.minecraftforge.fml.loading.moddiscovery.ModFile/LOADING]: Loading mod file /workspaces/test-aja/mods/lostcities-1.20-7.4.11.jar with languages [LanguageSpec[languageName=javafml, acceptedVersions=[47,)]]
[01Feb2026 06:53:52.498] [main/DEBUG] [net.minecraftforge.fml.loading.moddiscovery.ModFileParser/LOADING]: Considering mod file candidate /workspaces/test-aja/mods/InventoryProfilesNext-forge-1.20-1.10.19.jar
[01Feb2026 06:53:52.498] [main/DEBUG] [net.minecraftforge.fml.loading.moddiscovery.ModFileInfo/LOADING]: Found valid mod file InventoryProfilesNext-forge-1.20-1.10.19.jar with {inventoryprofilesnext} mods - versions {1.10.19}
[01Feb2026 06:53:52.499] [main/DEBUG] [net.minecraftforge.fml.loading.moddiscovery.ModFile/LOADING]: Loading mod file /workspaces/test-aja/mods/InventoryProfilesNext-forge-1.20-1.10.19.jar with languages [LanguageSpec[languageName=kotlinforforge, acceptedVersions=[4.3,)]]
[01Feb2026 06:53:52.499] [main/DEBUG] [net.minecraftforge.fml.loading.moddiscovery.ModFileParser/LOADING]: Considering mod file candidate /workspaces/test-aja/mods/appleskin-forge-mc1.20.1-2.5.1.jar
[01Feb2026 06:53:52.499] [main/DEBUG] [net.minecraftforge.fml.loading.moddiscovery.ModFileInfo/LOADING]: Found valid mod file appleskin-forge-mc1.20.1-2.5.1.jar with {appleskin} mods - versions {2.5.1+mc1.20.1}
[01Feb2026 06:53:52.499] [main/DEBUG] [net.minecraftforge.fml.loading.moddiscovery.ModFile/LOADING]: Loading mod file /workspaces/test-aja/mods/appleskin-forge-mc1.20.1-2.5.1.jar with languages [LanguageSpec[languageName=javafml, acceptedVersions=[47,)]]
[01Feb2026 06:53:52.499] [main/DEBUG] [net.minecraftforge.fml.loading.moddiscovery.ModFileParser/LOADING]: Considering mod file candidate /workspaces/test-aja/mods/architectury-9.2.14-forge.jar
[01Feb2026 06:53:52.500] [main/DEBUG] [net.minecraftforge.fml.loading.moddiscovery.ModFileInfo/LOADING]: Found valid mod file architectury-9.2.14-forge.jar with {architectury} mods - versions {9.2.14}
[01Feb2026 06:53:52.500] [main/DEBUG] [net.minecraftforge.fml.loading.moddiscovery.ModFile/LOADING]: Loading mod file /workspaces/test-aja/mods/architectury-9.2.14-forge.jar with languages [LanguageSpec[languageName=javafml, acceptedVersions=[46,)]]
[01Feb2026 06:53:52.500] [main/DEBUG] [net.minecraftforge.fml.loading.moddiscovery.ModFileParser/LOADING]: Considering mod file candidate /workspaces/test-aja/mods/automobility-0.4.2+1.20.1-forge.jar
[01Feb2026 06:53:52.500] [main/DEBUG] [net.minecraftforge.fml.loading.moddiscovery.ModFileInfo/LOADING]: Found valid mod file automobility-0.4.2+1.20.1-forge.jar with {automobility} mods - versions {0.4.2+1.20.1-forge}
[01Feb2026 06:53:52.500] [main/DEBUG] [net.minecraftforge.fml.loading.moddiscovery.ModFile/LOADING]: Loading mod file /workspaces/test-aja/mods/automobility-0.4.2+1.20.1-forge.jar with languages [LanguageSpec[languageName=javafml, acceptedVersions=[46,)]]
[01Feb2026 06:53:52.501] [main/DEBUG] [net.minecraftforge.fml.loading.moddiscovery.ModFileParser/LOADING]: Considering mod file candidate /workspaces/test-aja/mods/ferritecore-6.0.1-forge.jar
[01Feb2026 06:53:52.501] [main/DEBUG] [net.minecraftforge.fml.loading.moddiscovery.ModFileInfo/LOADING]: Found valid mod file ferritecore-6.0.1-forge.jar with {ferritecore} mods - versions {6.0.1}
[01Feb2026 06:53:52.501] [main/DEBUG] [net.minecraftforge.fml.loading.moddiscovery.ModFile/LOADING]: Loading mod file /workspaces/test-aja/mods/ferritecore-6.0.1-forge.jar with languages [LanguageSpec[languageName=javafml, acceptedVersions=[28,)]]
[01Feb2026 06:53:52.501] [main/DEBUG] [net.minecraftforge.fml.loading.moddiscovery.ModFileParser/LOADING]: Considering mod file candidate /workspaces/test-aja/mods/rrls-4.0.6.1+mc1.20.1-forge.jar
[01Feb2026 06:53:52.502] [main/DEBUG] [net.minecraftforge.fml.loading.moddiscovery.ModFileInfo/LOADING]: Found valid mod file rrls-4.0.6.1+mc1.20.1-forge.jar with {rrls} mods - versions {4.0.6.1+mc1.20.1-forge}
[01Feb2026 06:53:52.502] [main/DEBUG] [net.minecraftforge.fml.loading.moddiscovery.ModFile/LOADING]: Loading mod file /workspaces/test-aja/mods/rrls-4.0.6.1+mc1.20.1-forge.jar with languages [LanguageSpec[languageName=lowcodefml, acceptedVersions=*]]
[01Feb2026 06:53:52.502] [main/DEBUG] [net.minecraftforge.fml.loading.moddiscovery.ModFileParser/LOADING]: Considering mod file candidate /workspaces/test-aja/mods/FallingTree-1.20.1-4.3.4.jar
[01Feb2026 06:53:52.502] [main/DEBUG] [net.minecraftforge.fml.loading.moddiscovery.ModFileInfo/LOADING]: Found valid mod file FallingTree-1.20.1-4.3.4.jar with {fallingtree} mods - versions {4.3.4}
[01Feb2026 06:53:52.502] [main/DEBUG] [net.minecraftforge.fml.loading.moddiscovery.ModFile/LOADING]: Loading mod file /workspaces/test-aja/mods/FallingTree-1.20.1-4.3.4.jar with languages [LanguageSpec[languageName=javafml, acceptedVersions=[47,)]]
[01Feb2026 06:53:52.503] [main/DEBUG] [net.minecraftforge.fml.loading.moddiscovery.ModFileParser/LOADING]: Considering mod file candidate /workspaces/test-aja/mods/JadeAddons-1.20.1-Forge-5.5.0.jar
[01Feb2026 06:53:52.503] [main/DEBUG] [net.minecraftforge.fml.loading.moddiscovery.ModFileInfo/LOADING]: Found valid mod file JadeAddons-1.20.1-Forge-5.5.0.jar with {jadeaddons} mods - versions {5.5.0+forge}
[01Feb2026 06:53:52.503] [main/DEBUG] [net.minecraftforge.fml.loading.moddiscovery.ModFile/LOADING]: Loading mod file /workspaces/test-aja/mods/JadeAddons-1.20.1-Forge-5.5.0.jar with languages [LanguageSpec[languageName=javafml, acceptedVersions=[46,)]]
[01Feb2026 06:53:52.503] [main/DEBUG] [net.minecraftforge.fml.loading.moddiscovery.ModFileParser/LOADING]: Considering mod file candidate /workspaces/test-aja/mods/simply_traps-1.7-forge-1.20.1.jar
[01Feb2026 06:53:52.504] [main/DEBUG] [net.minecraftforge.fml.loading.moddiscovery.ModFileInfo/LOADING]: Found valid mod file simply_traps-1.7-forge-1.20.1.jar with {simply_traps} mods - versions {1.7}
[01Feb2026 06:53:52.504] [main/DEBUG] [net.minecraftforge.fml.loading.moddiscovery.ModFile/LOADING]: Loading mod file /workspaces/test-aja/mods/simply_traps-1.7-forge-1.20.1.jar with languages [LanguageSpec[languageName=javafml, acceptedVersions=[47,)]]
[01Feb2026 06:53:52.504] [main/DEBUG] [net.minecraftforge.fml.loading.moddiscovery.ModFileParser/LOADING]: Considering mod file candidate /workspaces/test-aja/mods/skinrestorer-2.5.0+1.20-forge.jar
[01Feb2026 06:53:52.504] [main/DEBUG] [net.minecraftforge.fml.loading.moddiscovery.ModFileInfo/LOADING]: Found valid mod file skinrestorer-2.5.0+1.20-forge.jar with {skinrestorer} mods - versions {2.5.0+1.20-forge}
[01Feb2026 06:53:52.504] [main/DEBUG] [net.minecraftforge.fml.loading.moddiscovery.ModFile/LOADING]: Loading mod file /workspaces/test-aja/mods/skinrestorer-2.5.0+1.20-forge.jar with languages [LanguageSpec[languageName=javafml, acceptedVersions=[46,)]]
[01Feb2026 06:53:52.504] [main/DEBUG] [net.minecraftforge.fml.loading.moddiscovery.ModFile/LOADING]: Loading mod file  with languages []
[01Feb2026 06:53:52.505] [main/DEBUG] [net.minecraftforge.fml.loading.moddiscovery.ModFile/LOADING]: Loading mod file  with languages []
[01Feb2026 06:53:52.505] [main/DEBUG] [net.minecraftforge.fml.loading.moddiscovery.ModFile/LOADING]: Loading mod file  with languages []
[01Feb2026 06:53:52.505] [main/DEBUG] [net.minecraftforge.fml.loading.moddiscovery.ModFileParser/LOADING]: Considering mod file candidate 
[01Feb2026 06:53:52.505] [main/DEBUG] [net.minecraftforge.fml.loading.moddiscovery.ModFileInfo/LOADING]: Found valid mod file mixinextras-forge-0.2.0-beta.6.jar with {mixinextras} mods - versions {0.2.0-beta.6}
[01Feb2026 06:53:52.505] [main/DEBUG] [net.minecraftforge.fml.loading.moddiscovery.ModFile/LOADING]: Loading mod file  with languages [LanguageSpec[languageName=javafml, acceptedVersions=*]]
[01Feb2026 06:53:52.505] [main/DEBUG] [net.minecraftforge.fml.loading.moddiscovery.ModFile/LOADING]: Loading mod file  with languages []
[01Feb2026 06:53:52.505] [main/DEBUG] [net.minecraftforge.fml.loading.moddiscovery.ModFile/LOADING]: Loading mod file  with languages []
[01Feb2026 06:53:52.505] [main/DEBUG] [net.minecraftforge.fml.loading.moddiscovery.ModFile/LOADING]: Loading mod file  with languages []
[01Feb2026 06:53:52.505] [main/DEBUG] [net.minecraftforge.fml.loading.moddiscovery.ModFile/LOADING]: Loading mod file  with languages []
[01Feb2026 06:53:52.506] [main/DEBUG] [net.minecraftforge.fml.loading.moddiscovery.ModFile/LOADING]: Loading mod file  with languages []
[01Feb2026 06:53:52.506] [main/DEBUG] [net.minecraftforge.fml.loading.moddiscovery.ModFile/LOADING]: Loading mod file  with languages []
[01Feb2026 06:53:52.506] [main/DEBUG] [net.minecraftforge.fml.loading.moddiscovery.ModFile/LOADING]: Loading mod file  with languages []
[01Feb2026 06:53:52.506] [main/DEBUG] [net.minecraftforge.fml.loading.moddiscovery.ModFile/LOADING]: Loading mod file  with languages []
[01Feb2026 06:53:52.506] [main/DEBUG] [net.minecraftforge.fml.loading.moddiscovery.ModFileParser/LOADING]: Considering mod file candidate 
[01Feb2026 06:53:52.506] [main/DEBUG] [net.minecraftforge.fml.loading.moddiscovery.ModFileInfo/LOADING]: Found valid mod file mixinextras-forge-0.2.0-beta.6.jar with {mixinextras} mods - versions {0.2.0-beta.6}
[01Feb2026 06:53:52.506] [main/DEBUG] [net.minecraftforge.fml.loading.moddiscovery.ModFile/LOADING]: Loading mod file  with languages [LanguageSpec[languageName=javafml, acceptedVersions=*]]
[01Feb2026 06:53:52.506] [main/DEBUG] [net.minecraftforge.fml.loading.moddiscovery.ModFile/LOADING]: Loading mod file  with languages []
[01Feb2026 06:53:52.506] [main/DEBUG] [net.minecraftforge.fml.loading.moddiscovery.ModFile/LOADING]: Loading mod file  with languages []
[01Feb2026 06:53:52.507] [main/DEBUG] [net.minecraftforge.fml.loading.moddiscovery.ModFile/LOADING]: Loading mod file  with languages []
[01Feb2026 06:53:52.507] [main/DEBUG] [net.minecraftforge.fml.loading.moddiscovery.ModFile/LOADING]: Loading mod file  with languages []
[01Feb2026 06:53:52.507] [main/DEBUG] [net.minecraftforge.fml.loading.moddiscovery.ModFile/LOADING]: Loading mod file  with languages []
[01Feb2026 06:53:52.508] [main/DEBUG] [cpw.mods.modlauncher.TransformationServiceDecorator/MODLAUNCHER]: End scan trigger - transformation service fml
[01Feb2026 06:53:52.520] [main/DEBUG] [net.minecraftforge.fml.loading.LanguageLoadingProvider/CORE]: Found 4 language providers
[01Feb2026 06:53:52.521] [main/DEBUG] [net.minecraftforge.fml.loading.LanguageLoadingProvider/CORE]: Found language provider minecraft, version 1.0
[01Feb2026 06:53:52.521] [main/DEBUG] [net.minecraftforge.fml.loading.LanguageLoadingProvider/CORE]: Found language provider kotlinforforge, version 4.12.0
[01Feb2026 06:53:52.521] [main/DEBUG] [net.minecraftforge.fml.loading.LanguageLoadingProvider/CORE]: Found language provider lowcodefml, version 47
[01Feb2026 06:53:52.522] [main/DEBUG] [net.minecraftforge.fml.loading.LanguageLoadingProvider/CORE]: Found language provider javafml, version 47
[01Feb2026 06:53:52.524] [main/DEBUG] [net.minecraftforge.fml.loading.UniqueModListBuilder/]: Found 2 mods for first modid mclib, selecting most recent based on version data
[01Feb2026 06:53:52.525] [main/DEBUG] [net.minecraftforge.fml.loading.UniqueModListBuilder/]: Selected file mclib-20.jar for modid mclib with version 0.0NONE
[01Feb2026 06:53:52.525] [main/DEBUG] [net.minecraftforge.fml.loading.UniqueModListBuilder/]: Found 2 mods for first modid luaj.core.figura, selecting most recent based on version data
[01Feb2026 06:53:52.525] [main/DEBUG] [net.minecraftforge.fml.loading.UniqueModListBuilder/]: Selected file luaj-core-3.0.8-figura.jar for modid luaj.core.figura with version 0.0NONE
[01Feb2026 06:53:52.525] [main/DEBUG] [net.minecraftforge.fml.loading.UniqueModListBuilder/]: Found 2 mods for first modid java.client.SNAPSHOT, selecting most recent based on version data
[01Feb2026 06:53:52.525] [main/DEBUG] [net.minecraftforge.fml.loading.UniqueModListBuilder/]: Selected file java-client-3.2.1-SNAPSHOT.jar for modid java.client.SNAPSHOT with version 0.0NONE
[01Feb2026 06:53:52.525] [main/DEBUG] [net.minecraftforge.fml.loading.UniqueModListBuilder/]: Found 2 mods for first modid mixinextras, selecting most recent based on version data
[01Feb2026 06:53:52.525] [main/DEBUG] [net.minecraftforge.fml.loading.UniqueModListBuilder/]: Selected file mixinextras-forge-0.2.0-beta.6.jar for modid mixinextras with version 0.2.0-beta.6
[01Feb2026 06:53:52.525] [main/DEBUG] [net.minecraftforge.fml.loading.UniqueModListBuilder/]: Found 2 mods for first modid luaj.jse.figura, selecting most recent based on version data
[01Feb2026 06:53:52.525] [main/DEBUG] [net.minecraftforge.fml.loading.UniqueModListBuilder/]: Selected file luaj-jse-3.0.8-figura.jar for modid luaj.jse.figura with version 0.0NONE
[01Feb2026 06:53:52.525] [main/DEBUG] [net.minecraftforge.fml.loading.UniqueModListBuilder/]: Found 2 mods for first modid org.apache.bcel, selecting most recent based on version data
[01Feb2026 06:53:52.525] [main/DEBUG] [net.minecraftforge.fml.loading.UniqueModListBuilder/]: Selected file bcel-6.6.1.jar for modid org.apache.bcel with version 6.6.1
[01Feb2026 06:53:52.525] [main/DEBUG] [net.minecraftforge.fml.loading.UniqueModListBuilder/]: Found 2 mods for first modid thedarkcolour.kotlinforforge.kfflib, selecting most recent based on version data
[01Feb2026 06:53:52.525] [main/DEBUG] [net.minecraftforge.fml.loading.UniqueModListBuilder/]: Selected file kfflib-4.12.0.jar for modid thedarkcolour.kotlinforforge.kfflib with version 4.12.0
[01Feb2026 06:53:52.526] [main/DEBUG] [net.minecraftforge.fml.loading.UniqueModListBuilder/]: Found 2 mods for first modid MixinExtras, selecting most recent based on version data
[01Feb2026 06:53:52.526] [main/DEBUG] [net.minecraftforge.fml.loading.UniqueModListBuilder/]: Selected file MixinExtras-0.4.1.jar for modid MixinExtras with version 0.0NONE
[01Feb2026 06:53:52.526] [main/DEBUG] [net.minecraftforge.fml.loading.UniqueModListBuilder/]: Found 2 mods for first modid commons.math3, selecting most recent based on version data
[01Feb2026 06:53:52.526] [main/DEBUG] [net.minecraftforge.fml.loading.UniqueModListBuilder/]: Selected file commons-math3-3.6.1.jar for modid commons.math3 with version 3.6.1
[01Feb2026 06:53:52.527] [main/DEBUG] [net.minecraftforge.fml.loading.ModSorter/]: Configured system mods: [minecraft, forge]
[01Feb2026 06:53:52.527] [main/DEBUG] [net.minecraftforge.fml.loading.ModSorter/]: Found system mod: minecraft
[01Feb2026 06:53:52.527] [main/DEBUG] [net.minecraftforge.fml.loading.ModSorter/]: Found system mod: forge
[01Feb2026 06:53:52.529] [main/DEBUG] [net.minecraftforge.fml.loading.ModSorter/LOADING]: Found 100 mod requirements (88 mandatory, 12 optional)
[01Feb2026 06:53:52.530] [main/DEBUG] [net.minecraftforge.fml.loading.ModSorter/LOADING]: Found 0 mod requirements missing (0 mandatory, 0 optional)
[01Feb2026 06:53:52.990] [main/DEBUG] [cpw.mods.modlauncher.TransformationServicesHandler/MODLAUNCHER]: Transformation services loading transformers
[01Feb2026 06:53:52.990] [main/DEBUG] [cpw.mods.modlauncher.TransformationServiceDecorator/MODLAUNCHER]: Initializing transformers for transformation service mixin
[01Feb2026 06:53:52.991] [main/DEBUG] [cpw.mods.modlauncher.TransformationServiceDecorator/MODLAUNCHER]: Initialized transformers for transformation service mixin
[01Feb2026 06:53:52.991] [main/DEBUG] [cpw.mods.modlauncher.TransformationServiceDecorator/MODLAUNCHER]: Initializing transformers for transformation service fml
[01Feb2026 06:53:52.991] [main/DEBUG] [net.minecraftforge.fml.loading.FMLServiceProvider/CORE]: Loading coremod transformers
[01Feb2026 06:53:52.991] [main/DEBUG] [net.minecraftforge.coremod.CoreModEngine/COREMOD]: Loading CoreMod from META-INF/openpartiesandclaims_core.js
[01Feb2026 06:53:53.228] [main/DEBUG] [net.minecraftforge.coremod.CoreModEngine/COREMOD]: CoreMod loaded successfully
[01Feb2026 06:53:53.228] [main/DEBUG] [net.minecraftforge.coremod.CoreModEngine/COREMOD]: Loading CoreMod from META-INF/xaeroworldmap_core.js
[01Feb2026 06:53:53.271] [main/DEBUG] [net.minecraftforge.coremod.CoreModEngine/COREMOD]: CoreMod loaded successfully
[01Feb2026 06:53:53.271] [main/DEBUG] [net.minecraftforge.coremod.CoreModEngine/COREMOD]: Loading CoreMod from coremods/field_to_method.js
[01Feb2026 06:53:53.291] [main/DEBUG] [net.minecraftforge.coremod.CoreModEngine/COREMOD]: CoreMod loaded successfully
[01Feb2026 06:53:53.292] [main/DEBUG] [net.minecraftforge.coremod.CoreModEngine/COREMOD]: Loading CoreMod from coremods/field_to_instanceof.js
[01Feb2026 06:53:53.366] [main/DEBUG] [net.minecraftforge.coremod.CoreModEngine/COREMOD]: CoreMod loaded successfully
[01Feb2026 06:53:53.366] [main/DEBUG] [net.minecraftforge.coremod.CoreModEngine/COREMOD]: Loading CoreMod from coremods/add_bouncer_method.js
[01Feb2026 06:53:53.392] [main/DEBUG] [net.minecraftforge.coremod.CoreModEngine/COREMOD]: CoreMod loaded successfully
[01Feb2026 06:53:53.392] [main/DEBUG] [net.minecraftforge.coremod.CoreModEngine/COREMOD]: Loading CoreMod from coremods/method_redirector.js
[01Feb2026 06:53:53.455] [main/DEBUG] [net.minecraftforge.coremod.CoreModEngine/COREMOD]: CoreMod loaded successfully
[01Feb2026 06:53:53.455] [main/DEBUG] [net.minecraftforge.coremod.CoreModEngine/COREMOD]: Loading CoreMod from META-INF/xaerohud_core.js
[01Feb2026 06:53:53.492] [main/DEBUG] [net.minecraftforge.coremod.CoreModEngine/COREMOD]: CoreMod loaded successfully
[01Feb2026 06:53:53.504] [main/DEBUG] [cpw.mods.modlauncher.TransformStore/MODLAUNCHER]: Adding transformer net.minecraftforge.coremod.transformer.CoreModClassTransformer@19dc0d32 to Target : CLASS {Lnet/minecraft/world/level/biome/Biome;} {} {V}
[01Feb2026 06:53:53.505] [main/DEBUG] [cpw.mods.modlauncher.TransformStore/MODLAUNCHER]: Adding transformer net.minecraftforge.coremod.transformer.CoreModClassTransformer@5927f904 to Target : CLASS {Lnet/minecraft/world/level/levelgen/structure/Structure;} {} {V}
[01Feb2026 06:53:53.505] [main/DEBUG] [cpw.mods.modlauncher.TransformStore/MODLAUNCHER]: Adding transformer net.minecraftforge.coremod.transformer.CoreModClassTransformer@2bb62414 to Target : CLASS {Lnet/minecraft/world/effect/MobEffectInstance;} {} {V}
[01Feb2026 06:53:53.505] [main/DEBUG] [cpw.mods.modlauncher.TransformStore/MODLAUNCHER]: Adding transformer net.minecraftforge.coremod.transformer.CoreModClassTransformer@413d2cd1 to Target : CLASS {Lnet/minecraft/world/level/block/LiquidBlock;} {} {V}
[01Feb2026 06:53:53.505] [main/DEBUG] [cpw.mods.modlauncher.TransformStore/MODLAUNCHER]: Adding transformer net.minecraftforge.coremod.transformer.CoreModClassTransformer@644d1b61 to Target : CLASS {Lnet/minecraft/world/item/BucketItem;} {} {V}
[01Feb2026 06:53:53.506] [main/DEBUG] [cpw.mods.modlauncher.TransformStore/MODLAUNCHER]: Adding transformer net.minecraftforge.coremod.transformer.CoreModClassTransformer@2443135 to Target : CLASS {Lnet/minecraft/world/level/block/StairBlock;} {} {V}
[01Feb2026 06:53:53.506] [main/DEBUG] [cpw.mods.modlauncher.TransformStore/MODLAUNCHER]: Adding transformer net.minecraftforge.coremod.transformer.CoreModClassTransformer@184823ed to Target : CLASS {Lnet/minecraft/world/level/block/FlowerPotBlock;} {} {V}
[01Feb2026 06:53:53.506] [main/DEBUG] [cpw.mods.modlauncher.TransformStore/MODLAUNCHER]: Adding transformer net.minecraftforge.coremod.transformer.CoreModClassTransformer@30bbcf91 to Target : CLASS {Lnet/minecraft/world/item/ItemStack;} {} {V}
[01Feb2026 06:53:53.506] [main/DEBUG] [cpw.mods.modlauncher.TransformStore/MODLAUNCHER]: Adding transformer net.minecraftforge.coremod.transformer.CoreModClassTransformer@3ca14cf4 to Target : CLASS {Lnet/minecraft/network/play/client/CClientSettingsPacket;} {} {V}
[01Feb2026 06:53:53.506] [main/DEBUG] [cpw.mods.modlauncher.TransformStore/MODLAUNCHER]: Adding transformer net.minecraftforge.coremod.transformer.CoreModClassTransformer@1f4f0fcc to Target : CLASS {Lnet/minecraft/server/commands/SummonCommand;} {} {V}
[01Feb2026 06:53:53.506] [main/DEBUG] [cpw.mods.modlauncher.TransformStore/MODLAUNCHER]: Adding transformer net.minecraftforge.coremod.transformer.CoreModClassTransformer@1f4f0fcc to Target : CLASS {Lnet/minecraft/world/level/levelgen/structure/structures/OceanRuinPieces$OceanRuinPiece;} {} {V}
[01Feb2026 06:53:53.506] [main/DEBUG] [cpw.mods.modlauncher.TransformStore/MODLAUNCHER]: Adding transformer net.minecraftforge.coremod.transformer.CoreModClassTransformer@1f4f0fcc to Target : CLASS {Lnet/minecraft/world/entity/monster/Strider;} {} {V}
[01Feb2026 06:53:53.506] [main/DEBUG] [cpw.mods.modlauncher.TransformStore/MODLAUNCHER]: Adding transformer net.minecraftforge.coremod.transformer.CoreModClassTransformer@1f4f0fcc to Target : CLASS {Lnet/minecraft/server/commands/RaidCommand;} {} {V}
[01Feb2026 06:53:53.506] [main/DEBUG] [cpw.mods.modlauncher.TransformStore/MODLAUNCHER]: Adding transformer net.minecraftforge.coremod.transformer.CoreModClassTransformer@1f4f0fcc to Target : CLASS {Lnet/minecraft/world/entity/monster/ZombieVillager;} {} {V}
[01Feb2026 06:53:53.506] [main/DEBUG] [cpw.mods.modlauncher.TransformStore/MODLAUNCHER]: Adding transformer net.minecraftforge.coremod.transformer.CoreModClassTransformer@1f4f0fcc to Target : CLASS {Lnet/minecraft/world/level/levelgen/structure/structures/WoodlandMansionPieces$WoodlandMansionPiece;} {} {V}
[01Feb2026 06:53:53.506] [main/DEBUG] [cpw.mods.modlauncher.TransformStore/MODLAUNCHER]: Adding transformer net.minecraftforge.coremod.transformer.CoreModClassTransformer@1f4f0fcc to Target : CLASS {Lnet/minecraft/world/entity/monster/Evoker$EvokerSummonSpellGoal;} {} {V}
[01Feb2026 06:53:53.506] [main/DEBUG] [cpw.mods.modlauncher.TransformStore/MODLAUNCHER]: Adding transformer net.minecraftforge.coremod.transformer.CoreModClassTransformer@1f4f0fcc to Target : CLASS {Lnet/minecraft/world/entity/EntityType;} {} {V}
[01Feb2026 06:53:53.507] [main/DEBUG] [cpw.mods.modlauncher.TransformStore/MODLAUNCHER]: Adding transformer net.minecraftforge.coremod.transformer.CoreModClassTransformer@1f4f0fcc to Target : CLASS {Lnet/minecraft/world/entity/ai/village/VillageSiege;} {} {V}
[01Feb2026 06:53:53.507] [main/DEBUG] [cpw.mods.modlauncher.TransformStore/MODLAUNCHER]: Adding transformer net.minecraftforge.coremod.transformer.CoreModClassTransformer@1f4f0fcc to Target : CLASS {Lnet/minecraft/world/entity/animal/frog/Tadpole;} {} {V}
[01Feb2026 06:53:53.507] [main/DEBUG] [cpw.mods.modlauncher.TransformStore/MODLAUNCHER]: Adding transformer net.minecraftforge.coremod.transformer.CoreModClassTransformer@1f4f0fcc to Target : CLASS {Lnet/minecraft/world/entity/animal/horse/SkeletonTrapGoal;} {} {V}
[01Feb2026 06:53:53.507] [main/DEBUG] [cpw.mods.modlauncher.TransformStore/MODLAUNCHER]: Adding transformer net.minecraftforge.coremod.transformer.CoreModClassTransformer@1f4f0fcc to Target : CLASS {Lnet/minecraft/world/entity/npc/Villager;} {} {V}
[01Feb2026 06:53:53.507] [main/DEBUG] [cpw.mods.modlauncher.TransformStore/MODLAUNCHER]: Adding transformer net.minecraftforge.coremod.transformer.CoreModClassTransformer@1f4f0fcc to Target : CLASS {Lnet/minecraft/world/level/NaturalSpawner;} {} {V}
[01Feb2026 06:53:53.507] [main/DEBUG] [cpw.mods.modlauncher.TransformStore/MODLAUNCHER]: Adding transformer net.minecraftforge.coremod.transformer.CoreModClassTransformer@1f4f0fcc to Target : CLASS {Lnet/minecraft/world/level/levelgen/structure/structures/SwampHutPiece;} {} {V}
[01Feb2026 06:53:53.507] [main/DEBUG] [cpw.mods.modlauncher.TransformStore/MODLAUNCHER]: Adding transformer net.minecraftforge.coremod.transformer.CoreModClassTransformer@1f4f0fcc to Target : CLASS {Lnet/minecraft/world/entity/monster/Zombie;} {} {V}
[01Feb2026 06:53:53.507] [main/DEBUG] [cpw.mods.modlauncher.TransformStore/MODLAUNCHER]: Adding transformer net.minecraftforge.coremod.transformer.CoreModClassTransformer@1f4f0fcc to Target : CLASS {Lnet/minecraft/world/entity/npc/CatSpawner;} {} {V}
[01Feb2026 06:53:53.507] [main/DEBUG] [cpw.mods.modlauncher.TransformStore/MODLAUNCHER]: Adding transformer net.minecraftforge.coremod.transformer.CoreModClassTransformer@1f4f0fcc to Target : CLASS {Lnet/minecraft/world/entity/monster/Spider;} {} {V}
[01Feb2026 06:53:53.507] [main/DEBUG] [cpw.mods.modlauncher.TransformStore/MODLAUNCHER]: Adding transformer net.minecraftforge.coremod.transformer.CoreModClassTransformer@1f4f0fcc to Target : CLASS {Lnet/minecraft/world/entity/raid/Raid;} {} {V}
[01Feb2026 06:53:53.507] [main/DEBUG] [cpw.mods.modlauncher.TransformStore/MODLAUNCHER]: Adding transformer net.minecraftforge.coremod.transformer.CoreModClassTransformer@1f4f0fcc to Target : CLASS {Lnet/minecraft/world/level/levelgen/PhantomSpawner;} {} {V}
[01Feb2026 06:53:53.509] [main/DEBUG] [cpw.mods.modlauncher.TransformStore/MODLAUNCHER]: Adding transformer net.minecraftforge.coremod.transformer.CoreModClassTransformer@1f4f0fcc to Target : CLASS {Lnet/minecraft/world/level/levelgen/PatrolSpawner;} {} {V}
[01Feb2026 06:53:53.509] [main/DEBUG] [cpw.mods.modlauncher.TransformStore/MODLAUNCHER]: Adding transformer net.minecraftforge.coremod.transformer.CoreModClassTransformer@1f4f0fcc to Target : CLASS {Lnet/minecraft/world/level/levelgen/structure/structures/OceanMonumentPieces$OceanMonumentPiece;} {} {V}
[01Feb2026 06:53:53.509] [main/DEBUG] [cpw.mods.modlauncher.TransformStore/MODLAUNCHER]: Adding transformer net.minecraftforge.coremod.transformer.CoreModClassTransformer@1f4f0fcc to Target : CLASS {Lnet/minecraft/world/level/levelgen/structure/templatesystem/StructureTemplate;} {} {V}
[01Feb2026 06:53:53.510] [main/DEBUG] [cpw.mods.modlauncher.TransformStore/MODLAUNCHER]: Adding transformer net.minecraftforge.coremod.transformer.CoreModMethodTransformer@28e8888d to Target : METHOD {Lnet/minecraft/world/level/EntityGetter;} {m_183134_} {(Lnet/minecraft/world/entity/Entity;Lnet/minecraft/world/phys/AABB;)Ljava/util/List;}
[01Feb2026 06:53:53.510] [main/DEBUG] [cpw.mods.modlauncher.TransformStore/MODLAUNCHER]: Adding transformer net.minecraftforge.coremod.transformer.CoreModMethodTransformer@1e98b788 to Target : METHOD {Lnet/minecraft/world/level/block/ButtonBlock;} {m_51120_} {(Lnet/minecraft/world/level/block/state/BlockState;Lnet/minecraft/world/level/Level;Lnet/minecraft/core/BlockPos;)V}
[01Feb2026 06:53:53.510] [main/DEBUG] [cpw.mods.modlauncher.TransformStore/MODLAUNCHER]: Adding transformer net.minecraftforge.coremod.transformer.CoreModMethodTransformer@794eeaf8 to Target : METHOD {Lnet/minecraft/world/level/block/BasePressurePlateBlock;} {m_289607_} {(Lnet/minecraft/world/level/Level;Lnet/minecraft/world/phys/AABB;Ljava/lang/Class;)I}
[01Feb2026 06:53:53.510] [main/DEBUG] [cpw.mods.modlauncher.TransformStore/MODLAUNCHER]: Adding transformer net.minecraftforge.coremod.transformer.CoreModMethodTransformer@37c5284a to Target : METHOD {Lnet/minecraft/client/ToggleKeyMapping;} {m_90857_} {()Z}
[01Feb2026 06:53:53.510] [main/DEBUG] [cpw.mods.modlauncher.TransformationServiceDecorator/MODLAUNCHER]: Initialized transformers for transformation service fml
[01Feb2026 06:53:54.384] [main/DEBUG] [mixin/]: Processing prepare() for PlatformAgent[MixinPlatformAgentDefault:ModLauncher Root Container(ModLauncher:4f56a0a2)]
[01Feb2026 06:53:54.384] [main/DEBUG] [mixin/]: Processing launch tasks for PlatformAgent[MixinPlatformAgentDefault:ModLauncher Root Container(ModLauncher:4f56a0a2)]
[01Feb2026 06:53:54.384] [main/DEBUG] [mixin/]: Adding mixin platform agents for container SecureJarResource(doubledoors)
[01Feb2026 06:53:54.384] [main/DEBUG] [mixin/]: Instancing new MixinPlatformAgentMinecraftForge for SecureJarResource(doubledoors)
[01Feb2026 06:53:54.384] [main/DEBUG] [mixin/]: MixinPlatformAgentMinecraftForge rejected container SecureJarResource(doubledoors)
[01Feb2026 06:53:54.384] [main/DEBUG] [mixin/]: Instancing new MixinPlatformAgentDefault for SecureJarResource(doubledoors)
[01Feb2026 06:53:54.384] [main/DEBUG] [mixin/]: MixinPlatformAgentDefault accepted container SecureJarResource(doubledoors)
[01Feb2026 06:53:54.384] [main/DEBUG] [mixin/]: Processing prepare() for PlatformAgent[MixinPlatformAgentDefault:SecureJarResource(doubledoors)]
[01Feb2026 06:53:54.385] [main/DEBUG] [mixin/]: Registering mixin config: doubledoors_forge.mixins.json
[01Feb2026 06:53:54.399] [main/DEBUG] [mixin/]: Compatibility level JAVA_17 specified by doubledoors_forge.mixins.json is higher than the maximum level supported by this version of mixin (JAVA_13).
[01Feb2026 06:53:54.402] [main/INFO] [mixin/]: Compatibility level set to JAVA_17
[01Feb2026 06:53:54.403] [main/DEBUG] [mixin/]: Adding mixin platform agents for container SecureJarResource(kuma_api)
[01Feb2026 06:53:54.403] [main/DEBUG] [mixin/]: Instancing new MixinPlatformAgentMinecraftForge for SecureJarResource(kuma_api)
[01Feb2026 06:53:54.403] [main/DEBUG] [mixin/]: MixinPlatformAgentMinecraftForge rejected container SecureJarResource(kuma_api)
[01Feb2026 06:53:54.403] [main/DEBUG] [mixin/]: Instancing new MixinPlatformAgentDefault for SecureJarResource(kuma_api)
[01Feb2026 06:53:54.403] [main/DEBUG] [mixin/]: MixinPlatformAgentDefault accepted container SecureJarResource(kuma_api)
[01Feb2026 06:53:54.403] [main/DEBUG] [mixin/]: Processing prepare() for PlatformAgent[MixinPlatformAgentDefault:SecureJarResource(kuma_api)]
[01Feb2026 06:53:54.403] [main/DEBUG] [mixin/]: Registering mixin config: kuma_api.mixins.json
[01Feb2026 06:53:54.404] [main/DEBUG] [mixin/]: Registering mixin config: kuma_api.forge.mixins.json
[01Feb2026 06:53:54.406] [main/DEBUG] [mixin/]: Adding mixin platform agents for container SecureJarResource(almanac)
[01Feb2026 06:53:54.406] [main/DEBUG] [mixin/]: Instancing new MixinPlatformAgentMinecraftForge for SecureJarResource(almanac)
[01Feb2026 06:53:54.406] [main/DEBUG] [mixin/]: MixinPlatformAgentMinecraftForge rejected container SecureJarResource(almanac)
[01Feb2026 06:53:54.406] [main/DEBUG] [mixin/]: Instancing new MixinPlatformAgentDefault for SecureJarResource(almanac)
[01Feb2026 06:53:54.406] [main/DEBUG] [mixin/]: MixinPlatformAgentDefault accepted container SecureJarResource(almanac)
[01Feb2026 06:53:54.406] [main/DEBUG] [mixin/]: Processing prepare() for PlatformAgent[MixinPlatformAgentDefault:SecureJarResource(almanac)]
[01Feb2026 06:53:54.406] [main/DEBUG] [mixin/]: Registering mixin config: almanac.mixins.json
[01Feb2026 06:53:54.407] [main/DEBUG] [mixin/]: Adding mixin platform agents for container SecureJarResource(openpartiesandclaims)
[01Feb2026 06:53:54.407] [main/DEBUG] [mixin/]: Instancing new MixinPlatformAgentMinecraftForge for SecureJarResource(openpartiesandclaims)
[01Feb2026 06:53:54.407] [main/DEBUG] [mixin/]: MixinPlatformAgentMinecraftForge rejected container SecureJarResource(openpartiesandclaims)
[01Feb2026 06:53:54.407] [main/DEBUG] [mixin/]: Instancing new MixinPlatformAgentDefault for SecureJarResource(openpartiesandclaims)
[01Feb2026 06:53:54.407] [main/DEBUG] [mixin/]: MixinPlatformAgentDefault accepted container SecureJarResource(openpartiesandclaims)
[01Feb2026 06:53:54.407] [main/DEBUG] [mixin/]: Processing prepare() for PlatformAgent[MixinPlatformAgentDefault:SecureJarResource(openpartiesandclaims)]
[01Feb2026 06:53:54.407] [main/DEBUG] [mixin/]: Registering mixin config: openpartiesandclaims.mixins.json
[01Feb2026 06:53:54.410] [main/DEBUG] [mixin/]: Registering mixin config: openpartiesandclaims.forge.mixins.json
[01Feb2026 06:53:54.411] [main/DEBUG] [mixin/]: Registering mixin config: openpartiesandclaims.create.mixins.json
[01Feb2026 06:53:54.414] [main/DEBUG] [mixin/]: Registering mixin config: openpartiesandclaims.create.forge.mixins.json
[01Feb2026 06:53:54.415] [main/DEBUG] [mixin/]: Adding mixin platform agents for container SecureJarResource(geckolib)
[01Feb2026 06:53:54.415] [main/DEBUG] [mixin/]: Instancing new MixinPlatformAgentMinecraftForge for SecureJarResource(geckolib)
[01Feb2026 06:53:54.415] [main/DEBUG] [mixin/]: MixinPlatformAgentMinecraftForge rejected container SecureJarResource(geckolib)
[01Feb2026 06:53:54.415] [main/DEBUG] [mixin/]: Instancing new MixinPlatformAgentDefault for SecureJarResource(geckolib)
[01Feb2026 06:53:54.415] [main/DEBUG] [mixin/]: MixinPlatformAgentDefault accepted container SecureJarResource(geckolib)
[01Feb2026 06:53:54.416] [main/DEBUG] [mixin/]: Processing prepare() for PlatformAgent[MixinPlatformAgentDefault:SecureJarResource(geckolib)]
[01Feb2026 06:53:54.416] [main/DEBUG] [mixin/]: Registering mixin config: geckolib.mixins.json
[01Feb2026 06:53:54.417] [main/DEBUG] [mixin/]: Adding mixin platform agents for container SecureJarResource(undeadnights)
[01Feb2026 06:53:54.417] [main/DEBUG] [mixin/]: Instancing new MixinPlatformAgentMinecraftForge for SecureJarResource(undeadnights)
[01Feb2026 06:53:54.417] [main/DEBUG] [mixin/]: MixinPlatformAgentMinecraftForge rejected container SecureJarResource(undeadnights)
[01Feb2026 06:53:54.417] [main/DEBUG] [mixin/]: Instancing new MixinPlatformAgentDefault for SecureJarResource(undeadnights)
[01Feb2026 06:53:54.417] [main/DEBUG] [mixin/]: MixinPlatformAgentDefault accepted container SecureJarResource(undeadnights)
[01Feb2026 06:53:54.418] [main/DEBUG] [mixin/]: Processing prepare() for PlatformAgent[MixinPlatformAgentDefault:SecureJarResource(undeadnights)]
[01Feb2026 06:53:54.418] [main/DEBUG] [mixin/]: Registering mixin config: undeadnights.mixins.json
[01Feb2026 06:53:54.419] [main/DEBUG] [mixin/]: Adding mixin platform agents for container SecureJarResource(jei)
[01Feb2026 06:53:54.419] [main/DEBUG] [mixin/]: Instancing new MixinPlatformAgentMinecraftForge for SecureJarResource(jei)
[01Feb2026 06:53:54.419] [main/DEBUG] [mixin/]: MixinPlatformAgentMinecraftForge rejected container SecureJarResource(jei)
[01Feb2026 06:53:54.419] [main/DEBUG] [mixin/]: Instancing new MixinPlatformAgentDefault for SecureJarResource(jei)
[01Feb2026 06:53:54.420] [main/DEBUG] [mixin/]: MixinPlatformAgentDefault accepted container SecureJarResource(jei)
[01Feb2026 06:53:54.420] [main/DEBUG] [mixin/]: Processing prepare() for PlatformAgent[MixinPlatformAgentDefault:SecureJarResource(jei)]
[01Feb2026 06:53:54.420] [main/DEBUG] [mixin/]: Adding mixin platform agents for container SecureJarResource(xaerolib)
[01Feb2026 06:53:54.420] [main/DEBUG] [mixin/]: Instancing new MixinPlatformAgentMinecraftForge for SecureJarResource(xaerolib)
[01Feb2026 06:53:54.420] [main/DEBUG] [mixin/]: MixinPlatformAgentMinecraftForge rejected container SecureJarResource(xaerolib)
[01Feb2026 06:53:54.421] [main/DEBUG] [mixin/]: Instancing new MixinPlatformAgentDefault for SecureJarResource(xaerolib)
[01Feb2026 06:53:54.421] [main/DEBUG] [mixin/]: MixinPlatformAgentDefault accepted container SecureJarResource(xaerolib)
[01Feb2026 06:53:54.421] [main/DEBUG] [mixin/]: Processing prepare() for PlatformAgent[MixinPlatformAgentDefault:SecureJarResource(xaerolib)]
[01Feb2026 06:53:54.421] [main/DEBUG] [mixin/]: Registering mixin config: xaerolib.mixins.json
[01Feb2026 06:53:54.422] [main/DEBUG] [mixin/]: Registering mixin config: xaerolib.forge.mixins.json
[01Feb2026 06:53:54.423] [main/DEBUG] [mixin/]: Adding mixin platform agents for container SecureJarResource(tacz)
[01Feb2026 06:53:54.423] [main/DEBUG] [mixin/]: Instancing new MixinPlatformAgentMinecraftForge for SecureJarResource(tacz)
[01Feb2026 06:53:54.423] [main/DEBUG] [mixin/]: MixinPlatformAgentMinecraftForge rejected container SecureJarResource(tacz)
[01Feb2026 06:53:54.423] [main/DEBUG] [mixin/]: Instancing new MixinPlatformAgentDefault for SecureJarResource(tacz)
[01Feb2026 06:53:54.423] [main/DEBUG] [mixin/]: MixinPlatformAgentDefault accepted container SecureJarResource(tacz)
[01Feb2026 06:53:54.423] [main/DEBUG] [mixin/]: Processing prepare() for PlatformAgent[MixinPlatformAgentDefault:SecureJarResource(tacz)]
[01Feb2026 06:53:54.423] [main/DEBUG] [mixin/]: Registering mixin config: tacz.mixins.json
[01Feb2026 06:53:54.425] [main/DEBUG] [mixin/]: Registering mixin config: tacz.compat.acceleratedrendering.mixins.json
[01Feb2026 06:53:54.426] [main/DEBUG] [mixin/]: Adding mixin platform agents for container SecureJarResource(dynamiclights)
[01Feb2026 06:53:54.426] [main/DEBUG] [mixin/]: Instancing new MixinPlatformAgentMinecraftForge for SecureJarResource(dynamiclights)
[01Feb2026 06:53:54.426] [main/DEBUG] [mixin/]: MixinPlatformAgentMinecraftForge rejected container SecureJarResource(dynamiclights)
[01Feb2026 06:53:54.427] [main/DEBUG] [mixin/]: Instancing new MixinPlatformAgentDefault for SecureJarResource(dynamiclights)
[01Feb2026 06:53:54.427] [main/DEBUG] [mixin/]: MixinPlatformAgentDefault accepted container SecureJarResource(dynamiclights)
[01Feb2026 06:53:54.427] [main/DEBUG] [mixin/]: Processing prepare() for PlatformAgent[MixinPlatformAgentDefault:SecureJarResource(dynamiclights)]
[01Feb2026 06:53:54.427] [main/DEBUG] [mixin/]: Adding mixin platform agents for container SecureJarResource(sophisticatedcore)
[01Feb2026 06:53:54.427] [main/DEBUG] [mixin/]: Instancing new MixinPlatformAgentMinecraftForge for SecureJarResource(sophisticatedcore)
[01Feb2026 06:53:54.427] [main/DEBUG] [mixin/]: MixinPlatformAgentMinecraftForge rejected container SecureJarResource(sophisticatedcore)
[01Feb2026 06:53:54.428] [main/DEBUG] [mixin/]: Instancing new MixinPlatformAgentDefault for SecureJarResource(sophisticatedcore)
[01Feb2026 06:53:54.428] [main/DEBUG] [mixin/]: MixinPlatformAgentDefault accepted container SecureJarResource(sophisticatedcore)
[01Feb2026 06:53:54.428] [main/DEBUG] [mixin/]: Processing prepare() for PlatformAgent[MixinPlatformAgentDefault:SecureJarResource(sophisticatedcore)]
[01Feb2026 06:53:54.428] [main/DEBUG] [mixin/]: Registering mixin config: sophisticatedcore.mixins.json
[01Feb2026 06:53:54.430] [main/DEBUG] [mixin/]: Adding mixin platform agents for container SecureJarResource(underground_bunkers)
[01Feb2026 06:53:54.430] [main/DEBUG] [mixin/]: Instancing new MixinPlatformAgentMinecraftForge for SecureJarResource(underground_bunkers)
[01Feb2026 06:53:54.430] [main/DEBUG] [mixin/]: MixinPlatformAgentMinecraftForge rejected container SecureJarResource(underground_bunkers)
[01Feb2026 06:53:54.430] [main/DEBUG] [mixin/]: Instancing new MixinPlatformAgentDefault for SecureJarResource(underground_bunkers)
[01Feb2026 06:53:54.430] [main/DEBUG] [mixin/]: MixinPlatformAgentDefault accepted container SecureJarResource(underground_bunkers)
[01Feb2026 06:53:54.430] [main/DEBUG] [mixin/]: Processing prepare() for PlatformAgent[MixinPlatformAgentDefault:SecureJarResource(underground_bunkers)]
[01Feb2026 06:53:54.430] [main/DEBUG] [mixin/]: Adding mixin platform agents for container SecureJarResource(waystones)
[01Feb2026 06:53:54.431] [main/DEBUG] [mixin/]: Instancing new MixinPlatformAgentMinecraftForge for SecureJarResource(waystones)
[01Feb2026 06:53:54.431] [main/DEBUG] [mixin/]: MixinPlatformAgentMinecraftForge rejected container SecureJarResource(waystones)
[01Feb2026 06:53:54.431] [main/DEBUG] [mixin/]: Instancing new MixinPlatformAgentDefault for SecureJarResource(waystones)
[01Feb2026 06:53:54.431] [main/DEBUG] [mixin/]: MixinPlatformAgentDefault accepted container SecureJarResource(waystones)
[01Feb2026 06:53:54.431] [main/DEBUG] [mixin/]: Processing prepare() for PlatformAgent[MixinPlatformAgentDefault:SecureJarResource(waystones)]
[01Feb2026 06:53:54.431] [main/DEBUG] [mixin/]: Registering mixin config: waystones.mixins.json
[01Feb2026 06:53:54.432] [main/DEBUG] [mixin/]: Adding mixin platform agents for container SecureJarResource(clumps)
[01Feb2026 06:53:54.432] [main/DEBUG] [mixin/]: Instancing new MixinPlatformAgentMinecraftForge for SecureJarResource(clumps)
[01Feb2026 06:53:54.432] [main/DEBUG] [mixin/]: MixinPlatformAgentMinecraftForge rejected container SecureJarResource(clumps)
[01Feb2026 06:53:54.432] [main/DEBUG] [mixin/]: Instancing new MixinPlatformAgentDefault for SecureJarResource(clumps)
[01Feb2026 06:53:54.432] [main/DEBUG] [mixin/]: MixinPlatformAgentDefault accepted container SecureJarResource(clumps)
[01Feb2026 06:53:54.432] [main/DEBUG] [mixin/]: Processing prepare() for PlatformAgent[MixinPlatformAgentDefault:SecureJarResource(clumps)]
[01Feb2026 06:53:54.432] [main/DEBUG] [mixin/]: Registering mixin config: clumps.mixins.json
[01Feb2026 06:53:54.433] [main/DEBUG] [mixin/]: Adding mixin platform agents for container SecureJarResource(xaeroworldmap)
[01Feb2026 06:53:54.433] [main/DEBUG] [mixin/]: Instancing new MixinPlatformAgentMinecraftForge for SecureJarResource(xaeroworldmap)
[01Feb2026 06:53:54.433] [main/DEBUG] [mixin/]: MixinPlatformAgentMinecraftForge rejected container SecureJarResource(xaeroworldmap)
[01Feb2026 06:53:54.433] [main/DEBUG] [mixin/]: Instancing new MixinPlatformAgentDefault for SecureJarResource(xaeroworldmap)
[01Feb2026 06:53:54.433] [main/DEBUG] [mixin/]: MixinPlatformAgentDefault accepted container SecureJarResource(xaeroworldmap)
[01Feb2026 06:53:54.433] [main/DEBUG] [mixin/]: Processing prepare() for PlatformAgent[MixinPlatformAgentDefault:SecureJarResource(xaeroworldmap)]
[01Feb2026 06:53:54.433] [main/DEBUG] [mixin/]: Registering mixin config: xaeroworldmap.mixins.json
[01Feb2026 06:53:54.434] [main/DEBUG] [mixin/]: Registering mixin config: xaeroworldmap.forge.mixins.json
[01Feb2026 06:53:54.435] [main/DEBUG] [mixin/]: Adding mixin platform agents for container SecureJarResource(mixinextras)
[01Feb2026 06:53:54.435] [main/DEBUG] [mixin/]: Instancing new MixinPlatformAgentMinecraftForge for SecureJarResource(mixinextras)
[01Feb2026 06:53:54.435] [main/DEBUG] [mixin/]: MixinPlatformAgentMinecraftForge rejected container SecureJarResource(mixinextras)
[01Feb2026 06:53:54.435] [main/DEBUG] [mixin/]: Instancing new MixinPlatformAgentDefault for SecureJarResource(mixinextras)
[01Feb2026 06:53:54.435] [main/DEBUG] [mixin/]: MixinPlatformAgentDefault accepted container SecureJarResource(mixinextras)
[01Feb2026 06:53:54.435] [main/DEBUG] [mixin/]: Processing prepare() for PlatformAgent[MixinPlatformAgentDefault:SecureJarResource(mixinextras)]
[01Feb2026 06:53:54.435] [main/DEBUG] [mixin/]: Registering mixin config: mixinextras.init.mixins.json
[01Feb2026 06:53:54.436] [main/DEBUG] [mixin/]: Adding mixin platform agents for container SecureJarResource(mr_veinminer)
[01Feb2026 06:53:54.437] [main/DEBUG] [mixin/]: Instancing new MixinPlatformAgentMinecraftForge for SecureJarResource(mr_veinminer)
[01Feb2026 06:53:54.437] [main/DEBUG] [mixin/]: MixinPlatformAgentMinecraftForge rejected container SecureJarResource(mr_veinminer)
[01Feb2026 06:53:54.437] [main/DEBUG] [mixin/]: Instancing new MixinPlatformAgentDefault for SecureJarResource(mr_veinminer)
[01Feb2026 06:53:54.437] [main/DEBUG] [mixin/]: MixinPlatformAgentDefault accepted container SecureJarResource(mr_veinminer)
[01Feb2026 06:53:54.437] [main/DEBUG] [mixin/]: Processing prepare() for PlatformAgent[MixinPlatformAgentDefault:SecureJarResource(mr_veinminer)]
[01Feb2026 06:53:54.437] [main/DEBUG] [mixin/]: Adding mixin platform agents for container SecureJarResource(sophisticatedbackpacks)
[01Feb2026 06:53:54.438] [main/DEBUG] [mixin/]: Instancing new MixinPlatformAgentMinecraftForge for SecureJarResource(sophisticatedbackpacks)
[01Feb2026 06:53:54.438] [main/DEBUG] [mixin/]: MixinPlatformAgentMinecraftForge rejected container SecureJarResource(sophisticatedbackpacks)
[01Feb2026 06:53:54.438] [main/DEBUG] [mixin/]: Instancing new MixinPlatformAgentDefault for SecureJarResource(sophisticatedbackpacks)
[01Feb2026 06:53:54.438] [main/DEBUG] [mixin/]: MixinPlatformAgentDefault accepted container SecureJarResource(sophisticatedbackpacks)
[01Feb2026 06:53:54.438] [main/DEBUG] [mixin/]: Processing prepare() for PlatformAgent[MixinPlatformAgentDefault:SecureJarResource(sophisticatedbackpacks)]
[01Feb2026 06:53:54.438] [main/DEBUG] [mixin/]: Adding mixin platform agents for container SecureJarResource(midnightlib)
[01Feb2026 06:53:54.438] [main/DEBUG] [mixin/]: Instancing new MixinPlatformAgentMinecraftForge for SecureJarResource(midnightlib)
[01Feb2026 06:53:54.438] [main/DEBUG] [mixin/]: MixinPlatformAgentMinecraftForge rejected container SecureJarResource(midnightlib)
[01Feb2026 06:53:54.438] [main/DEBUG] [mixin/]: Instancing new MixinPlatformAgentDefault for SecureJarResource(midnightlib)
[01Feb2026 06:53:54.438] [main/DEBUG] [mixin/]: MixinPlatformAgentDefault accepted container SecureJarResource(midnightlib)
[01Feb2026 06:53:54.438] [main/DEBUG] [mixin/]: Processing prepare() for PlatformAgent[MixinPlatformAgentDefault:SecureJarResource(midnightlib)]
[01Feb2026 06:53:54.438] [main/DEBUG] [mixin/]: Registering mixin config: midnightlib.mixins.json
[01Feb2026 06:53:54.439] [main/DEBUG] [mixin/]: Adding mixin platform agents for container SecureJarResource(mutantszombies)
[01Feb2026 06:53:54.440] [main/DEBUG] [mixin/]: Instancing new MixinPlatformAgentMinecraftForge for SecureJarResource(mutantszombies)
[01Feb2026 06:53:54.440] [main/DEBUG] [mixin/]: MixinPlatformAgentMinecraftForge rejected container SecureJarResource(mutantszombies)
[01Feb2026 06:53:54.440] [main/DEBUG] [mixin/]: Instancing new MixinPlatformAgentDefault for SecureJarResource(mutantszombies)
[01Feb2026 06:53:54.440] [main/DEBUG] [mixin/]: MixinPlatformAgentDefault accepted container SecureJarResource(mutantszombies)
[01Feb2026 06:53:54.440] [main/DEBUG] [mixin/]: Processing prepare() for PlatformAgent[MixinPlatformAgentDefault:SecureJarResource(mutantszombies)]
[01Feb2026 06:53:54.440] [main/DEBUG] [mixin/]: Adding mixin platform agents for container SecureJarResource(superbwarfare)
[01Feb2026 06:53:54.441] [main/DEBUG] [mixin/]: Instancing new MixinPlatformAgentMinecraftForge for SecureJarResource(superbwarfare)
[01Feb2026 06:53:54.441] [main/DEBUG] [mixin/]: MixinPlatformAgentMinecraftForge rejected container SecureJarResource(superbwarfare)
[01Feb2026 06:53:54.441] [main/DEBUG] [mixin/]: Instancing new MixinPlatformAgentDefault for SecureJarResource(superbwarfare)
[01Feb2026 06:53:54.441] [main/DEBUG] [mixin/]: MixinPlatformAgentDefault accepted container SecureJarResource(superbwarfare)
[01Feb2026 06:53:54.441] [main/DEBUG] [mixin/]: Processing prepare() for PlatformAgent[MixinPlatformAgentDefault:SecureJarResource(superbwarfare)]
[01Feb2026 06:53:54.441] [main/DEBUG] [mixin/]: Registering mixin config: mixins.superbwarfare.json
[01Feb2026 06:53:54.443] [main/DEBUG] [mixin/]: Adding mixin platform agents for container SecureJarResource(balm)
[01Feb2026 06:53:54.443] [main/DEBUG] [mixin/]: Instancing new MixinPlatformAgentMinecraftForge for SecureJarResource(balm)
[01Feb2026 06:53:54.443] [main/DEBUG] [mixin/]: MixinPlatformAgentMinecraftForge rejected container SecureJarResource(balm)
[01Feb2026 06:53:54.443] [main/DEBUG] [mixin/]: Instancing new MixinPlatformAgentDefault for SecureJarResource(balm)
[01Feb2026 06:53:54.443] [main/DEBUG] [mixin/]: MixinPlatformAgentDefault accepted container SecureJarResource(balm)
[01Feb2026 06:53:54.443] [main/DEBUG] [mixin/]: Processing prepare() for PlatformAgent[MixinPlatformAgentDefault:SecureJarResource(balm)]
[01Feb2026 06:53:54.444] [main/DEBUG] [mixin/]: Registering mixin config: balm.mixins.json
[01Feb2026 06:53:54.445] [main/DEBUG] [mixin/]: Adding mixin platform agents for container SecureJarResource(carryon)
[01Feb2026 06:53:54.445] [main/DEBUG] [mixin/]: Instancing new MixinPlatformAgentMinecraftForge for SecureJarResource(carryon)
[01Feb2026 06:53:54.445] [main/DEBUG] [mixin/]: MixinPlatformAgentMinecraftForge rejected container SecureJarResource(carryon)
[01Feb2026 06:53:54.445] [main/DEBUG] [mixin/]: Instancing new MixinPlatformAgentDefault for SecureJarResource(carryon)
[01Feb2026 06:53:54.445] [main/DEBUG] [mixin/]: MixinPlatformAgentDefault accepted container SecureJarResource(carryon)
[01Feb2026 06:53:54.445] [main/DEBUG] [mixin/]: Processing prepare() for PlatformAgent[MixinPlatformAgentDefault:SecureJarResource(carryon)]
[01Feb2026 06:53:54.446] [main/DEBUG] [mixin/]: Registering mixin config: carryon.mixins.json
[01Feb2026 06:53:54.447] [main/DEBUG] [mixin/]: Registering mixin config: carryon.forge.mixins.json
[01Feb2026 06:53:54.448] [main/DEBUG] [mixin/]: Adding mixin platform agents for container SecureJarResource(memoryleakfix)
[01Feb2026 06:53:54.448] [main/DEBUG] [mixin/]: Instancing new MixinPlatformAgentMinecraftForge for SecureJarResource(memoryleakfix)
[01Feb2026 06:53:54.448] [main/DEBUG] [mixin/]: MixinPlatformAgentMinecraftForge rejected container SecureJarResource(memoryleakfix)
[01Feb2026 06:53:54.448] [main/DEBUG] [mixin/]: Instancing new MixinPlatformAgentDefault for SecureJarResource(memoryleakfix)
[01Feb2026 06:53:54.448] [main/DEBUG] [mixin/]: MixinPlatformAgentDefault accepted container SecureJarResource(memoryleakfix)
[01Feb2026 06:53:54.448] [main/DEBUG] [mixin/]: Processing prepare() for PlatformAgent[MixinPlatformAgentDefault:SecureJarResource(memoryleakfix)]
[01Feb2026 06:53:54.448] [main/DEBUG] [mixin/]: Registering mixin config: memoryleakfix.mixins.json
[01Feb2026 06:53:54.449] [main/DEBUG] [mixin/]: Compatibility level JAVA_8 specified by memoryleakfix.mixins.json is lower than the default level supported by the current mixin service (JAVA_16).
[01Feb2026 06:53:54.449] [main/DEBUG] [mixin/]: Adding mixin platform agents for container SecureJarResource(forge)
[01Feb2026 06:53:54.450] [main/DEBUG] [mixin/]: Instancing new MixinPlatformAgentMinecraftForge for SecureJarResource(forge)
[01Feb2026 06:53:54.450] [main/DEBUG] [mixin/]: MixinPlatformAgentMinecraftForge rejected container SecureJarResource(forge)
[01Feb2026 06:53:54.450] [main/DEBUG] [mixin/]: Instancing new MixinPlatformAgentDefault for SecureJarResource(forge)
[01Feb2026 06:53:54.450] [main/DEBUG] [mixin/]: MixinPlatformAgentDefault accepted container SecureJarResource(forge)
[01Feb2026 06:53:54.450] [main/DEBUG] [mixin/]: Processing prepare() for PlatformAgent[MixinPlatformAgentDefault:SecureJarResource(forge)]
[01Feb2026 06:53:54.450] [main/DEBUG] [mixin/]: Adding mixin platform agents for container SecureJarResource(sona)
[01Feb2026 06:53:54.450] [main/DEBUG] [mixin/]: Instancing new MixinPlatformAgentMinecraftForge for SecureJarResource(sona)
[01Feb2026 06:53:54.450] [main/DEBUG] [mixin/]: MixinPlatformAgentMinecraftForge rejected container SecureJarResource(sona)
[01Feb2026 06:53:54.450] [main/DEBUG] [mixin/]: Instancing new MixinPlatformAgentDefault for SecureJarResource(sona)
[01Feb2026 06:53:54.450] [main/DEBUG] [mixin/]: MixinPlatformAgentDefault accepted container SecureJarResource(sona)
[01Feb2026 06:53:54.450] [main/DEBUG] [mixin/]: Processing prepare() for PlatformAgent[MixinPlatformAgentDefault:SecureJarResource(sona)]
[01Feb2026 06:53:54.451] [main/DEBUG] [mixin/]: Registering mixin config: sona.mixins.json
[01Feb2026 06:53:54.452] [main/DEBUG] [mixin/]: Adding mixin platform agents for container SecureJarResource(zombiekit)
[01Feb2026 06:53:54.452] [main/DEBUG] [mixin/]: Instancing new MixinPlatformAgentMinecraftForge for SecureJarResource(zombiekit)
[01Feb2026 06:53:54.452] [main/DEBUG] [mixin/]: MixinPlatformAgentMinecraftForge rejected container SecureJarResource(zombiekit)
[01Feb2026 06:53:54.452] [main/DEBUG] [mixin/]: Instancing new MixinPlatformAgentDefault for SecureJarResource(zombiekit)
[01Feb2026 06:53:54.452] [main/DEBUG] [mixin/]: MixinPlatformAgentDefault accepted container SecureJarResource(zombiekit)
[01Feb2026 06:53:54.452] [main/DEBUG] [mixin/]: Processing prepare() for PlatformAgent[MixinPlatformAgentDefault:SecureJarResource(zombiekit)]
[01Feb2026 06:53:54.452] [main/DEBUG] [mixin/]: Registering mixin config: zombiekit.mixins.json
[01Feb2026 06:53:54.453] [main/DEBUG] [mixin/]: Adding mixin platform agents for container SecureJarResource(chovys_apocalypse_mod)
[01Feb2026 06:53:54.454] [main/DEBUG] [mixin/]: Instancing new MixinPlatformAgentMinecraftForge for SecureJarResource(chovys_apocalypse_mod)
[01Feb2026 06:53:54.454] [main/DEBUG] [mixin/]: MixinPlatformAgentMinecraftForge rejected container SecureJarResource(chovys_apocalypse_mod)
[01Feb2026 06:53:54.454] [main/DEBUG] [mixin/]: Instancing new MixinPlatformAgentDefault for SecureJarResource(chovys_apocalypse_mod)
[01Feb2026 06:53:54.454] [main/DEBUG] [mixin/]: MixinPlatformAgentDefault accepted container SecureJarResource(chovys_apocalypse_mod)
[01Feb2026 06:53:54.454] [main/DEBUG] [mixin/]: Processing prepare() for PlatformAgent[MixinPlatformAgentDefault:SecureJarResource(chovys_apocalypse_mod)]
[01Feb2026 06:53:54.454] [main/DEBUG] [mixin/]: Adding mixin platform agents for container SecureJarResource(minecraft)
[01Feb2026 06:53:54.455] [main/DEBUG] [mixin/]: Instancing new MixinPlatformAgentMinecraftForge for SecureJarResource(minecraft)
[01Feb2026 06:53:54.455] [main/DEBUG] [mixin/]: MixinPlatformAgentMinecraftForge rejected container SecureJarResource(minecraft)
[01Feb2026 06:53:54.455] [main/DEBUG] [mixin/]: Instancing new MixinPlatformAgentDefault for SecureJarResource(minecraft)
[01Feb2026 06:53:54.455] [main/DEBUG] [mixin/]: MixinPlatformAgentDefault accepted container SecureJarResource(minecraft)
[01Feb2026 06:53:54.455] [main/DEBUG] [mixin/]: Processing prepare() for PlatformAgent[MixinPlatformAgentDefault:SecureJarResource(minecraft)]
[01Feb2026 06:53:54.455] [main/DEBUG] [mixin/]: Adding mixin platform agents for container SecureJarResource(infectious)
[01Feb2026 06:53:54.455] [main/DEBUG] [mixin/]: Instancing new MixinPlatformAgentMinecraftForge for SecureJarResource(infectious)
[01Feb2026 06:53:54.456] [main/DEBUG] [mixin/]: MixinPlatformAgentMinecraftForge rejected container SecureJarResource(infectious)
[01Feb2026 06:53:54.456] [main/DEBUG] [mixin/]: Instancing new MixinPlatformAgentDefault for SecureJarResource(infectious)
[01Feb2026 06:53:54.456] [main/DEBUG] [mixin/]: MixinPlatformAgentDefault accepted container SecureJarResource(infectious)
[01Feb2026 06:53:54.456] [main/DEBUG] [mixin/]: Processing prepare() for PlatformAgent[MixinPlatformAgentDefault:SecureJarResource(infectious)]
[01Feb2026 06:53:54.456] [main/DEBUG] [mixin/]: Adding mixin platform agents for container SecureJarResource(libipn)
[01Feb2026 06:53:54.456] [main/DEBUG] [mixin/]: Instancing new MixinPlatformAgentMinecraftForge for SecureJarResource(libipn)
[01Feb2026 06:53:54.457] [main/DEBUG] [mixin/]: MixinPlatformAgentMinecraftForge rejected container SecureJarResource(libipn)
[01Feb2026 06:53:54.457] [main/DEBUG] [mixin/]: Instancing new MixinPlatformAgentDefault for SecureJarResource(libipn)
[01Feb2026 06:53:54.457] [main/DEBUG] [mixin/]: MixinPlatformAgentDefault accepted container SecureJarResource(libipn)
[01Feb2026 06:53:54.457] [main/DEBUG] [mixin/]: Processing prepare() for PlatformAgent[MixinPlatformAgentDefault:SecureJarResource(libipn)]
[01Feb2026 06:53:54.457] [main/DEBUG] [mixin/]: Adding mixin platform agents for container SecureJarResource(nochatreports)
[01Feb2026 06:53:54.457] [main/DEBUG] [mixin/]: Instancing new MixinPlatformAgentMinecraftForge for SecureJarResource(nochatreports)
[01Feb2026 06:53:54.457] [main/DEBUG] [mixin/]: MixinPlatformAgentMinecraftForge rejected container SecureJarResource(nochatreports)
[01Feb2026 06:53:54.458] [main/DEBUG] [mixin/]: Instancing new MixinPlatformAgentDefault for SecureJarResource(nochatreports)
[01Feb2026 06:53:54.458] [main/DEBUG] [mixin/]: MixinPlatformAgentDefault accepted container SecureJarResource(nochatreports)
[01Feb2026 06:53:54.458] [main/DEBUG] [mixin/]: Processing prepare() for PlatformAgent[MixinPlatformAgentDefault:SecureJarResource(nochatreports)]
[01Feb2026 06:53:54.458] [main/DEBUG] [mixin/]: Registering mixin config: mixins/common/nochatreports.mixins.json
[01Feb2026 06:53:54.460] [main/DEBUG] [mixin/]: Registering mixin config: mixins/forge/nochatreports-forge.mixins.json
[01Feb2026 06:53:54.461] [main/DEBUG] [mixin/]: Adding mixin platform agents for container SecureJarResource(jade)
[01Feb2026 06:53:54.461] [main/DEBUG] [mixin/]: Instancing new MixinPlatformAgentMinecraftForge for SecureJarResource(jade)
[01Feb2026 06:53:54.461] [main/DEBUG] [mixin/]: MixinPlatformAgentMinecraftForge rejected container SecureJarResource(jade)
[01Feb2026 06:53:54.462] [main/DEBUG] [mixin/]: Instancing new MixinPlatformAgentDefault for SecureJarResource(jade)
[01Feb2026 06:53:54.462] [main/DEBUG] [mixin/]: MixinPlatformAgentDefault accepted container SecureJarResource(jade)
[01Feb2026 06:53:54.462] [main/DEBUG] [mixin/]: Processing prepare() for PlatformAgent[MixinPlatformAgentDefault:SecureJarResource(jade)]
[01Feb2026 06:53:54.462] [main/DEBUG] [mixin/]: Registering mixin config: jade.mixins.json
[01Feb2026 06:53:54.463] [main/DEBUG] [mixin/]: Compatibility level JAVA_16 specified by jade.mixins.json is higher than the maximum level supported by this version of mixin (JAVA_13).
[01Feb2026 06:53:54.464] [main/DEBUG] [mixin/]: Adding mixin platform agents for container SecureJarResource(chunky)
[01Feb2026 06:53:54.464] [main/DEBUG] [mixin/]: Instancing new MixinPlatformAgentMinecraftForge for SecureJarResource(chunky)
[01Feb2026 06:53:54.464] [main/DEBUG] [mixin/]: MixinPlatformAgentMinecraftForge rejected container SecureJarResource(chunky)
[01Feb2026 06:53:54.464] [main/DEBUG] [mixin/]: Instancing new MixinPlatformAgentDefault for SecureJarResource(chunky)
[01Feb2026 06:53:54.464] [main/DEBUG] [mixin/]: MixinPlatformAgentDefault accepted container SecureJarResource(chunky)
[01Feb2026 06:53:54.464] [main/DEBUG] [mixin/]: Processing prepare() for PlatformAgent[MixinPlatformAgentDefault:SecureJarResource(chunky)]
[01Feb2026 06:53:54.464] [main/DEBUG] [mixin/]: Adding mixin platform agents for container SecureJarResource(platform)
[01Feb2026 06:53:54.464] [main/DEBUG] [mixin/]: Instancing new MixinPlatformAgentMinecraftForge for SecureJarResource(platform)
[01Feb2026 06:53:54.464] [main/DEBUG] [mixin/]: MixinPlatformAgentMinecraftForge rejected container SecureJarResource(platform)
[01Feb2026 06:53:54.464] [main/DEBUG] [mixin/]: Instancing new MixinPlatformAgentDefault for SecureJarResource(platform)
[01Feb2026 06:53:54.464] [main/DEBUG] [mixin/]: MixinPlatformAgentDefault accepted container SecureJarResource(platform)
[01Feb2026 06:53:54.465] [main/DEBUG] [mixin/]: Processing prepare() for PlatformAgent[MixinPlatformAgentDefault:SecureJarResource(platform)]
[01Feb2026 06:53:54.465] [main/DEBUG] [mixin/]: Registering mixin config: platform.mixins.json
[01Feb2026 06:53:54.466] [main/DEBUG] [mixin/]: Registering mixin config: platform-common.mixins.json
[01Feb2026 06:53:54.467] [main/DEBUG] [mixin/]: Adding mixin platform agents for container SecureJarResource(kotlinforforge)
[01Feb2026 06:53:54.467] [main/DEBUG] [mixin/]: Instancing new MixinPlatformAgentMinecraftForge for SecureJarResource(kotlinforforge)
[01Feb2026 06:53:54.467] [main/DEBUG] [mixin/]: MixinPlatformAgentMinecraftForge rejected container SecureJarResource(kotlinforforge)
[01Feb2026 06:53:54.467] [main/DEBUG] [mixin/]: Instancing new MixinPlatformAgentDefault for SecureJarResource(kotlinforforge)
[01Feb2026 06:53:54.467] [main/DEBUG] [mixin/]: MixinPlatformAgentDefault accepted container SecureJarResource(kotlinforforge)
[01Feb2026 06:53:54.467] [main/DEBUG] [mixin/]: Processing prepare() for PlatformAgent[MixinPlatformAgentDefault:SecureJarResource(kotlinforforge)]
[01Feb2026 06:53:54.468] [main/DEBUG] [mixin/]: Adding mixin platform agents for container SecureJarResource(rottencreatures)
[01Feb2026 06:53:54.468] [main/DEBUG] [mixin/]: Instancing new MixinPlatformAgentMinecraftForge for SecureJarResource(rottencreatures)
[01Feb2026 06:53:54.468] [main/DEBUG] [mixin/]: MixinPlatformAgentMinecraftForge rejected container SecureJarResource(rottencreatures)
[01Feb2026 06:53:54.468] [main/DEBUG] [mixin/]: Instancing new MixinPlatformAgentDefault for SecureJarResource(rottencreatures)
[01Feb2026 06:53:54.468] [main/DEBUG] [mixin/]: MixinPlatformAgentDefault accepted container SecureJarResource(rottencreatures)
[01Feb2026 06:53:54.468] [main/DEBUG] [mixin/]: Processing prepare() for PlatformAgent[MixinPlatformAgentDefault:SecureJarResource(rottencreatures)]
[01Feb2026 06:53:54.468] [main/DEBUG] [mixin/]: Registering mixin config: rottencreatures.mixins.json
[01Feb2026 06:53:54.469] [main/DEBUG] [mixin/]: Registering mixin config: rottencreatures-common.mixins.json
[01Feb2026 06:53:54.470] [main/DEBUG] [mixin/]: Adding mixin platform agents for container SecureJarResource(curios)
[01Feb2026 06:53:54.470] [main/DEBUG] [mixin/]: Instancing new MixinPlatformAgentMinecraftForge for SecureJarResource(curios)
[01Feb2026 06:53:54.470] [main/DEBUG] [mixin/]: MixinPlatformAgentMinecraftForge rejected container SecureJarResource(curios)
[01Feb2026 06:53:54.470] [main/DEBUG] [mixin/]: Instancing new MixinPlatformAgentDefault for SecureJarResource(curios)
[01Feb2026 06:53:54.470] [main/DEBUG] [mixin/]: MixinPlatformAgentDefault accepted container SecureJarResource(curios)
[01Feb2026 06:53:54.470] [main/DEBUG] [mixin/]: Processing prepare() for PlatformAgent[MixinPlatformAgentDefault:SecureJarResource(curios)]
[01Feb2026 06:53:54.470] [main/DEBUG] [mixin/]: Registering mixin config: curios.mixins.json
[01Feb2026 06:53:54.471] [main/DEBUG] [mixin/]: Adding mixin platform agents for container SecureJarResource(xaerominimap)
[01Feb2026 06:53:54.471] [main/DEBUG] [mixin/]: Instancing new MixinPlatformAgentMinecraftForge for SecureJarResource(xaerominimap)
[01Feb2026 06:53:54.471] [main/DEBUG] [mixin/]: MixinPlatformAgentMinecraftForge rejected container SecureJarResource(xaerominimap)
[01Feb2026 06:53:54.471] [main/DEBUG] [mixin/]: Instancing new MixinPlatformAgentDefault for SecureJarResource(xaerominimap)
[01Feb2026 06:53:54.471] [main/DEBUG] [mixin/]: MixinPlatformAgentDefault accepted container SecureJarResource(xaerominimap)
[01Feb2026 06:53:54.471] [main/DEBUG] [mixin/]: Processing prepare() for PlatformAgent[MixinPlatformAgentDefault:SecureJarResource(xaerominimap)]
[01Feb2026 06:53:54.471] [main/DEBUG] [mixin/]: Registering mixin config: xaerohud.mixins.json
[01Feb2026 06:53:54.472] [main/DEBUG] [mixin/]: Registering mixin config: xaerohud.forge.mixins.json
[01Feb2026 06:53:54.473] [main/DEBUG] [mixin/]: Registering mixin config: xaerominimap.mixins.json
[01Feb2026 06:53:54.474] [main/DEBUG] [mixin/]: Registering mixin config: xaerominimap.forge.mixins.json
[01Feb2026 06:53:54.475] [main/DEBUG] [mixin/]: Adding mixin platform agents for container SecureJarResource(collective)
[01Feb2026 06:53:54.475] [main/DEBUG] [mixin/]: Instancing new MixinPlatformAgentMinecraftForge for SecureJarResource(collective)
[01Feb2026 06:53:54.475] [main/DEBUG] [mixin/]: MixinPlatformAgentMinecraftForge rejected container SecureJarResource(collective)
[01Feb2026 06:53:54.475] [main/DEBUG] [mixin/]: Instancing new MixinPlatformAgentDefault for SecureJarResource(collective)
[01Feb2026 06:53:54.475] [main/DEBUG] [mixin/]: MixinPlatformAgentDefault accepted container SecureJarResource(collective)
[01Feb2026 06:53:54.475] [main/DEBUG] [mixin/]: Processing prepare() for PlatformAgent[MixinPlatformAgentDefault:SecureJarResource(collective)]
[01Feb2026 06:53:54.475] [main/DEBUG] [mixin/]: Registering mixin config: collective_forge.mixins.json
[01Feb2026 06:53:54.476] [main/DEBUG] [mixin/]: Adding mixin platform agents for container SecureJarResource(sit)
[01Feb2026 06:53:54.476] [main/DEBUG] [mixin/]: Instancing new MixinPlatformAgentMinecraftForge for SecureJarResource(sit)
[01Feb2026 06:53:54.476] [main/DEBUG] [mixin/]: MixinPlatformAgentMinecraftForge rejected container SecureJarResource(sit)
[01Feb2026 06:53:54.476] [main/DEBUG] [mixin/]: Instancing new MixinPlatformAgentDefault for SecureJarResource(sit)
[01Feb2026 06:53:54.476] [main/DEBUG] [mixin/]: MixinPlatformAgentDefault accepted container SecureJarResource(sit)
[01Feb2026 06:53:54.476] [main/DEBUG] [mixin/]: Processing prepare() for PlatformAgent[MixinPlatformAgentDefault:SecureJarResource(sit)]
[01Feb2026 06:53:54.476] [main/DEBUG] [mixin/]: Adding mixin platform agents for container SecureJarResource(lostcities)
[01Feb2026 06:53:54.476] [main/DEBUG] [mixin/]: Instancing new MixinPlatformAgentMinecraftForge for SecureJarResource(lostcities)
[01Feb2026 06:53:54.476] [main/DEBUG] [mixin/]: MixinPlatformAgentMinecraftForge rejected container SecureJarResource(lostcities)
[01Feb2026 06:53:54.477] [main/DEBUG] [mixin/]: Instancing new MixinPlatformAgentDefault for SecureJarResource(lostcities)
[01Feb2026 06:53:54.477] [main/DEBUG] [mixin/]: MixinPlatformAgentDefault accepted container SecureJarResource(lostcities)
[01Feb2026 06:53:54.477] [main/DEBUG] [mixin/]: Processing prepare() for PlatformAgent[MixinPlatformAgentDefault:SecureJarResource(lostcities)]
[01Feb2026 06:53:54.477] [main/DEBUG] [mixin/]: Adding mixin platform agents for container SecureJarResource(inventoryprofilesnext)
[01Feb2026 06:53:54.477] [main/DEBUG] [mixin/]: Instancing new MixinPlatformAgentMinecraftForge for SecureJarResource(inventoryprofilesnext)
[01Feb2026 06:53:54.477] [main/DEBUG] [mixin/]: MixinPlatformAgentMinecraftForge rejected container SecureJarResource(inventoryprofilesnext)
[01Feb2026 06:53:54.477] [main/DEBUG] [mixin/]: Instancing new MixinPlatformAgentDefault for SecureJarResource(inventoryprofilesnext)
[01Feb2026 06:53:54.477] [main/DEBUG] [mixin/]: MixinPlatformAgentDefault accepted container SecureJarResource(inventoryprofilesnext)
[01Feb2026 06:53:54.477] [main/DEBUG] [mixin/]: Processing prepare() for PlatformAgent[MixinPlatformAgentDefault:SecureJarResource(inventoryprofilesnext)]
[01Feb2026 06:53:54.477] [main/DEBUG] [mixin/]: Registering mixin config: mixins.ipnext.json
[01Feb2026 06:53:54.478] [main/DEBUG] [mixin/]: Adding mixin platform agents for container SecureJarResource(automobility)
[01Feb2026 06:53:54.478] [main/DEBUG] [mixin/]: Instancing new MixinPlatformAgentMinecraftForge for SecureJarResource(automobility)
[01Feb2026 06:53:54.478] [main/DEBUG] [mixin/]: MixinPlatformAgentMinecraftForge rejected container SecureJarResource(automobility)
[01Feb2026 06:53:54.478] [main/DEBUG] [mixin/]: Instancing new MixinPlatformAgentDefault for SecureJarResource(automobility)
[01Feb2026 06:53:54.478] [main/DEBUG] [mixin/]: MixinPlatformAgentDefault accepted container SecureJarResource(automobility)
[01Feb2026 06:53:54.478] [main/DEBUG] [mixin/]: Processing prepare() for PlatformAgent[MixinPlatformAgentDefault:SecureJarResource(automobility)]
[01Feb2026 06:53:54.478] [main/DEBUG] [mixin/]: Registering mixin config: automobility.mixins.json
[01Feb2026 06:53:54.479] [main/DEBUG] [mixin/]: Registering mixin config: automobility_forge.mixins.json
[01Feb2026 06:53:54.480] [main/DEBUG] [mixin/]: Adding mixin platform agents for container SecureJarResource(architectury)
[01Feb2026 06:53:54.480] [main/DEBUG] [mixin/]: Instancing new MixinPlatformAgentMinecraftForge for SecureJarResource(architectury)
[01Feb2026 06:53:54.480] [main/DEBUG] [mixin/]: MixinPlatformAgentMinecraftForge rejected container SecureJarResource(architectury)
[01Feb2026 06:53:54.480] [main/DEBUG] [mixin/]: Instancing new MixinPlatformAgentDefault for SecureJarResource(architectury)
[01Feb2026 06:53:54.480] [main/DEBUG] [mixin/]: MixinPlatformAgentDefault accepted container SecureJarResource(architectury)
[01Feb2026 06:53:54.480] [main/DEBUG] [mixin/]: Processing prepare() for PlatformAgent[MixinPlatformAgentDefault:SecureJarResource(architectury)]
[01Feb2026 06:53:54.480] [main/DEBUG] [mixin/]: Registering mixin config: architectury.mixins.json
[01Feb2026 06:53:54.481] [main/DEBUG] [mixin/]: Compatibility level JAVA_16 specified by architectury.mixins.json is higher than the maximum level supported by this version of mixin (JAVA_13).
[01Feb2026 06:53:54.481] [main/DEBUG] [mixin/]: Registering mixin config: architectury-common.mixins.json
[01Feb2026 06:53:54.482] [main/DEBUG] [mixin/]: Compatibility level JAVA_16 specified by architectury-common.mixins.json is higher than the maximum level supported by this version of mixin (JAVA_13).
[01Feb2026 06:53:54.482] [main/DEBUG] [mixin/]: Adding mixin platform agents for container SecureJarResource(zombie_variants)
[01Feb2026 06:53:54.482] [main/DEBUG] [mixin/]: Instancing new MixinPlatformAgentMinecraftForge for SecureJarResource(zombie_variants)
[01Feb2026 06:53:54.482] [main/DEBUG] [mixin/]: MixinPlatformAgentMinecraftForge rejected container SecureJarResource(zombie_variants)
[01Feb2026 06:53:54.483] [main/DEBUG] [mixin/]: Instancing new MixinPlatformAgentDefault for SecureJarResource(zombie_variants)
[01Feb2026 06:53:54.483] [main/DEBUG] [mixin/]: MixinPlatformAgentDefault accepted container SecureJarResource(zombie_variants)
[01Feb2026 06:53:54.483] [main/DEBUG] [mixin/]: Processing prepare() for PlatformAgent[MixinPlatformAgentDefault:SecureJarResource(zombie_variants)]
[01Feb2026 06:53:54.483] [main/DEBUG] [mixin/]: Registering mixin config: zombie_variants.mixins.json
[01Feb2026 06:53:54.484] [main/DEBUG] [mixin/]: Adding mixin platform agents for container SecureJarResource(appleskin)
[01Feb2026 06:53:54.484] [main/DEBUG] [mixin/]: Instancing new MixinPlatformAgentMinecraftForge for SecureJarResource(appleskin)
[01Feb2026 06:53:54.484] [main/DEBUG] [mixin/]: MixinPlatformAgentMinecraftForge rejected container SecureJarResource(appleskin)
[01Feb2026 06:53:54.484] [main/DEBUG] [mixin/]: Instancing new MixinPlatformAgentDefault for SecureJarResource(appleskin)
[01Feb2026 06:53:54.484] [main/DEBUG] [mixin/]: MixinPlatformAgentDefault accepted container SecureJarResource(appleskin)
[01Feb2026 06:53:54.484] [main/DEBUG] [mixin/]: Processing prepare() for PlatformAgent[MixinPlatformAgentDefault:SecureJarResource(appleskin)]
[01Feb2026 06:53:54.484] [main/DEBUG] [mixin/]: Adding mixin platform agents for container SecureJarResource(ferritecore)
[01Feb2026 06:53:54.484] [main/DEBUG] [mixin/]: Instancing new MixinPlatformAgentMinecraftForge for SecureJarResource(ferritecore)
[01Feb2026 06:53:54.484] [main/DEBUG] [mixin/]: MixinPlatformAgentMinecraftForge rejected container SecureJarResource(ferritecore)
[01Feb2026 06:53:54.484] [main/DEBUG] [mixin/]: Instancing new MixinPlatformAgentDefault for SecureJarResource(ferritecore)
[01Feb2026 06:53:54.484] [main/DEBUG] [mixin/]: MixinPlatformAgentDefault accepted container SecureJarResource(ferritecore)
[01Feb2026 06:53:54.484] [main/DEBUG] [mixin/]: Processing prepare() for PlatformAgent[MixinPlatformAgentDefault:SecureJarResource(ferritecore)]
[01Feb2026 06:53:54.484] [main/DEBUG] [mixin/]: Registering mixin config: ferritecore.predicates.mixin.json
[01Feb2026 06:53:54.485] [main/DEBUG] [mixin/]: Registering mixin config: ferritecore.fastmap.mixin.json
[01Feb2026 06:53:54.486] [main/DEBUG] [mixin/]: Registering mixin config: ferritecore.mrl.mixin.json
[01Feb2026 06:53:54.487] [main/DEBUG] [mixin/]: Registering mixin config: ferritecore.dedupmultipart.mixin.json
[01Feb2026 06:53:54.488] [main/DEBUG] [mixin/]: Registering mixin config: ferritecore.blockstatecache.mixin.json
[01Feb2026 06:53:54.489] [main/DEBUG] [mixin/]: Registering mixin config: ferritecore.dedupbakedquad.mixin.json
[01Feb2026 06:53:54.490] [main/DEBUG] [mixin/]: Registering mixin config: ferritecore.threaddetec.mixin.json
[01Feb2026 06:53:54.503] [main/DEBUG] [mixin/]: Registering mixin config: ferritecore.modelsides.mixin.json
[01Feb2026 06:53:54.504] [main/DEBUG] [mixin/]: Adding mixin platform agents for container SecureJarResource(rrls)
[01Feb2026 06:53:54.504] [main/DEBUG] [mixin/]: Instancing new MixinPlatformAgentMinecraftForge for SecureJarResource(rrls)
[01Feb2026 06:53:54.504] [main/DEBUG] [mixin/]: MixinPlatformAgentMinecraftForge rejected container SecureJarResource(rrls)
[01Feb2026 06:53:54.504] [main/DEBUG] [mixin/]: Instancing new MixinPlatformAgentDefault for SecureJarResource(rrls)
[01Feb2026 06:53:54.504] [main/DEBUG] [mixin/]: MixinPlatformAgentDefault accepted container SecureJarResource(rrls)
[01Feb2026 06:53:54.505] [main/DEBUG] [mixin/]: Processing prepare() for PlatformAgent[MixinPlatformAgentDefault:SecureJarResource(rrls)]
[01Feb2026 06:53:54.505] [main/DEBUG] [mixin/]: Registering mixin config: rrls-forge.mixins.json
[01Feb2026 06:53:54.506] [main/DEBUG] [mixin/]: Registering mixin config: rrls.mixins.json
[01Feb2026 06:53:54.508] [main/DEBUG] [mixin/]: Adding mixin platform agents for container SecureJarResource(jadeaddons)
[01Feb2026 06:53:54.508] [main/DEBUG] [mixin/]: Instancing new MixinPlatformAgentMinecraftForge for SecureJarResource(jadeaddons)
[01Feb2026 06:53:54.508] [main/DEBUG] [mixin/]: MixinPlatformAgentMinecraftForge rejected container SecureJarResource(jadeaddons)
[01Feb2026 06:53:54.508] [main/DEBUG] [mixin/]: Instancing new MixinPlatformAgentDefault for SecureJarResource(jadeaddons)
[01Feb2026 06:53:54.508] [main/DEBUG] [mixin/]: MixinPlatformAgentDefault accepted container SecureJarResource(jadeaddons)
[01Feb2026 06:53:54.509] [main/DEBUG] [mixin/]: Processing prepare() for PlatformAgent[MixinPlatformAgentDefault:SecureJarResource(jadeaddons)]
[01Feb2026 06:53:54.509] [main/DEBUG] [mixin/]: Registering mixin config: jadeaddons.mixins.json
[01Feb2026 06:53:54.510] [main/DEBUG] [mixin/]: Adding mixin platform agents for container SecureJarResource(fallingtree)
[01Feb2026 06:53:54.510] [main/DEBUG] [mixin/]: Instancing new MixinPlatformAgentMinecraftForge for SecureJarResource(fallingtree)
[01Feb2026 06:53:54.510] [main/DEBUG] [mixin/]: MixinPlatformAgentMinecraftForge rejected container SecureJarResource(fallingtree)
[01Feb2026 06:53:54.510] [main/DEBUG] [mixin/]: Instancing new MixinPlatformAgentDefault for SecureJarResource(fallingtree)
[01Feb2026 06:53:54.510] [main/DEBUG] [mixin/]: MixinPlatformAgentDefault accepted container SecureJarResource(fallingtree)
[01Feb2026 06:53:54.510] [main/DEBUG] [mixin/]: Processing prepare() for PlatformAgent[MixinPlatformAgentDefault:SecureJarResource(fallingtree)]
[01Feb2026 06:53:54.510] [main/DEBUG] [mixin/]: Adding mixin platform agents for container SecureJarResource(simply_traps)
[01Feb2026 06:53:54.510] [main/DEBUG] [mixin/]: Instancing new MixinPlatformAgentMinecraftForge for SecureJarResource(simply_traps)
[01Feb2026 06:53:54.510] [main/DEBUG] [mixin/]: MixinPlatformAgentMinecraftForge rejected container SecureJarResource(simply_traps)
[01Feb2026 06:53:54.510] [main/DEBUG] [mixin/]: Instancing new MixinPlatformAgentDefault for SecureJarResource(simply_traps)
[01Feb2026 06:53:54.510] [main/DEBUG] [mixin/]: MixinPlatformAgentDefault accepted container SecureJarResource(simply_traps)
[01Feb2026 06:53:54.510] [main/DEBUG] [mixin/]: Processing prepare() for PlatformAgent[MixinPlatformAgentDefault:SecureJarResource(simply_traps)]
[01Feb2026 06:53:54.510] [main/DEBUG] [mixin/]: Adding mixin platform agents for container SecureJarResource(skinrestorer)
[01Feb2026 06:53:54.510] [main/DEBUG] [mixin/]: Instancing new MixinPlatformAgentMinecraftForge for SecureJarResource(skinrestorer)
[01Feb2026 06:53:54.510] [main/DEBUG] [mixin/]: MixinPlatformAgentMinecraftForge rejected container SecureJarResource(skinrestorer)
[01Feb2026 06:53:54.510] [main/DEBUG] [mixin/]: Instancing new MixinPlatformAgentDefault for SecureJarResource(skinrestorer)
[01Feb2026 06:53:54.510] [main/DEBUG] [mixin/]: MixinPlatformAgentDefault accepted container SecureJarResource(skinrestorer)
[01Feb2026 06:53:54.510] [main/DEBUG] [mixin/]: Processing prepare() for PlatformAgent[MixinPlatformAgentDefault:SecureJarResource(skinrestorer)]
[01Feb2026 06:53:54.510] [main/DEBUG] [mixin/]: Registering mixin config: skinrestorer.mixins.json
[01Feb2026 06:53:54.512] [main/DEBUG] [mixin/]: Adding mixin platform agents for container SecureJarResource(mclib)
[01Feb2026 06:53:54.512] [main/DEBUG] [mixin/]: Instancing new MixinPlatformAgentMinecraftForge for SecureJarResource(mclib)
[01Feb2026 06:53:54.512] [main/DEBUG] [mixin/]: MixinPlatformAgentMinecraftForge rejected container SecureJarResource(mclib)
[01Feb2026 06:53:54.512] [main/DEBUG] [mixin/]: Instancing new MixinPlatformAgentDefault for SecureJarResource(mclib)
[01Feb2026 06:53:54.512] [main/DEBUG] [mixin/]: MixinPlatformAgentDefault accepted container SecureJarResource(mclib)
[01Feb2026 06:53:54.512] [main/DEBUG] [mixin/]: Processing prepare() for PlatformAgent[MixinPlatformAgentDefault:SecureJarResource(mclib)]
[01Feb2026 06:53:54.512] [main/DEBUG] [mixin/]: Adding mixin platform agents for container SecureJarResource(luaj.core.figura)
[01Feb2026 06:53:54.512] [main/DEBUG] [mixin/]: Instancing new MixinPlatformAgentMinecraftForge for SecureJarResource(luaj.core.figura)
[01Feb2026 06:53:54.512] [main/DEBUG] [mixin/]: MixinPlatformAgentMinecraftForge rejected container SecureJarResource(luaj.core.figura)
[01Feb2026 06:53:54.512] [main/DEBUG] [mixin/]: Instancing new MixinPlatformAgentDefault for SecureJarResource(luaj.core.figura)
[01Feb2026 06:53:54.512] [main/DEBUG] [mixin/]: MixinPlatformAgentDefault accepted container SecureJarResource(luaj.core.figura)
[01Feb2026 06:53:54.512] [main/DEBUG] [mixin/]: Processing prepare() for PlatformAgent[MixinPlatformAgentDefault:SecureJarResource(luaj.core.figura)]
[01Feb2026 06:53:54.512] [main/DEBUG] [mixin/]: Adding mixin platform agents for container SecureJarResource(java.client.SNAPSHOT)
[01Feb2026 06:53:54.512] [main/DEBUG] [mixin/]: Instancing new MixinPlatformAgentMinecraftForge for SecureJarResource(java.client.SNAPSHOT)
[01Feb2026 06:53:54.512] [main/DEBUG] [mixin/]: MixinPlatformAgentMinecraftForge rejected container SecureJarResource(java.client.SNAPSHOT)
[01Feb2026 06:53:54.512] [main/DEBUG] [mixin/]: Instancing new MixinPlatformAgentDefault for SecureJarResource(java.client.SNAPSHOT)
[01Feb2026 06:53:54.512] [main/DEBUG] [mixin/]: MixinPlatformAgentDefault accepted container SecureJarResource(java.client.SNAPSHOT)
[01Feb2026 06:53:54.512] [main/DEBUG] [mixin/]: Processing prepare() for PlatformAgent[MixinPlatformAgentDefault:SecureJarResource(java.client.SNAPSHOT)]
[01Feb2026 06:53:54.512] [main/DEBUG] [mixin/]: Adding mixin platform agents for container SecureJarResource(luaj.jse.figura)
[01Feb2026 06:53:54.512] [main/DEBUG] [mixin/]: Instancing new MixinPlatformAgentMinecraftForge for SecureJarResource(luaj.jse.figura)
[01Feb2026 06:53:54.512] [main/DEBUG] [mixin/]: MixinPlatformAgentMinecraftForge rejected container SecureJarResource(luaj.jse.figura)
[01Feb2026 06:53:54.512] [main/DEBUG] [mixin/]: Instancing new MixinPlatformAgentDefault for SecureJarResource(luaj.jse.figura)
[01Feb2026 06:53:54.512] [main/DEBUG] [mixin/]: MixinPlatformAgentDefault accepted container SecureJarResource(luaj.jse.figura)
[01Feb2026 06:53:54.512] [main/DEBUG] [mixin/]: Processing prepare() for PlatformAgent[MixinPlatformAgentDefault:SecureJarResource(luaj.jse.figura)]
[01Feb2026 06:53:54.512] [main/DEBUG] [mixin/]: Adding mixin platform agents for container SecureJarResource(org.apache.bcel)
[01Feb2026 06:53:54.513] [main/DEBUG] [mixin/]: Instancing new MixinPlatformAgentMinecraftForge for SecureJarResource(org.apache.bcel)
[01Feb2026 06:53:54.513] [main/DEBUG] [mixin/]: MixinPlatformAgentMinecraftForge rejected container SecureJarResource(org.apache.bcel)
[01Feb2026 06:53:54.513] [main/DEBUG] [mixin/]: Instancing new MixinPlatformAgentDefault for SecureJarResource(org.apache.bcel)
[01Feb2026 06:53:54.513] [main/DEBUG] [mixin/]: MixinPlatformAgentDefault accepted container SecureJarResource(org.apache.bcel)
[01Feb2026 06:53:54.513] [main/DEBUG] [mixin/]: Processing prepare() for PlatformAgent[MixinPlatformAgentDefault:SecureJarResource(org.apache.bcel)]
[01Feb2026 06:53:54.513] [main/DEBUG] [mixin/]: Adding mixin platform agents for container SecureJarResource(thedarkcolour.kotlinforforge.kfflib)
[01Feb2026 06:53:54.513] [main/DEBUG] [mixin/]: Instancing new MixinPlatformAgentMinecraftForge for SecureJarResource(thedarkcolour.kotlinforforge.kfflib)
[01Feb2026 06:53:54.513] [main/DEBUG] [mixin/]: MixinPlatformAgentMinecraftForge rejected container SecureJarResource(thedarkcolour.kotlinforforge.kfflib)
[01Feb2026 06:53:54.513] [main/DEBUG] [mixin/]: Instancing new MixinPlatformAgentDefault for SecureJarResource(thedarkcolour.kotlinforforge.kfflib)
[01Feb2026 06:53:54.513] [main/DEBUG] [mixin/]: MixinPlatformAgentDefault accepted container SecureJarResource(thedarkcolour.kotlinforforge.kfflib)
[01Feb2026 06:53:54.513] [main/DEBUG] [mixin/]: Processing prepare() for PlatformAgent[MixinPlatformAgentDefault:SecureJarResource(thedarkcolour.kotlinforforge.kfflib)]
[01Feb2026 06:53:54.513] [main/DEBUG] [mixin/]: Adding mixin platform agents for container SecureJarResource(MixinExtras)
[01Feb2026 06:53:54.513] [main/DEBUG] [mixin/]: Instancing new MixinPlatformAgentMinecraftForge for SecureJarResource(MixinExtras)
[01Feb2026 06:53:54.513] [main/DEBUG] [mixin/]: MixinPlatformAgentMinecraftForge rejected container SecureJarResource(MixinExtras)
[01Feb2026 06:53:54.513] [main/DEBUG] [mixin/]: Instancing new MixinPlatformAgentDefault for SecureJarResource(MixinExtras)
[01Feb2026 06:53:54.513] [main/DEBUG] [mixin/]: MixinPlatformAgentDefault accepted container SecureJarResource(MixinExtras)
[01Feb2026 06:53:54.513] [main/DEBUG] [mixin/]: Processing prepare() for PlatformAgent[MixinPlatformAgentDefault:SecureJarResource(MixinExtras)]
[01Feb2026 06:53:54.513] [main/DEBUG] [mixin/]: Adding mixin platform agents for container SecureJarResource(commons.math3)
[01Feb2026 06:53:54.513] [main/DEBUG] [mixin/]: Instancing new MixinPlatformAgentMinecraftForge for SecureJarResource(commons.math3)
[01Feb2026 06:53:54.513] [main/DEBUG] [mixin/]: MixinPlatformAgentMinecraftForge rejected container SecureJarResource(commons.math3)
[01Feb2026 06:53:54.513] [main/DEBUG] [mixin/]: Instancing new MixinPlatformAgentDefault for SecureJarResource(commons.math3)
[01Feb2026 06:53:54.513] [main/DEBUG] [mixin/]: MixinPlatformAgentDefault accepted container SecureJarResource(commons.math3)
[01Feb2026 06:53:54.513] [main/DEBUG] [mixin/]: Processing prepare() for PlatformAgent[MixinPlatformAgentDefault:SecureJarResource(commons.math3)]
[01Feb2026 06:53:54.513] [main/DEBUG] [mixin/]: inject() running with 62 agents
[01Feb2026 06:53:54.514] [main/DEBUG] [mixin/]: Processing inject() for PlatformAgent[MixinPlatformAgentDefault:ModLauncher Root Container(ModLauncher:4f56a0a2)]
[01Feb2026 06:53:54.514] [main/DEBUG] [mixin/]: Processing inject() for PlatformAgent[MixinPlatformAgentDefault:SecureJarResource(doubledoors)]
[01Feb2026 06:53:54.514] [main/DEBUG] [mixin/]: Processing inject() for PlatformAgent[MixinPlatformAgentDefault:SecureJarResource(kuma_api)]
[01Feb2026 06:53:54.514] [main/DEBUG] [mixin/]: Processing inject() for PlatformAgent[MixinPlatformAgentDefault:SecureJarResource(almanac)]
[01Feb2026 06:53:54.514] [main/DEBUG] [mixin/]: Processing inject() for PlatformAgent[MixinPlatformAgentDefault:SecureJarResource(openpartiesandclaims)]
[01Feb2026 06:53:54.514] [main/DEBUG] [mixin/]: Processing inject() for PlatformAgent[MixinPlatformAgentDefault:SecureJarResource(geckolib)]
[01Feb2026 06:53:54.514] [main/DEBUG] [mixin/]: Processing inject() for PlatformAgent[MixinPlatformAgentDefault:SecureJarResource(undeadnights)]
[01Feb2026 06:53:54.514] [main/DEBUG] [mixin/]: Processing inject() for PlatformAgent[MixinPlatformAgentDefault:SecureJarResource(jei)]
[01Feb2026 06:53:54.514] [main/DEBUG] [mixin/]: Processing inject() for PlatformAgent[MixinPlatformAgentDefault:SecureJarResource(xaerolib)]
[01Feb2026 06:53:54.514] [main/DEBUG] [mixin/]: Processing inject() for PlatformAgent[MixinPlatformAgentDefault:SecureJarResource(tacz)]
[01Feb2026 06:53:54.514] [main/DEBUG] [mixin/]: Processing inject() for PlatformAgent[MixinPlatformAgentDefault:SecureJarResource(dynamiclights)]
[01Feb2026 06:53:54.514] [main/DEBUG] [mixin/]: Processing inject() for PlatformAgent[MixinPlatformAgentDefault:SecureJarResource(sophisticatedcore)]
[01Feb2026 06:53:54.514] [main/DEBUG] [mixin/]: Processing inject() for PlatformAgent[MixinPlatformAgentDefault:SecureJarResource(underground_bunkers)]
[01Feb2026 06:53:54.515] [main/DEBUG] [mixin/]: Processing inject() for PlatformAgent[MixinPlatformAgentDefault:SecureJarResource(waystones)]
[01Feb2026 06:53:54.515] [main/DEBUG] [mixin/]: Processing inject() for PlatformAgent[MixinPlatformAgentDefault:SecureJarResource(clumps)]
[01Feb2026 06:53:54.515] [main/DEBUG] [mixin/]: Processing inject() for PlatformAgent[MixinPlatformAgentDefault:SecureJarResource(xaeroworldmap)]
[01Feb2026 06:53:54.515] [main/DEBUG] [mixin/]: Processing inject() for PlatformAgent[MixinPlatformAgentDefault:SecureJarResource(mixinextras)]
[01Feb2026 06:53:54.515] [main/DEBUG] [mixin/]: Processing inject() for PlatformAgent[MixinPlatformAgentDefault:SecureJarResource(mr_veinminer)]
[01Feb2026 06:53:54.515] [main/DEBUG] [mixin/]: Processing inject() for PlatformAgent[MixinPlatformAgentDefault:SecureJarResource(sophisticatedbackpacks)]
[01Feb2026 06:53:54.515] [main/DEBUG] [mixin/]: Processing inject() for PlatformAgent[MixinPlatformAgentDefault:SecureJarResource(midnightlib)]
[01Feb2026 06:53:54.515] [main/DEBUG] [mixin/]: Processing inject() for PlatformAgent[MixinPlatformAgentDefault:SecureJarResource(mutantszombies)]
[01Feb2026 06:53:54.515] [main/DEBUG] [mixin/]: Processing inject() for PlatformAgent[MixinPlatformAgentDefault:SecureJarResource(superbwarfare)]
[01Feb2026 06:53:54.516] [main/DEBUG] [mixin/]: Processing inject() for PlatformAgent[MixinPlatformAgentDefault:SecureJarResource(balm)]
[01Feb2026 06:53:54.516] [main/DEBUG] [mixin/]: Processing inject() for PlatformAgent[MixinPlatformAgentDefault:SecureJarResource(carryon)]
[01Feb2026 06:53:54.516] [main/DEBUG] [mixin/]: Processing inject() for PlatformAgent[MixinPlatformAgentDefault:SecureJarResource(memoryleakfix)]
[01Feb2026 06:53:54.516] [main/DEBUG] [mixin/]: Processing inject() for PlatformAgent[MixinPlatformAgentDefault:SecureJarResource(forge)]
[01Feb2026 06:53:54.516] [main/DEBUG] [mixin/]: Processing inject() for PlatformAgent[MixinPlatformAgentDefault:SecureJarResource(sona)]
[01Feb2026 06:53:54.516] [main/DEBUG] [mixin/]: Processing inject() for PlatformAgent[MixinPlatformAgentDefault:SecureJarResource(zombiekit)]
[01Feb2026 06:53:54.516] [main/DEBUG] [mixin/]: Processing inject() for PlatformAgent[MixinPlatformAgentDefault:SecureJarResource(chovys_apocalypse_mod)]
[01Feb2026 06:53:54.516] [main/DEBUG] [mixin/]: Processing inject() for PlatformAgent[MixinPlatformAgentDefault:SecureJarResource(minecraft)]
[01Feb2026 06:53:54.516] [main/DEBUG] [mixin/]: Processing inject() for PlatformAgent[MixinPlatformAgentDefault:SecureJarResource(infectious)]
[01Feb2026 06:53:54.517] [main/DEBUG] [mixin/]: Processing inject() for PlatformAgent[MixinPlatformAgentDefault:SecureJarResource(libipn)]
[01Feb2026 06:53:54.517] [main/DEBUG] [mixin/]: Processing inject() for PlatformAgent[MixinPlatformAgentDefault:SecureJarResource(nochatreports)]
[01Feb2026 06:53:54.517] [main/DEBUG] [mixin/]: Processing inject() for PlatformAgent[MixinPlatformAgentDefault:SecureJarResource(jade)]
[01Feb2026 06:53:54.517] [main/DEBUG] [mixin/]: Processing inject() for PlatformAgent[MixinPlatformAgentDefault:SecureJarResource(chunky)]
[01Feb2026 06:53:54.517] [main/DEBUG] [mixin/]: Processing inject() for PlatformAgent[MixinPlatformAgentDefault:SecureJarResource(platform)]
[01Feb2026 06:53:54.517] [main/DEBUG] [mixin/]: Processing inject() for PlatformAgent[MixinPlatformAgentDefault:SecureJarResource(kotlinforforge)]
[01Feb2026 06:53:54.517] [main/DEBUG] [mixin/]: Processing inject() for PlatformAgent[MixinPlatformAgentDefault:SecureJarResource(rottencreatures)]
[01Feb2026 06:53:54.517] [main/DEBUG] [mixin/]: Processing inject() for PlatformAgent[MixinPlatformAgentDefault:SecureJarResource(curios)]
[01Feb2026 06:53:54.517] [main/DEBUG] [mixin/]: Processing inject() for PlatformAgent[MixinPlatformAgentDefault:SecureJarResource(xaerominimap)]
[01Feb2026 06:53:54.517] [main/DEBUG] [mixin/]: Processing inject() for PlatformAgent[MixinPlatformAgentDefault:SecureJarResource(collective)]
[01Feb2026 06:53:54.517] [main/DEBUG] [mixin/]: Processing inject() for PlatformAgent[MixinPlatformAgentDefault:SecureJarResource(sit)]
[01Feb2026 06:53:54.517] [main/DEBUG] [mixin/]: Processing inject() for PlatformAgent[MixinPlatformAgentDefault:SecureJarResource(lostcities)]
[01Feb2026 06:53:54.517] [main/DEBUG] [mixin/]: Processing inject() for PlatformAgent[MixinPlatformAgentDefault:SecureJarResource(inventoryprofilesnext)]
[01Feb2026 06:53:54.517] [main/DEBUG] [mixin/]: Processing inject() for PlatformAgent[MixinPlatformAgentDefault:SecureJarResource(automobility)]
[01Feb2026 06:53:54.517] [main/DEBUG] [mixin/]: Processing inject() for PlatformAgent[MixinPlatformAgentDefault:SecureJarResource(architectury)]
[01Feb2026 06:53:54.517] [main/DEBUG] [mixin/]: Processing inject() for PlatformAgent[MixinPlatformAgentDefault:SecureJarResource(zombie_variants)]
[01Feb2026 06:53:54.517] [main/DEBUG] [mixin/]: Processing inject() for PlatformAgent[MixinPlatformAgentDefault:SecureJarResource(appleskin)]
[01Feb2026 06:53:54.518] [main/DEBUG] [mixin/]: Processing inject() for PlatformAgent[MixinPlatformAgentDefault:SecureJarResource(ferritecore)]
[01Feb2026 06:53:54.518] [main/DEBUG] [mixin/]: Processing inject() for PlatformAgent[MixinPlatformAgentDefault:SecureJarResource(rrls)]
[01Feb2026 06:53:54.518] [main/DEBUG] [mixin/]: Processing inject() for PlatformAgent[MixinPlatformAgentDefault:SecureJarResource(jadeaddons)]
[01Feb2026 06:53:54.518] [main/DEBUG] [mixin/]: Processing inject() for PlatformAgent[MixinPlatformAgentDefault:SecureJarResource(fallingtree)]
[01Feb2026 06:53:54.518] [main/DEBUG] [mixin/]: Processing inject() for PlatformAgent[MixinPlatformAgentDefault:SecureJarResource(simply_traps)]
[01Feb2026 06:53:54.518] [main/DEBUG] [mixin/]: Processing inject() for PlatformAgent[MixinPlatformAgentDefault:SecureJarResource(skinrestorer)]
[01Feb2026 06:53:54.518] [main/DEBUG] [mixin/]: Processing inject() for PlatformAgent[MixinPlatformAgentDefault:SecureJarResource(mclib)]
[01Feb2026 06:53:54.518] [main/DEBUG] [mixin/]: Processing inject() for PlatformAgent[MixinPlatformAgentDefault:SecureJarResource(luaj.core.figura)]
[01Feb2026 06:53:54.518] [main/DEBUG] [mixin/]: Processing inject() for PlatformAgent[MixinPlatformAgentDefault:SecureJarResource(java.client.SNAPSHOT)]
[01Feb2026 06:53:54.518] [main/DEBUG] [mixin/]: Processing inject() for PlatformAgent[MixinPlatformAgentDefault:SecureJarResource(luaj.jse.figura)]
[01Feb2026 06:53:54.518] [main/DEBUG] [mixin/]: Processing inject() for PlatformAgent[MixinPlatformAgentDefault:SecureJarResource(org.apache.bcel)]
[01Feb2026 06:53:54.518] [main/DEBUG] [mixin/]: Processing inject() for PlatformAgent[MixinPlatformAgentDefault:SecureJarResource(thedarkcolour.kotlinforforge.kfflib)]
[01Feb2026 06:53:54.518] [main/DEBUG] [mixin/]: Processing inject() for PlatformAgent[MixinPlatformAgentDefault:SecureJarResource(MixinExtras)]
[01Feb2026 06:53:54.518] [main/DEBUG] [mixin/]: Processing inject() for PlatformAgent[MixinPlatformAgentDefault:SecureJarResource(commons.math3)]
[01Feb2026 06:53:54.519] [main/INFO] [cpw.mods.modlauncher.LaunchServiceHandler/MODLAUNCHER]: Launching target 'forgeserver' with arguments []
[01Feb2026 06:53:54.556] [main/DEBUG] [mixin/]: Error cleaning class output directory: .mixin.out
[01Feb2026 06:53:54.557] [main/DEBUG] [mixin/]: Preparing mixins for MixinEnvironment[DEFAULT]
[01Feb2026 06:53:54.558] [main/DEBUG] [mixin/]: Selecting config doubledoors_forge.mixins.json
[01Feb2026 06:53:54.571] [main/DEBUG] [mixin/]: Selecting config kuma_api.mixins.json
[01Feb2026 06:53:54.572] [main/DEBUG] [mixin/]: Selecting config kuma_api.forge.mixins.json
[01Feb2026 06:53:54.573] [main/DEBUG] [mixin/]: Selecting config almanac.mixins.json
[01Feb2026 06:53:54.574] [main/DEBUG] [mixin/]: Selecting config openpartiesandclaims.mixins.json
[01Feb2026 06:53:54.577] [main/DEBUG] [mixin/]: Selecting config openpartiesandclaims.forge.mixins.json
[01Feb2026 06:53:54.578] [main/DEBUG] [mixin/]: Selecting config openpartiesandclaims.create.mixins.json
[01Feb2026 06:53:54.579] [main/DEBUG] [mixin/]: Selecting config openpartiesandclaims.create.forge.mixins.json
[01Feb2026 06:53:54.581] [main/DEBUG] [mixin/]: Selecting config geckolib.mixins.json
[01Feb2026 06:53:54.582] [main/DEBUG] [mixin/]: Selecting config undeadnights.mixins.json
[01Feb2026 06:53:54.582] [main/DEBUG] [mixin/]: Selecting config xaerolib.mixins.json
[01Feb2026 06:53:54.584] [main/DEBUG] [mixin/]: Selecting config xaerolib.forge.mixins.json
[01Feb2026 06:53:54.585] [main/DEBUG] [mixin/]: Selecting config tacz.mixins.json
[01Feb2026 06:53:54.585] [main/DEBUG] [mixin/]: Selecting config tacz.compat.acceleratedrendering.mixins.json
[01Feb2026 06:53:54.587] [main/DEBUG] [mixin/]: Selecting config sophisticatedcore.mixins.json
[01Feb2026 06:53:54.588] [main/DEBUG] [mixin/]: Selecting config waystones.mixins.json
[01Feb2026 06:53:54.588] [main/DEBUG] [mixin/]: Selecting config clumps.mixins.json
[01Feb2026 06:53:54.589] [main/DEBUG] [mixin/]: Selecting config xaeroworldmap.mixins.json
[01Feb2026 06:53:54.591] [main/DEBUG] [mixin/]: Selecting config xaeroworldmap.forge.mixins.json
[01Feb2026 06:53:54.591] [main/DEBUG] [mixin/]: Selecting config mixinextras.init.mixins.json
[01Feb2026 06:53:54.622] [main/DEBUG] [MixinExtras|Service/]: com.llamalad7.mixinextras.service.MixinExtrasServiceImpl(version=0.4.1) is taking over from null
[01Feb2026 06:53:54.654] [main/DEBUG] [mixin/]: Registering new injector for @Inject with org.spongepowered.asm.mixin.injection.struct.CallbackInjectionInfo
[01Feb2026 06:53:54.656] [main/DEBUG] [mixin/]: Registering new injector for @ModifyArg with org.spongepowered.asm.mixin.injection.struct.ModifyArgInjectionInfo
[01Feb2026 06:53:54.657] [main/DEBUG] [mixin/]: Registering new injector for @ModifyArgs with org.spongepowered.asm.mixin.injection.struct.ModifyArgsInjectionInfo
[01Feb2026 06:53:54.659] [main/DEBUG] [mixin/]: Registering new injector for @Redirect with org.spongepowered.asm.mixin.injection.struct.RedirectInjectionInfo
[01Feb2026 06:53:54.660] [main/DEBUG] [mixin/]: Registering new injector for @ModifyVariable with org.spongepowered.asm.mixin.injection.struct.ModifyVariableInjectionInfo
[01Feb2026 06:53:54.661] [main/DEBUG] [mixin/]: Registering new injector for @ModifyConstant with org.spongepowered.asm.mixin.injection.struct.ModifyConstantInjectionInfo
[01Feb2026 06:53:54.671] [main/DEBUG] [mixin/]: Selecting config midnightlib.mixins.json
[01Feb2026 06:53:54.672] [main/DEBUG] [mixin/]: Selecting config mixins.superbwarfare.json
[01Feb2026 06:53:54.674] [main/DEBUG] [mixin/]: Selecting config balm.mixins.json
[01Feb2026 06:53:54.675] [main/DEBUG] [mixin/]: Selecting config carryon.mixins.json
[01Feb2026 06:53:54.676] [main/DEBUG] [mixin/]: Selecting config carryon.forge.mixins.json
[01Feb2026 06:53:54.677] [main/DEBUG] [mixin/]: Selecting config memoryleakfix.mixins.json
[01Feb2026 06:53:54.701] [main/DEBUG] [MixinExtras|Service/]: ca.fxco.memoryleakfix.mixinextras.service.MixinExtrasServiceImpl(version=0.3.2) is conceding to com.llamalad7.mixinextras.service.MixinExtrasServiceImpl(version=0.4.1)
[01Feb2026 06:53:54.709] [main/DEBUG] [mixin/]: Selecting config sona.mixins.json
[01Feb2026 06:53:54.711] [main/DEBUG] [mixin/]: Selecting config zombiekit.mixins.json
[01Feb2026 06:53:54.712] [main/DEBUG] [mixin/]: Selecting config mixins/common/nochatreports.mixins.json
[01Feb2026 06:53:54.713] [main/DEBUG] [mixin/]: Selecting config mixins/forge/nochatreports-forge.mixins.json
[01Feb2026 06:53:54.714] [main/DEBUG] [mixin/]: Selecting config jade.mixins.json
[01Feb2026 06:53:54.715] [main/DEBUG] [mixin/]: Selecting config platform.mixins.json
[01Feb2026 06:53:54.716] [main/DEBUG] [mixin/]: Selecting config platform-common.mixins.json
[01Feb2026 06:53:54.717] [main/DEBUG] [mixin/]: Selecting config rottencreatures.mixins.json
[01Feb2026 06:53:54.718] [main/DEBUG] [mixin/]: Selecting config rottencreatures-common.mixins.json
[01Feb2026 06:53:54.719] [main/DEBUG] [mixin/]: Selecting config curios.mixins.json
[01Feb2026 06:53:54.719] [main/DEBUG] [mixin/]: Selecting config xaerohud.mixins.json
[01Feb2026 06:53:54.720] [main/DEBUG] [mixin/]: Selecting config xaerohud.forge.mixins.json
[01Feb2026 06:53:54.721] [main/DEBUG] [mixin/]: Selecting config xaerominimap.mixins.json
[01Feb2026 06:53:54.722] [main/DEBUG] [mixin/]: Selecting config xaerominimap.forge.mixins.json
[01Feb2026 06:53:54.723] [main/DEBUG] [mixin/]: Selecting config collective_forge.mixins.json
[01Feb2026 06:53:54.723] [main/DEBUG] [mixin/]: Selecting config mixins.ipnext.json
[01Feb2026 06:53:54.728] [main/DEBUG] [mixin/]: Selecting config automobility.mixins.json
[01Feb2026 06:53:54.729] [main/DEBUG] [mixin/]: Selecting config automobility_forge.mixins.json
[01Feb2026 06:53:54.730] [main/DEBUG] [mixin/]: Selecting config architectury.mixins.json
[01Feb2026 06:53:54.731] [main/DEBUG] [mixin/]: Selecting config architectury-common.mixins.json
[01Feb2026 06:53:54.732] [main/DEBUG] [mixin/]: Selecting config zombie_variants.mixins.json
[01Feb2026 06:53:54.733] [main/DEBUG] [mixin/]: Selecting config ferritecore.predicates.mixin.json
[01Feb2026 06:53:54.745] [main/DEBUG] [mixin/]: Selecting config ferritecore.fastmap.mixin.json
[01Feb2026 06:53:54.746] [main/DEBUG] [mixin/]: Selecting config ferritecore.mrl.mixin.json
[01Feb2026 06:53:54.748] [main/DEBUG] [mixin/]: Selecting config ferritecore.dedupmultipart.mixin.json
[01Feb2026 06:53:54.749] [main/DEBUG] [mixin/]: Selecting config ferritecore.blockstatecache.mixin.json
[01Feb2026 06:53:54.750] [main/DEBUG] [mixin/]: Selecting config ferritecore.dedupbakedquad.mixin.json
[01Feb2026 06:53:54.752] [main/DEBUG] [mixin/]: Selecting config ferritecore.threaddetec.mixin.json
[01Feb2026 06:53:54.753] [main/DEBUG] [mixin/]: Selecting config ferritecore.modelsides.mixin.json
[01Feb2026 06:53:54.754] [main/DEBUG] [mixin/]: Selecting config rrls-forge.mixins.json
[01Feb2026 06:53:54.755] [main/DEBUG] [mixin/]: Selecting config rrls.mixins.json
[01Feb2026 06:53:54.756] [main/DEBUG] [mixin/]: Selecting config jadeaddons.mixins.json
[01Feb2026 06:53:54.757] [main/DEBUG] [mixin/]: Selecting config skinrestorer.mixins.json
[01Feb2026 06:53:54.757] [main/DEBUG] [mixin/]: Preparing doubledoors_forge.mixins.json (4)
[01Feb2026 06:53:54.792] [main/DEBUG] [mixin/]: Preparing kuma_api.mixins.json (1)
[01Feb2026 06:53:54.792] [main/DEBUG] [mixin/]: Preparing kuma_api.forge.mixins.json (0)
[01Feb2026 06:53:54.792] [main/DEBUG] [mixin/]: Preparing almanac.mixins.json (2)
[01Feb2026 06:53:54.822] [main/DEBUG] [mixin/]: Preparing openpartiesandclaims.mixins.json (30)
[01Feb2026 06:53:54.843] [main/DEBUG] [net.minecraftforge.coremod.transformer.CoreModBaseTransformer/COREMOD]: Transforming m_289607_ with desc (Lnet/minecraft/world/level/Level;Lnet/minecraft/world/phys/AABB;Ljava/lang/Class;)I
[01Feb2026 06:53:55.022] [main/DEBUG] [net.minecraftforge.coremod.transformer.CoreModBaseTransformer/COREMOD]: Transforming net/minecraft/world/entity/raid/Raid
[01Feb2026 06:53:55.264] [main/DEBUG] [mixin/]: Preparing openpartiesandclaims.forge.mixins.json (4)
[01Feb2026 06:53:55.284] [main/DEBUG] [mixin/]: Preparing openpartiesandclaims.create.mixins.json (17)
[01Feb2026 06:53:55.296] [main/DEBUG] [mixin/]: Preparing openpartiesandclaims.create.forge.mixins.json (12)
[01Feb2026 06:53:55.301] [main/DEBUG] [mixin/]: Preparing geckolib.mixins.json (1)
[01Feb2026 06:53:55.302] [main/DEBUG] [mixin/]: Preparing undeadnights.mixins.json (9)
[01Feb2026 06:53:55.307] [main/WARN] [mixin/]: Error loading class: com/illusivesoulworks/comforts/common/block/BaseComfortsBlock (java.lang.ClassNotFoundException: com.illusivesoulworks.comforts.common.block.BaseComfortsBlock)
[01Feb2026 06:53:55.308] [main/WARN] [mixin/]: @Mixin target com.illusivesoulworks.comforts.common.block.BaseComfortsBlock was not found undeadnights.mixins.json:BaseComfortBlocksMixin
[01Feb2026 06:53:55.312] [main/DEBUG] [net.minecraftforge.coremod.transformer.CoreModBaseTransformer/COREMOD]: Transforming net/minecraft/world/entity/monster/Zombie
[01Feb2026 06:53:55.423] [main/DEBUG] [mixin/]: Preparing xaerolib.mixins.json (5)
[01Feb2026 06:53:55.424] [main/DEBUG] [mixin/]: Preparing xaerolib.forge.mixins.json (0)
[01Feb2026 06:53:55.424] [main/DEBUG] [mixin/]: Preparing tacz.mixins.json (14)
[01Feb2026 06:53:55.426] [main/DEBUG] [mixin/]: Preparing tacz.compat.acceleratedrendering.mixins.json (1)
[01Feb2026 06:53:55.427] [main/DEBUG] [mixin/]: Preparing sophisticatedcore.mixins.json (1)
[01Feb2026 06:53:55.428] [main/DEBUG] [mixin/]: Preparing waystones.mixins.json (3)
[01Feb2026 06:53:55.433] [main/DEBUG] [mixin/]: Preparing clumps.mixins.json (2)
[01Feb2026 06:53:55.435] [main/DEBUG] [mixin/]: Preparing xaeroworldmap.mixins.json (11)
[01Feb2026 06:53:55.436] [main/DEBUG] [mixin/]: Preparing xaeroworldmap.forge.mixins.json (2)
[01Feb2026 06:53:55.436] [main/DEBUG] [mixin/]: Preparing mixinextras.init.mixins.json (0)
[01Feb2026 06:53:55.436] [main/DEBUG] [mixin/]: Preparing midnightlib.mixins.json (1)
[01Feb2026 06:53:55.436] [main/DEBUG] [mixin/]: Preparing mixins.superbwarfare.json (32)
[01Feb2026 06:53:55.456] [main/DEBUG] [net.minecraftforge.coremod.transformer.CoreModBaseTransformer/COREMOD]: Transforming net/minecraft/world/entity/npc/Villager
[01Feb2026 06:53:55.598] [main/DEBUG] [mixin/]: Preparing balm.mixins.json (16)
[01Feb2026 06:53:55.608] [main/DEBUG] [mixin/]: Preparing carryon.mixins.json (5)
[01Feb2026 06:53:55.613] [main/DEBUG] [mixin/]: Preparing carryon.forge.mixins.json (0)
[01Feb2026 06:53:55.613] [main/DEBUG] [mixin/]: Preparing memoryleakfix.mixins.json (7)
[01Feb2026 06:53:55.620] [main/DEBUG] [net.minecraftforge.coremod.transformer.CoreModBaseTransformer/COREMOD]: Transforming net/minecraft/world/level/biome/Biome
[01Feb2026 06:53:55.632] [main/DEBUG] [mixin/]: Preparing sona.mixins.json (50)
[01Feb2026 06:53:55.692] [main/DEBUG] [net.minecraftforge.coremod.transformer.CoreModBaseTransformer/COREMOD]: Transforming net/minecraft/world/item/ItemStack
[01Feb2026 06:53:55.729] [main/DEBUG] [mixin/]: Preparing zombiekit.mixins.json (8)
[01Feb2026 06:53:55.737] [main/DEBUG] [mixin/]: Preparing mixins/common/nochatreports.mixins.json (28)
[01Feb2026 06:53:55.751] [main/DEBUG] [mixin/]: Preparing mixins/forge/nochatreports-forge.mixins.json (4)
[01Feb2026 06:53:55.752] [main/DEBUG] [mixin/]: Preparing jade.mixins.json (2)
[01Feb2026 06:53:55.752] [main/DEBUG] [mixin/]: Preparing platform.mixins.json (3)
[01Feb2026 06:53:55.756] [main/DEBUG] [mixin/]: Preparing platform-common.mixins.json (24)
[01Feb2026 06:53:55.772] [main/DEBUG] [mixin/]: Preparing rottencreatures.mixins.json (0)
[01Feb2026 06:53:55.773] [main/DEBUG] [mixin/]: Preparing rottencreatures-common.mixins.json (13)
[01Feb2026 06:53:55.784] [main/DEBUG] [mixin/]: Preparing curios.mixins.json (13)
[01Feb2026 06:53:55.795] [main/DEBUG] [mixin/]: Preparing xaerohud.mixins.json (21)
[01Feb2026 06:53:55.797] [main/DEBUG] [mixin/]: Preparing xaerohud.forge.mixins.json (0)
[01Feb2026 06:53:55.797] [main/DEBUG] [mixin/]: Preparing xaerominimap.mixins.json (0)
[01Feb2026 06:53:55.797] [main/DEBUG] [mixin/]: Preparing xaerominimap.forge.mixins.json (0)
[01Feb2026 06:53:55.797] [main/DEBUG] [mixin/]: Preparing collective_forge.mixins.json (5)
[01Feb2026 06:53:55.803] [main/DEBUG] [mixin/]: Preparing mixins.ipnext.json (14)
[01Feb2026 06:53:55.803] [main/DEBUG] [mixin/]: Preparing automobility.mixins.json (10)
[01Feb2026 06:53:55.811] [main/DEBUG] [mixin/]: Preparing automobility_forge.mixins.json (9)
[01Feb2026 06:53:55.811] [main/DEBUG] [mixin/]: Preparing architectury.mixins.json (9)
[01Feb2026 06:53:55.819] [main/DEBUG] [mixin/]: Preparing architectury-common.mixins.json (10)
[01Feb2026 06:53:55.822] [main/DEBUG] [net.minecraftforge.coremod.transformer.CoreModBaseTransformer/COREMOD]: Transforming net/minecraft/world/item/BucketItem
[01Feb2026 06:53:55.828] [main/DEBUG] [net.minecraftforge.coremod.transformer.CoreModBaseTransformer/COREMOD]: Transforming net/minecraft/world/entity/EntityType
[01Feb2026 06:53:55.909] [main/DEBUG] [net.minecraftforge.coremod.transformer.CoreModBaseTransformer/COREMOD]: Transforming net/minecraft/world/level/block/LiquidBlock
[01Feb2026 06:53:55.934] [main/DEBUG] [mixin/]: Preparing zombie_variants.mixins.json (6)
[01Feb2026 06:53:55.939] [main/DEBUG] [net.minecraftforge.coremod.transformer.CoreModBaseTransformer/COREMOD]: Transforming net/minecraft/world/level/NaturalSpawner
[01Feb2026 06:53:56.024] [main/DEBUG] [mixin/]: Preparing ferritecore.predicates.mixin.json (3)
[01Feb2026 06:53:56.024] [main/DEBUG] [mixin/]: Preparing ferritecore.fastmap.mixin.json (1)
[01Feb2026 06:53:56.026] [main/DEBUG] [mixin/]: Preparing ferritecore.mrl.mixin.json (2)
[01Feb2026 06:53:56.026] [main/DEBUG] [mixin/]: Preparing ferritecore.dedupmultipart.mixin.json (2)
[01Feb2026 06:53:56.026] [main/DEBUG] [mixin/]: Preparing ferritecore.blockstatecache.mixin.json (8)
[01Feb2026 06:53:56.042] [main/DEBUG] [mixin/]: Preparing ferritecore.dedupbakedquad.mixin.json (2)
[01Feb2026 06:53:56.042] [main/DEBUG] [mixin/]: Preparing ferritecore.threaddetec.mixin.json (1)
[01Feb2026 06:53:56.043] [main/DEBUG] [mixin/]: Preparing ferritecore.modelsides.mixin.json (1)
[01Feb2026 06:53:56.043] [main/DEBUG] [mixin/]: Preparing rrls-forge.mixins.json (1)
[01Feb2026 06:53:56.043] [main/DEBUG] [mixin/]: Preparing rrls.mixins.json (8)
[01Feb2026 06:53:56.043] [main/DEBUG] [mixin/]: Preparing jadeaddons.mixins.json (3)
[01Feb2026 06:53:56.045] [main/WARN] [mixin/]: Error loading class: com/simibubi/create/content/equipment/armor/BacktankBlockEntity (java.lang.ClassNotFoundException: com.simibubi.create.content.equipment.armor.BacktankBlockEntity)
[01Feb2026 06:53:56.046] [main/WARN] [mixin/]: @Mixin target com.simibubi.create.content.equipment.armor.BacktankBlockEntity was not found jadeaddons.mixins.json:create.BacktankBlockEntityAccess
[01Feb2026 06:53:56.046] [main/DEBUG] [mixin/]: Preparing skinrestorer.mixins.json (6)
[01Feb2026 06:53:56.076] [main/INFO] [memoryleakfix/]: [MemoryLeakFix] Will be applying 1 memory leak fixes!
[01Feb2026 06:53:56.077] [main/INFO] [memoryleakfix/]: [MemoryLeakFix] Currently enabled memory leak fixes: [biomeTemperatureLeak]
[01Feb2026 06:53:56.156] [main/DEBUG] [mixin/]: Prepared 226 mixins in 1.597 sec (7.1ms avg) (0ms load, 0ms transform, 0ms plugin)
[01Feb2026 06:53:56.168] [main/INFO] [MixinExtras|Service/]: Initializing MixinExtras via com.llamalad7.mixinextras.service.MixinExtrasServiceImpl(version=0.4.1).
[01Feb2026 06:53:56.169] [main/DEBUG] [mixin/]: Registering new injector for @SugarWrapper with com.llamalad7.mixinextras.sugar.impl.SugarWrapperInjectionInfo
[01Feb2026 06:53:56.169] [main/DEBUG] [mixin/]: Registering new injector for @FactoryRedirectWrapper with com.llamalad7.mixinextras.wrapper.factory.FactoryRedirectWrapperInjectionInfo
[01Feb2026 06:53:56.172] [main/DEBUG] [mixin/]: Mixing MixinMinecraftServer from openpartiesandclaims.mixins.json into net.minecraft.server.MinecraftServer
[01Feb2026 06:53:56.181] [main/DEBUG] [mixin/]: Mixing MixinMinecraftServer from xaeroworldmap.mixins.json into net.minecraft.server.MinecraftServer
[01Feb2026 06:53:56.182] [main/DEBUG] [mixin/]: Mixing MinecraftServerMixin from balm.mixins.json into net.minecraft.server.MinecraftServer
[01Feb2026 06:53:56.182] [main/DEBUG] [mixin/]: Renaming synthetic method lambda$reloadResources$0(Ljava/lang/Void;)V to md63ae9b$lambda$reloadResources$0$0 in balm.mixins.json:MinecraftServerMixin
[01Feb2026 06:53:56.190] [main/DEBUG] [mixin/]: Mixing MixinMinecraftServer from xaerohud.mixins.json into net.minecraft.server.MinecraftServer
[01Feb2026 06:53:56.250] [main/INFO] [mixin/]: Mixing server.MixinDedicatedServer from mixins/common/nochatreports.mixins.json into net.minecraft.server.dedicated.DedicatedServer
[01Feb2026 06:53:56.266] [main/DEBUG] [io.netty.util.internal.logging.InternalLoggerFactory/]: Using SLF4J as the default logging framework
[01Feb2026 06:53:56.268] [main/DEBUG] [io.netty.util.ResourceLeakDetector/]: -Dio.netty.leakDetection.level: simple
[01Feb2026 06:53:56.268] [main/DEBUG] [io.netty.util.ResourceLeakDetector/]: -Dio.netty.leakDetection.targetRecords: 4
[01Feb2026 06:53:56.379] [main/DEBUG] [mixin/]: Mixing common.ResourceLocationMixin from platform-common.mixins.json into net.minecraft.resources.ResourceLocation
[01Feb2026 06:53:56.448] [main/DEBUG] [oshi.util.FileUtil/]: No oshi.properties file found from ClassLoader cpw.mods.modlauncher.TransformingClassLoader@72557746
[01Feb2026 06:53:56.449] [main/DEBUG] [oshi.util.FileUtil/]: No oshi.properties file found from ClassLoader jdk.internal.loader.ClassLoaders$AppClassLoader@28a418fc
[01Feb2026 06:53:56.489] [main/DEBUG] [oshi.util.FileUtil/]: Reading file /proc/self/auxv
[01Feb2026 06:53:56.490] [main/DEBUG] [oshi.util.FileUtil/]: Reading file /proc/self/auxv
[01Feb2026 06:53:56.494] [main/DEBUG] [oshi.util.FileUtil/]: Reading file /proc/stat
[01Feb2026 06:53:56.501] [main/DEBUG] [oshi.util.FileUtil/]: Reading file /sys/devices/system/cpu/cpu0/topology/core_id
[01Feb2026 06:53:56.501] [main/DEBUG] [oshi.util.FileUtil/]: Reading file /sys/devices/system/cpu/cpu0/topology/core_id
[01Feb2026 06:53:56.501] [main/DEBUG] [oshi.util.FileUtil/]: Reading file /sys/devices/system/cpu/cpu0/topology/physical_package_id
[01Feb2026 06:53:56.501] [main/DEBUG] [oshi.util.FileUtil/]: Reading file /sys/devices/system/cpu/cpu0/topology/physical_package_id
[01Feb2026 06:53:56.501] [main/DEBUG] [oshi.util.FileUtil/]: Reading file /sys/devices/system/cpu/cpu0/cpu_capacity
[01Feb2026 06:53:56.503] [main/DEBUG] [oshi.util.FileUtil/]: Reading file /sys/devices/system/cpu/cpu1/topology/core_id
[01Feb2026 06:53:56.503] [main/DEBUG] [oshi.util.FileUtil/]: Reading file /sys/devices/system/cpu/cpu1/topology/core_id
[01Feb2026 06:53:56.503] [main/DEBUG] [oshi.util.FileUtil/]: Reading file /sys/devices/system/cpu/cpu1/topology/physical_package_id
[01Feb2026 06:53:56.503] [main/DEBUG] [oshi.util.FileUtil/]: Reading file /sys/devices/system/cpu/cpu1/topology/physical_package_id
[01Feb2026 06:53:56.503] [main/DEBUG] [oshi.util.FileUtil/]: Reading file /sys/devices/system/cpu/cpu1/cpu_capacity
[01Feb2026 06:53:56.503] [main/DEBUG] [oshi.util.FileUtil/]: Reading file /sys/devices/system/cpu/cpu2/topology/core_id
[01Feb2026 06:53:56.503] [main/DEBUG] [oshi.util.FileUtil/]: Reading file /sys/devices/system/cpu/cpu2/topology/core_id
[01Feb2026 06:53:56.504] [main/DEBUG] [oshi.util.FileUtil/]: Reading file /sys/devices/system/cpu/cpu2/topology/physical_package_id
[01Feb2026 06:53:56.504] [main/DEBUG] [oshi.util.FileUtil/]: Reading file /sys/devices/system/cpu/cpu2/topology/physical_package_id
[01Feb2026 06:53:56.504] [main/DEBUG] [oshi.util.FileUtil/]: Reading file /sys/devices/system/cpu/cpu2/cpu_capacity
[01Feb2026 06:53:56.504] [main/DEBUG] [oshi.util.FileUtil/]: Reading file /sys/devices/system/cpu/cpu3/topology/core_id
[01Feb2026 06:53:56.504] [main/DEBUG] [oshi.util.FileUtil/]: Reading file /sys/devices/system/cpu/cpu3/topology/core_id
[01Feb2026 06:53:56.504] [main/DEBUG] [oshi.util.FileUtil/]: Reading file /sys/devices/system/cpu/cpu3/topology/physical_package_id
[01Feb2026 06:53:56.504] [main/DEBUG] [oshi.util.FileUtil/]: Reading file /sys/devices/system/cpu/cpu3/topology/physical_package_id
[01Feb2026 06:53:56.504] [main/DEBUG] [oshi.util.FileUtil/]: Reading file /sys/devices/system/cpu/cpu3/cpu_capacity
[01Feb2026 06:53:56.506] [main/DEBUG] [oshi.util.FileUtil/]: Reading file /proc/cpuinfo
[01Feb2026 06:53:56.513] [main/DEBUG] [oshi.util.FileUtil/]: Reading file /proc/self/auxv
[01Feb2026 06:53:56.514] [main/DEBUG] [oshi.util.FileUtil/]: No oshi.architecture.properties file found from ClassLoader cpw.mods.modlauncher.TransformingClassLoader@72557746
[01Feb2026 06:53:56.515] [main/DEBUG] [oshi.util.FileUtil/]: No oshi.architecture.properties file found from ClassLoader jdk.internal.loader.ClassLoaders$AppClassLoader@28a418fc
[01Feb2026 06:53:56.527] [main/DEBUG] [oshi.util.FileUtil/]: Reading file /proc/meminfo
[01Feb2026 06:53:56.528] [main/DEBUG] [oshi.util.FileUtil/]: Reading file /proc/meminfo
[01Feb2026 06:53:56.601] [main/DEBUG] [mixin/]: Mixing inject.MixinGameEvent from architectury-common.mixins.json into net.minecraft.world.level.gameevent.GameEvent
[01Feb2026 06:53:56.608] [main/DEBUG] [mixin/]: Mixing HolderMixin from mixins.superbwarfare.json into net.minecraft.core.Holder$Reference
[01Feb2026 06:53:56.634] [main/DEBUG] [mixin/]: Mixing MixinForgeBlock from openpartiesandclaims.forge.mixins.json into net.minecraft.world.level.block.Block
[01Feb2026 06:53:56.642] [main/DEBUG] [mixin/]: Mixing inject.MixinBlock from architectury-common.mixins.json into net.minecraft.world.level.block.Block
[01Feb2026 06:53:56.663] [main/DEBUG] [mixin/]: Mixing BlockStateBaseMixin from ferritecore.blockstatecache.mixin.json into net.minecraft.world.level.block.state.BlockBehaviour$BlockStateBase
[01Feb2026 06:53:56.687] [main/DEBUG] [mixin/]: Mixing FastMapStateHolderMixin from ferritecore.fastmap.mixin.json into net.minecraft.world.level.block.state.StateHolder
[01Feb2026 06:53:56.710] [main/DEBUG] [mixin/]: Mixing EntityMixin from almanac.mixins.json into net.minecraft.world.entity.Entity
[01Feb2026 06:53:56.713] [main/DEBUG] [mixin/]: Mixing EntityMixin from mixins.superbwarfare.json into net.minecraft.world.entity.Entity
[01Feb2026 06:53:56.756] [main/DEBUG] [mixin/]: Mixing SteelPipeFallMixin from mixins.superbwarfare.json into net.minecraft.world.entity.Entity
[01Feb2026 06:53:56.764] [main/DEBUG] [mixin/]: Mixing EntityMixin from balm.mixins.json into net.minecraft.world.entity.Entity
[01Feb2026 06:53:56.767] [main/DEBUG] [mixin/]: Mixing EntityMixin from carryon.mixins.json into net.minecraft.world.entity.Entity
[01Feb2026 06:53:56.787] [main/DEBUG] [mixin/]: Mixing EntityMixin from sona.mixins.json into net.minecraft.world.entity.Entity
[01Feb2026 06:53:56.789] [main/DEBUG] [mixin/]: Mixing AccessorEntity from curios.mixins.json into net.minecraft.world.entity.Entity
[01Feb2026 06:53:56.794] [main/DEBUG] [mixin/]: Mixing EntityMixin from automobility.mixins.json into net.minecraft.world.entity.Entity
[01Feb2026 06:53:56.796] [main/DEBUG] [mixin/]: Mixing MixinEntity from openpartiesandclaims.mixins.json into net.minecraft.world.entity.Entity
[01Feb2026 06:53:56.879] [main/DEBUG] [mixin/]: Mixing LivingEntityMixin from undeadnights.mixins.json into net.minecraft.world.entity.LivingEntity
[01Feb2026 06:53:56.893] [main/DEBUG] [net.minecraftforge.coremod.transformer.CoreModBaseTransformer/COREMOD]: Transforming net/minecraft/world/effect/MobEffectInstance
[01Feb2026 06:53:56.899] [main/DEBUG] [mixin/]: Mixing common.LivingEntityMixin from tacz.mixins.json into net.minecraft.world.entity.LivingEntity
[01Feb2026 06:53:56.903] [main/DEBUG] [mixin/]: Renaming synthetic method lambda$initialData$0()Lnet/minecraft/world/item/ItemStack; to md63ae9b$lambda$initialData$0$0 in tacz.mixins.json:common.LivingEntityMixin
[01Feb2026 06:53:56.936] [main/DEBUG] [mixin/]: Mixing LivingEntityMixin from mixins.superbwarfare.json into net.minecraft.world.entity.LivingEntity
[01Feb2026 06:53:56.941] [main/DEBUG] [mixin/]: Mixing LivingEntityMixin from sona.mixins.json into net.minecraft.world.entity.LivingEntity
[01Feb2026 06:53:56.944] [main/DEBUG] [mixin/]: Renaming synthetic method lambda$setNeedInit$4()Ljava/lang/Object; to md63ae9b$lambda$setNeedInit$4$1 in sona.mixins.json:LivingEntityMixin
[01Feb2026 06:53:56.945] [main/DEBUG] [mixin/]: Renaming synthetic method lambda$onReadAdditionalSaveData$3(Lnet/minecraft/nbt/CompoundTag;)Ljava/lang/Object; to md63ae9b$lambda$onReadAdditionalSaveData$3$2 in sona.mixins.json:LivingEntityMixin
[01Feb2026 06:53:56.945] [main/DEBUG] [mixin/]: Renaming synthetic method lambda$clearSona$laceration$2()Ljava/lang/Object; to md63ae9b$lambda$clearSona$laceration$2$3 in sona.mixins.json:LivingEntityMixin
[01Feb2026 06:53:56.945] [main/DEBUG] [mixin/]: Renaming synthetic method lambda$setSona$laceration$1(FF)Ljava/lang/Object; to md63ae9b$lambda$setSona$laceration$1$4 in sona.mixins.json:LivingEntityMixin
[01Feb2026 06:53:56.945] [main/DEBUG] [mixin/]: Renaming synthetic method lambda$setSona$carapace$0()Ljava/lang/Object; to md63ae9b$lambda$setSona$carapace$0$5 in sona.mixins.json:LivingEntityMixin
[01Feb2026 06:53:56.996] [main/DEBUG] [mixin/]: Mixing LivingEntityMixin from zombiekit.mixins.json into net.minecraft.world.entity.LivingEntity
[01Feb2026 06:53:56.999] [main/DEBUG] [mixin/]: Mixing common.LivingEntityMixin from rottencreatures-common.mixins.json into net.minecraft.world.entity.LivingEntity
[01Feb2026 06:53:57.003] [main/DEBUG] [mixin/]: Mixing MixinLivingEntity from curios.mixins.json into net.minecraft.world.entity.LivingEntity
[01Feb2026 06:53:57.005] [main/DEBUG] [mixin/]: Mixing MixinLivingEntity from openpartiesandclaims.mixins.json into net.minecraft.world.entity.LivingEntity
[01Feb2026 06:53:57.007] [main/DEBUG] [mixin/]: Mixing BeastMixin from mixins.superbwarfare.json into net.minecraft.world.entity.LivingEntity
[01Feb2026 06:53:57.167] [main/DEBUG] [mixin/]: Mixing LevelMixin from mixins.superbwarfare.json into net.minecraft.world.level.Level
[01Feb2026 06:53:57.168] [main/DEBUG] [mixin/]: Renaming synthetic method lambda$getEntities$1(Lnet/minecraft/world/phys/AABB;Lorg/spongepowered/asm/mixin/injection/callback/CallbackInfoReturnable;Lnet/minecraft/world/entity/Entity;)V to md63ae9b$lambda$getEntities$1$0 in mixins.superbwarfare.json:LevelMixin
[01Feb2026 06:53:57.168] [main/DEBUG] [mixin/]: Renaming synthetic method lambda$getEntities$0(Ljava/util/function/Predicate;Lnet/minecraft/world/entity/Entity;Lnet/minecraft/world/entity/Entity;)Z to md63ae9b$lambda$getEntities$0$1 in mixins.superbwarfare.json:LevelMixin
[01Feb2026 06:53:57.173] [main/DEBUG] [mixin/]: Mixing MixinLevel from openpartiesandclaims.mixins.json into net.minecraft.world.level.Level
[01Feb2026 06:53:57.178] [main/DEBUG] [net.minecraftforge.coremod.transformer.CoreModBaseTransformer/COREMOD]: Transforming m_183134_ with desc (Lnet/minecraft/world/entity/Entity;Lnet/minecraft/world/phys/AABB;)Ljava/util/List;
[01Feb2026 06:53:57.198] [main/DEBUG] [net.minecraftforge.coremod.transformer.CoreModBaseTransformer/COREMOD]: Transforming m_183134_ with desc (Lnet/minecraft/world/entity/Entity;Lnet/minecraft/world/phys/AABB;)Ljava/util/List;
[01Feb2026 06:53:57.207] [main/DEBUG] [mixin/]: Mixing ServerWorldMixin from undeadnights.mixins.json into net.minecraft.server.level.ServerLevel
[01Feb2026 06:53:57.209] [main/DEBUG] [mixin/]: Mixing ServerLevelMixin from sona.mixins.json into net.minecraft.server.level.ServerLevel
[01Feb2026 06:53:57.218] [main/DEBUG] [mixin/]: Mixing ServerLevelMixin from zombiekit.mixins.json into net.minecraft.server.level.ServerLevel
[01Feb2026 06:53:57.220] [main/DEBUG] [mixin/]: Mixing common.ServerLevelMixin from rottencreatures-common.mixins.json into net.minecraft.server.level.ServerLevel
[01Feb2026 06:53:57.239] [main/DEBUG] [mixin/]: Mixing MixinServerLevel from openpartiesandclaims.mixins.json into net.minecraft.server.level.ServerLevel
[01Feb2026 06:53:57.290] [main/DEBUG] [mixin/]: Mixing ItemEntityMixin from sona.mixins.json into net.minecraft.world.entity.item.ItemEntity
[01Feb2026 06:53:57.292] [main/DEBUG] [mixin/]: Mixing MixinItemEntity from openpartiesandclaims.mixins.json into net.minecraft.world.entity.item.ItemEntity
[01Feb2026 06:53:57.300] [main/DEBUG] [mixin/]: Mixing MixinPlayer from openpartiesandclaims.mixins.json into net.minecraft.world.entity.player.Player
[01Feb2026 06:53:57.301] [main/DEBUG] [mixin/]: Mixing PlayerEntityMixin from undeadnights.mixins.json into net.minecraft.world.entity.player.Player
[01Feb2026 06:53:57.302] [main/DEBUG] [mixin/]: Renaming synthetic method lambda$caveCheckStageTwo$0(Lnet/minecraft/world/level/Level;Ljava/util/concurrent/atomic/AtomicBoolean;Lnet/minecraft/core/BlockPos;)V to md63ae9b$lambda$caveCheckStageTwo$0$0 in undeadnights.mixins.json:PlayerEntityMixin
[01Feb2026 06:53:57.333] [main/DEBUG] [mixin/]: Mixing PlayerMixin from carryon.mixins.json into net.minecraft.world.entity.player.Player
[01Feb2026 06:53:57.336] [main/DEBUG] [mixin/]: Mixing PlayerMixin from sona.mixins.json into net.minecraft.world.entity.player.Player
[01Feb2026 06:53:57.337] [main/DEBUG] [mixin/]: Mixing PlayerMixin from zombiekit.mixins.json into net.minecraft.world.entity.player.Player
[01Feb2026 06:53:57.345] [main/DEBUG] [mixin/]: Mixing PlayerMixin from mixins.superbwarfare.json into net.minecraft.world.entity.player.Player
[01Feb2026 06:53:57.408] [main/DEBUG] [mixin/]: Mixing inject.MixinFluid from architectury-common.mixins.json into net.minecraft.world.level.material.Fluid
[01Feb2026 06:53:57.412] [main/DEBUG] [mixin/]: Mixing access.ItemAccessor from platform.mixins.json into net.minecraft.world.item.Item
[01Feb2026 06:53:57.412] [main/DEBUG] [mixin/]: Mixing inject.MixinItem from architectury-common.mixins.json into net.minecraft.world.item.Item
[01Feb2026 06:53:57.421] [main/DEBUG] [net.minecraftforge.coremod.transformer.CoreModBaseTransformer/COREMOD]: Transforming net/minecraft/world/entity/EntityType
[01Feb2026 06:53:57.471] [main/DEBUG] [mixin/]: Mixing inject.MixinEntityType from architectury-common.mixins.json into net.minecraft.world.entity.EntityType
[01Feb2026 06:53:57.482] [main/DEBUG] [mixin/]: Mixing access.MobEffectAccessor from rottencreatures-common.mixins.json into net.minecraft.world.effect.MobEffect
[01Feb2026 06:53:57.483] [main/DEBUG] [mixin/]: Renaming @Invoker method createMobEffect(Lnet/minecraft/world/effect/MobEffectCategory;I)Lnet/minecraft/world/effect/MobEffect; to createMobEffect_$md$63ae9b$0 in rottencreatures-common.mixins.json:access.MobEffectAccessor
[01Feb2026 06:53:57.489] [main/DEBUG] [mixin/]: Mixing common.BlockEntityTypeMixin from platform-common.mixins.json into net.minecraft.world.level.block.entity.BlockEntityType
[01Feb2026 06:53:57.510] [main/DEBUG] [mixin/]: Mixing access.SensorTypeAccessor from platform-common.mixins.json into net.minecraft.world.entity.ai.sensing.SensorType
[01Feb2026 06:53:57.511] [main/DEBUG] [mixin/]: Renaming @Invoker method createSensorType(Ljava/util/function/Supplier;)Lnet/minecraft/world/entity/ai/sensing/SensorType; to createSensorType_$md$63ae9b$0 in platform-common.mixins.json:access.SensorTypeAccessor
[01Feb2026 06:53:57.514] [main/DEBUG] [mixin/]: Mixing access.ActivityAccessor from platform-common.mixins.json into net.minecraft.world.entity.schedule.Activity
[01Feb2026 06:53:57.514] [main/DEBUG] [mixin/]: Renaming @Invoker method createActivity(Ljava/lang/String;)Lnet/minecraft/world/entity/schedule/Activity; to createActivity_$md$63ae9b$0 in platform-common.mixins.json:access.ActivityAccessor
[01Feb2026 06:53:57.548] [main/DEBUG] [mixin/]: Mixing MixinFireBlock from openpartiesandclaims.mixins.json into net.minecraft.world.level.block.FireBlock
[01Feb2026 06:53:57.550] [main/DEBUG] [mixin/]: Mixing MixinForgeFireBlock from openpartiesandclaims.forge.mixins.json into net.minecraft.world.level.block.FireBlock
[01Feb2026 06:53:57.578] [main/DEBUG] [mixin/]: Mixing DiscreteVSAccess from ferritecore.blockstatecache.mixin.json into net.minecraft.world.phys.shapes.DiscreteVoxelShape
[01Feb2026 06:53:57.580] [main/DEBUG] [mixin/]: Mixing BitSetDVSAccess from ferritecore.blockstatecache.mixin.json into net.minecraft.world.phys.shapes.BitSetDiscreteVoxelShape
[01Feb2026 06:53:57.587] [main/DEBUG] [mixin/]: Mixing VoxelShapeAccess from ferritecore.blockstatecache.mixin.json into net.minecraft.world.phys.shapes.VoxelShape
[01Feb2026 06:53:57.589] [main/DEBUG] [mixin/]: Mixing ArrayVSAccess from ferritecore.blockstatecache.mixin.json into net.minecraft.world.phys.shapes.ArrayVoxelShape
[01Feb2026 06:53:57.592] [main/DEBUG] [mixin/]: Mixing SliceShapeAccess from ferritecore.blockstatecache.mixin.json into net.minecraft.world.phys.shapes.SliceShape
[01Feb2026 06:53:57.691] [main/DEBUG] [net.minecraftforge.coremod.transformer.CoreModBaseTransformer/COREMOD]: Transforming net/minecraft/world/level/block/LiquidBlock
[01Feb2026 06:53:57.691] [main/DEBUG] [mixin/]: Mixing inject.MixinLiquidBlock from architectury-common.mixins.json into net.minecraft.world.level.block.LiquidBlock
[01Feb2026 06:53:57.695] [main/DEBUG] [mixin/]: Mixing BaseEntityBlockMixin from sona.mixins.json into net.minecraft.world.level.block.BaseEntityBlock
[01Feb2026 06:53:57.705] [main/DEBUG] [mixin/]: Mixing MixinDispenserBlock from openpartiesandclaims.mixins.json into net.minecraft.world.level.block.DispenserBlock
[01Feb2026 06:53:57.713] [main/DEBUG] [mixin/]: Mixing MixinPistonBaseBlock from openpartiesandclaims.mixins.json into net.minecraft.world.level.block.piston.PistonBaseBlock
[01Feb2026 06:53:57.726] [main/DEBUG] [net.minecraftforge.coremod.transformer.CoreModBaseTransformer/COREMOD]: Transforming net/minecraft/world/level/block/StairBlock
[01Feb2026 06:53:57.732] [main/DEBUG] [mixin/]: Mixing CropBlockMixin from balm.mixins.json into net.minecraft.world.level.block.CropBlock
[01Feb2026 06:53:57.738] [main/DEBUG] [mixin/]: Mixing DoorBlockMixin from doubledoors_forge.mixins.json into net.minecraft.world.level.block.DoorBlock
[01Feb2026 06:53:57.746] [main/DEBUG] [net.minecraftforge.coremod.transformer.CoreModBaseTransformer/COREMOD]: Transforming m_289607_ with desc (Lnet/minecraft/world/level/Level;Lnet/minecraft/world/phys/AABB;Ljava/lang/Class;)I
[01Feb2026 06:53:57.747] [main/DEBUG] [mixin/]: Mixing MixinBasePressurePlateBlock from openpartiesandclaims.mixins.json into net.minecraft.world.level.block.BasePressurePlateBlock
[01Feb2026 06:53:57.751] [main/DEBUG] [net.minecraftforge.coremod.transformer.CoreModBaseTransformer/COREMOD]: Transforming m_51120_ with desc (Lnet/minecraft/world/level/block/state/BlockState;Lnet/minecraft/world/level/Level;Lnet/minecraft/core/BlockPos;)V
[01Feb2026 06:53:57.778] [main/DEBUG] [mixin/]: Mixing TrapDoorBlockMixin from doubledoors_forge.mixins.json into net.minecraft.world.level.block.TrapDoorBlock
[01Feb2026 06:53:57.783] [main/DEBUG] [mixin/]: Mixing StemBlockMixin from balm.mixins.json into net.minecraft.world.level.block.StemBlock
[01Feb2026 06:53:57.787] [main/DEBUG] [mixin/]: Mixing FenceGateBlockMixin from doubledoors_forge.mixins.json into net.minecraft.world.level.block.FenceGateBlock
[01Feb2026 06:53:57.792] [main/DEBUG] [mixin/]: Mixing common.LayeredCauldronBlockMixin from rottencreatures-common.mixins.json into net.minecraft.world.level.block.LayeredCauldronBlock
[01Feb2026 06:53:57.795] [main/DEBUG] [mixin/]: Mixing common.LavaCauldronBlockMixin from rottencreatures-common.mixins.json into net.minecraft.world.level.block.LavaCauldronBlock
[01Feb2026 06:53:57.801] [main/DEBUG] [mixin/]: Mixing MixinTripWireBlock from openpartiesandclaims.mixins.json into net.minecraft.world.level.block.TripWireBlock
[01Feb2026 06:53:57.805] [main/DEBUG] [net.minecraftforge.coremod.transformer.CoreModBaseTransformer/COREMOD]: Transforming net/minecraft/world/level/block/FlowerPotBlock
[01Feb2026 06:53:57.851] [main/DEBUG] [mixin/]: Mixing MixinTargetBlock from openpartiesandclaims.mixins.json into net.minecraft.world.level.block.TargetBlock
[01Feb2026 06:53:57.859] [main/DEBUG] [mixin/]: Mixing common.PowderSnowBlockMixin from rottencreatures-common.mixins.json into net.minecraft.world.level.block.PowderSnowBlock
[01Feb2026 06:53:57.859] [main/DEBUG] [mixin/]: Mixing MixinPowderSnowBlock from curios.mixins.json into net.minecraft.world.level.block.PowderSnowBlock
[01Feb2026 06:53:57.884] [main/DEBUG] [mixin/]: Mixing access.BuiltInLootTablesAccessor from rottencreatures-common.mixins.json into net.minecraft.world.level.storage.loot.BuiltInLootTables
[01Feb2026 06:53:57.884] [main/DEBUG] [mixin/]: Renaming @Invoker method callRegister(Lnet/minecraft/resources/ResourceLocation;)Lnet/minecraft/resources/ResourceLocation; to callRegister_$md$63ae9b$0 in rottencreatures-common.mixins.json:access.BuiltInLootTablesAccessor
[01Feb2026 06:53:57.899] [main/DEBUG] [mixin/]: Mixing MixinFlowingFluid from openpartiesandclaims.mixins.json into net.minecraft.world.level.material.FlowingFluid
[01Feb2026 06:53:57.972] [main/DEBUG] [mixin/]: Mixing BlockEntityMixin from collective_forge.mixins.json into net.minecraft.world.level.block.entity.BlockEntity
[01Feb2026 06:53:57.984] [main/DEBUG] [mixin/]: Mixing MixinFallingBlockEntity from architectury.mixins.json into net.minecraft.world.entity.item.FallingBlockEntity
[01Feb2026 06:53:58.026] [main/DEBUG] [mixin/]: Mixing BaseContainerBlockEntityMixin from sona.mixins.json into net.minecraft.world.level.block.entity.BaseContainerBlockEntity
[01Feb2026 06:53:58.090] [main/DEBUG] [mixin/]: Mixing FoliagePlacerMixin from sona.mixins.json into net.minecraft.world.level.levelgen.feature.foliageplacers.FoliagePlacer
[01Feb2026 06:53:58.112] [main/DEBUG] [mixin/]: Mixing access.SimpleParticleTypeAccessor from platform-common.mixins.json into net.minecraft.core.particles.SimpleParticleType
[01Feb2026 06:53:58.113] [main/DEBUG] [mixin/]: Renaming @Invoker method createSimpleParticleType(Z)Lnet/minecraft/core/particles/SimpleParticleType; to createSimpleParticleType_$md$63ae9b$0 in platform-common.mixins.json:access.SimpleParticleTypeAccessor
[01Feb2026 06:53:58.173] [main/DEBUG] [mixin/]: Mixing AbstractContainerMenuMixin from sona.mixins.json into net.minecraft.world.inventory.AbstractContainerMenu
[01Feb2026 06:53:58.174] [main/DEBUG] [mixin/]: Mixing AbstractContainerMenuMixin from automobility.mixins.json into net.minecraft.world.inventory.AbstractContainerMenu
[01Feb2026 06:53:58.174] [main/DEBUG] [mixin/]: Renaming synthetic method lambda$automobility$spoofAutomobileAttachmentScreens$0(Lnet/minecraft/world/entity/player/Player;Lnet/minecraft/world/level/Level;Lnet/minecraft/core/BlockPos;)Ljava/lang/Boolean; to md63ae9b$lambda$automobility$spoofAutomobileAttachmentScreens$0$0 in automobility.mixins.json:AbstractContainerMenuMixin
[01Feb2026 06:53:58.204] [main/DEBUG] [mixin/]: Mixing AABBMixin from automobility.mixins.json into net.minecraft.world.phys.AABB
[01Feb2026 06:53:58.210] [main/DEBUG] [mixin/]: Mixing AbstractArrowMixin from zombiekit.mixins.json into net.minecraft.world.entity.projectile.AbstractArrow
[01Feb2026 06:53:58.210] [main/DEBUG] [mixin/]: Mixing MixinAbstractArrow from openpartiesandclaims.mixins.json into net.minecraft.world.entity.projectile.AbstractArrow
[01Feb2026 06:53:58.233] [main/DEBUG] [mixin/]: Mixing MobEntityMixin from undeadnights.mixins.json into net.minecraft.world.entity.Mob
[01Feb2026 06:53:58.235] [main/DEBUG] [mixin/]: Mixing MobMixin from mixins.superbwarfare.json into net.minecraft.world.entity.Mob
[01Feb2026 06:53:58.236] [main/DEBUG] [mixin/]: Mixing MobMixin from sona.mixins.json into net.minecraft.world.entity.Mob
[01Feb2026 06:53:58.239] [main/DEBUG] [mixin/]: Mixing MixinForgeMob from openpartiesandclaims.forge.mixins.json into net.minecraft.world.entity.Mob
[01Feb2026 06:53:58.263] [main/DEBUG] [mixin/]: Mixing HostileEntityMix from zombie_variants.mixins.json into net.minecraft.world.entity.monster.Monster
[01Feb2026 06:53:58.301] [main/DEBUG] [net.minecraftforge.coremod.transformer.CoreModBaseTransformer/COREMOD]: Transforming net/minecraft/world/item/ItemStack
[01Feb2026 06:53:58.302] [main/DEBUG] [mixin/]: Mixing ItemStackMixin from sona.mixins.json into net.minecraft.world.item.ItemStack
[01Feb2026 06:53:58.340] [main/DEBUG] [mixin/]: Mixing common.ItemStackMixin from rottencreatures-common.mixins.json into net.minecraft.world.item.ItemStack
[01Feb2026 06:53:58.346] [main/WARN] [mixin/]: Mixin sona.mixins.json:ItemStackMixin has multiple constructors, (Ljava/lang/Class;)V was selected

[01Feb2026 06:53:58.406] [main/DEBUG] [mixin/]: Mixing SkullBlockEntityMixin from skinrestorer.mixins.json into net.minecraft.world.level.block.entity.SkullBlockEntity
[01Feb2026 06:53:58.419] [main/DEBUG] [mixin/]: Mixing ItemCombinerMenuMixin from automobility.mixins.json into net.minecraft.world.inventory.ItemCombinerMenu
[01Feb2026 06:53:58.419] [main/DEBUG] [mixin/]: Renaming synthetic method lambda$automobility$allowSmithingMenuAutomobileSpoof$0(Lnet/minecraft/world/entity/player/Player;Lnet/minecraft/world/level/Level;Lnet/minecraft/core/BlockPos;)Ljava/lang/Boolean; to md63ae9b$lambda$automobility$allowSmithingMenuAutomobileSpoof$0$0 in automobility.mixins.json:ItemCombinerMenuMixin
[01Feb2026 06:53:58.427] [main/DEBUG] [mixin/]: Mixing HopperBlockEntityMixin from sona.mixins.json into net.minecraft.world.level.block.entity.HopperBlockEntity
[01Feb2026 06:53:58.677] [main/DEBUG] [mixin/]: Mixing MixinLightningBolt from architectury-common.mixins.json into net.minecraft.world.entity.LightningBolt
[01Feb2026 06:53:58.726] [main/DEBUG] [net.minecraftforge.coremod.transformer.CoreModBaseTransformer/COREMOD]: Transforming net/minecraft/world/entity/animal/frog/Tadpole
[01Feb2026 06:53:58.755] [main/DEBUG] [mixin/]: Mixing ShovelItemAccess from automobility.mixins.json into net.minecraft.world.item.ShovelItem
[01Feb2026 06:53:58.756] [main/DEBUG] [mixin/]: Renaming @Accessor method getFlattenables()Ljava/util/Map; to getFlattenables_$md$63ae9b$0 in automobility.mixins.json:ShovelItemAccess
[01Feb2026 06:53:58.762] [main/DEBUG] [net.minecraftforge.coremod.transformer.CoreModBaseTransformer/COREMOD]: Transforming net/minecraft/world/item/BucketItem
[01Feb2026 06:53:58.762] [main/DEBUG] [mixin/]: Mixing inject.MixinBucketItem from architectury-common.mixins.json into net.minecraft.world.item.BucketItem
[01Feb2026 06:53:58.773] [main/DEBUG] [mixin/]: Mixing BoneMealItemMixin from collective_forge.mixins.json into net.minecraft.world.item.BoneMealItem
[01Feb2026 06:53:58.777] [main/DEBUG] [mixin/]: Mixing common.ShearsItemMixin from platform-common.mixins.json into net.minecraft.world.item.ShearsItem
[01Feb2026 06:53:58.778] [main/DEBUG] [mixin/]: Mixing MixinShearsItem from curios.mixins.json into net.minecraft.world.item.ShearsItem
[01Feb2026 06:53:58.798] [main/DEBUG] [mixin/]: Mixing inject.MixinItemProperties from architectury-common.mixins.json into net.minecraft.world.item.Item$Properties
[01Feb2026 06:53:58.836] [main/DEBUG] [mixin/]: Mixing MixinHangingEntity from openpartiesandclaims.mixins.json into net.minecraft.world.entity.decoration.HangingEntity
[01Feb2026 06:53:59.050] [main/DEBUG] [mixin/]: Mixing CompoundTagMixin from sona.mixins.json into net.minecraft.nbt.CompoundTag
[01Feb2026 06:53:59.363] [main/DEBUG] [mixin/]: Mixing MixinExperienceOrb from openpartiesandclaims.mixins.json into net.minecraft.world.entity.ExperienceOrb
[01Feb2026 06:53:59.364] [main/DEBUG] [mixin/]: Mixing ExperienceOrbAccess from clumps.mixins.json into net.minecraft.world.entity.ExperienceOrb
[01Feb2026 06:53:59.364] [main/DEBUG] [mixin/]: Mixing MixinExperienceOrb from clumps.mixins.json into net.minecraft.world.entity.ExperienceOrb
[01Feb2026 06:53:59.365] [main/DEBUG] [mixin/]: Renaming synthetic method lambda$clumps$resolve$7(Ljava/util/Map$Entry;)Ljava/lang/Integer; to md63ae9b$lambda$clumps$resolve$7$0 in clumps.mixins.json:MixinExperienceOrb
[01Feb2026 06:53:59.365] [main/DEBUG] [mixin/]: Renaming synthetic method lambda$addAdditionalSaveData$6(Lnet/minecraft/nbt/CompoundTag;Ljava/lang/Integer;Ljava/lang/Integer;)V to md63ae9b$lambda$addAdditionalSaveData$6$1 in clumps.mixins.json:MixinExperienceOrb
[01Feb2026 06:53:59.365] [main/DEBUG] [mixin/]: Renaming synthetic method lambda$tryMergeToExisting$5(Ljava/util/Map;)Ljava/util/stream/Stream; to md63ae9b$lambda$tryMergeToExisting$5$2 in clumps.mixins.json:MixinExperienceOrb
[01Feb2026 06:53:59.366] [main/DEBUG] [mixin/]: Renaming synthetic method lambda$tryMergeToExisting$4(IILnet/minecraft/world/entity/ExperienceOrb;)Z to md63ae9b$lambda$tryMergeToExisting$4$3 in clumps.mixins.json:MixinExperienceOrb
[01Feb2026 06:53:59.366] [main/DEBUG] [mixin/]: Renaming synthetic method lambda$merge$3(Ljava/util/Map;)Ljava/util/stream/Stream; to md63ae9b$lambda$merge$3$4 in clumps.mixins.json:MixinExperienceOrb
[01Feb2026 06:53:59.366] [main/DEBUG] [mixin/]: Renaming synthetic method lambda$clumps$repairPlayerItems$2(ILnet/minecraft/world/entity/player/Player;Lnet/minecraft/world/item/ItemStack;)Ljava/lang/Integer; to md63ae9b$lambda$clumps$repairPlayerItems$2$5 in clumps.mixins.json:MixinExperienceOrb
[01Feb2026 06:53:59.366] [main/DEBUG] [mixin/]: Renaming synthetic method lambda$clumps$repairPlayerItems$1(Lnet/minecraft/world/item/ItemStack;Ljava/lang/Integer;)Ljava/lang/Float; to md63ae9b$lambda$clumps$repairPlayerItems$1$6 in clumps.mixins.json:MixinExperienceOrb
[01Feb2026 06:53:59.366] [main/DEBUG] [mixin/]: Renaming synthetic method lambda$playerTouch$0(Lnet/minecraft/world/entity/player/Player;Ljava/util/concurrent/atomic/AtomicInteger;Ljava/lang/Integer;Ljava/lang/Integer;)V to md63ae9b$lambda$playerTouch$0$7 in clumps.mixins.json:MixinExperienceOrb
[01Feb2026 06:53:59.469] [main/DEBUG] [mixin/]: Mixing TargetGoalMixin from sona.mixins.json into net.minecraft.world.entity.ai.goal.target.TargetGoal
[01Feb2026 06:53:59.484] [main/DEBUG] [mixin/]: Mixing MixinBoat from openpartiesandclaims.mixins.json into net.minecraft.world.entity.vehicle.Boat
[01Feb2026 06:53:59.507] [main/DEBUG] [net.minecraftforge.coremod.transformer.CoreModBaseTransformer/COREMOD]: Transforming net/minecraft/world/entity/monster/Spider
[01Feb2026 06:53:59.544] [main/DEBUG] [mixin/]: Mixing MixinAbstractHurtingProjectile from openpartiesandclaims.mixins.json into net.minecraft.world.entity.projectile.AbstractHurtingProjectile
[01Feb2026 06:53:59.548] [main/DEBUG] [net.minecraftforge.coremod.transformer.CoreModBaseTransformer/COREMOD]: Transforming net/minecraft/world/entity/monster/Zombie
[01Feb2026 06:53:59.578] [main/DEBUG] [mixin/]: Mixing ZombieEntityMixin from undeadnights.mixins.json into net.minecraft.world.entity.monster.Zombie
[01Feb2026 06:53:59.581] [main/DEBUG] [mixin/]: Mixing common.ZombieMixin from rottencreatures-common.mixins.json into net.minecraft.world.entity.monster.Zombie
[01Feb2026 06:53:59.598] [main/DEBUG] [net.minecraftforge.coremod.transformer.CoreModBaseTransformer/COREMOD]: Transforming net/minecraft/world/entity/monster/ZombieVillager
[01Feb2026 06:53:59.626] [main/DEBUG] [mixin/]: Mixing MixinThrowableProjectile from openpartiesandclaims.mixins.json into net.minecraft.world.entity.projectile.ThrowableProjectile
[01Feb2026 06:53:59.653] [main/DEBUG] [net.minecraftforge.coremod.transformer.CoreModBaseTransformer/COREMOD]: Transforming net/minecraft/world/entity/monster/Evoker$EvokerSummonSpellGoal
[01Feb2026 06:53:59.665] [main/DEBUG] [mixin/]: Mixing access.FireworkRocketEntityAccessor from rottencreatures-common.mixins.json into net.minecraft.world.entity.projectile.FireworkRocketEntity
[01Feb2026 06:53:59.690] [main/DEBUG] [mixin/]: Mixing HoglinMixin from sona.mixins.json into net.minecraft.world.entity.monster.hoglin.Hoglin
[01Feb2026 06:53:59.697] [main/DEBUG] [mixin/]: Mixing ZoglinMixin from sona.mixins.json into net.minecraft.world.entity.monster.Zoglin
[01Feb2026 06:53:59.749] [main/DEBUG] [mixin/]: Mixing MixinForgePiglin from openpartiesandclaims.forge.mixins.json into net.minecraft.world.entity.monster.piglin.Piglin
[01Feb2026 06:53:59.751] [main/DEBUG] [mixin/]: Mixing PiglinMixin from sona.mixins.json into net.minecraft.world.entity.monster.piglin.Piglin
[01Feb2026 06:53:59.768] [main/DEBUG] [mixin/]: Mixing PillagerMixin from zombiekit.mixins.json into net.minecraft.world.entity.monster.Pillager
[01Feb2026 06:53:59.770] [main/DEBUG] [mixin/]: Renaming synthetic method lambda$onGetArmPose$0(Lnet/minecraft/world/item/ItemStack;)Z to md63ae9b$lambda$onGetArmPose$0$0 in zombiekit.mixins.json:PillagerMixin
[01Feb2026 06:53:59.798] [main/DEBUG] [net.minecraftforge.coremod.transformer.CoreModBaseTransformer/COREMOD]: Transforming net/minecraft/world/entity/animal/horse/SkeletonTrapGoal
[01Feb2026 06:53:59.819] [main/DEBUG] [net.minecraftforge.coremod.transformer.CoreModBaseTransformer/COREMOD]: Transforming net/minecraft/world/entity/monster/Strider
[01Feb2026 06:53:59.853] [main/INFO] [mixin/]: Mixing common.MixinFriendlyByteBuf from mixins/common/nochatreports.mixins.json into net.minecraft.network.FriendlyByteBuf
[01Feb2026 06:53:59.854] [main/INFO] [mixin/]: Renaming synthetic method lambda$onWriteJsonWithCodec$1(Ljava/lang/Object;Ljava/lang/String;)Lio/netty/handler/codec/EncoderException; to md63ae9b$lambda$onWriteJsonWithCodec$1$0 in mixins/common/nochatreports.mixins.json:common.MixinFriendlyByteBuf
[01Feb2026 06:53:59.854] [main/INFO] [mixin/]: Renaming synthetic method lambda$onReadJsonWithCodec$0(Ljava/lang/String;)Lio/netty/handler/codec/DecoderException; to md63ae9b$lambda$onReadJsonWithCodec$0$1 in mixins/common/nochatreports.mixins.json:common.MixinFriendlyByteBuf
[01Feb2026 06:53:59.895] [main/DEBUG] [mixin/]: Mixing ServerPlayerEntityMixin from undeadnights.mixins.json into net.minecraft.server.level.ServerPlayer
[01Feb2026 06:53:59.896] [main/DEBUG] [mixin/]: Mixing MixinServerPlayer from xaerolib.mixins.json into net.minecraft.server.level.ServerPlayer
[01Feb2026 06:53:59.896] [main/DEBUG] [mixin/]: Mixing common.ServerPlayerMixin from tacz.mixins.json into net.minecraft.server.level.ServerPlayer
[01Feb2026 06:53:59.897] [main/DEBUG] [mixin/]: Mixing MixinServerPlayer from xaeroworldmap.mixins.json into net.minecraft.server.level.ServerPlayer
[01Feb2026 06:53:59.898] [main/DEBUG] [mixin/]: Mixing ServerPlayerMixin from sona.mixins.json into net.minecraft.server.level.ServerPlayer
[01Feb2026 06:53:59.900] [main/DEBUG] [mixin/]: Mixing MixinServerPlayer from xaerohud.mixins.json into net.minecraft.server.level.ServerPlayer
[01Feb2026 06:53:59.901] [main/DEBUG] [mixin/]: Mixing ServerPlayerMix from zombie_variants.mixins.json into net.minecraft.server.level.ServerPlayer
[01Feb2026 06:53:59.901] [main/DEBUG] [mixin/]: Mixing MixinServerPlayer from openpartiesandclaims.mixins.json into net.minecraft.server.level.ServerPlayer
[01Feb2026 06:53:59.931] [main/DEBUG] [mixin/]: Mixing ChunkAccessMixin from sona.mixins.json into net.minecraft.world.level.chunk.ChunkAccess
[01Feb2026 06:53:59.937] [main/DEBUG] [mixin/]: Mixing LevelChunkMixin from sona.mixins.json into net.minecraft.world.level.chunk.LevelChunk
[01Feb2026 06:53:59.961] [main/DEBUG] [net.minecraftforge.coremod.transformer.CoreModBaseTransformer/COREMOD]: Transforming net/minecraft/world/entity/npc/Villager
[01Feb2026 06:54:00.017] [main/DEBUG] [mixin/]: Mixing VillagerMixin from mixins.superbwarfare.json into net.minecraft.world.entity.npc.Villager
[01Feb2026 06:54:00.079] [main/DEBUG] [mixin/]: Mixing FishingHookMixin from mixins.superbwarfare.json into net.minecraft.world.entity.projectile.FishingHook
[01Feb2026 06:54:00.080] [main/DEBUG] [mixin/]: Mixing MixinFishingHook from openpartiesandclaims.mixins.json into net.minecraft.world.entity.projectile.FishingHook
[01Feb2026 06:54:00.098] [main/DEBUG] [mixin/]: Mixing inject.MixinFoodPropertiesBuilder from architectury-common.mixins.json into net.minecraft.world.food.FoodProperties$Builder
[01Feb2026 06:54:00.101] [main/DEBUG] [net.minecraftforge.coremod.transformer.CoreModBaseTransformer/COREMOD]: Transforming net/minecraft/world/effect/MobEffectInstance
[01Feb2026 06:54:00.127] [main/DEBUG] [mixin/]: Mixing MixinServerGamePacketListenerImpl from openpartiesandclaims.mixins.json into net.minecraft.server.network.ServerGamePacketListenerImpl
[01Feb2026 06:54:00.128] [main/DEBUG] [mixin/]: Mixing common.ServerGamePacketListenerImplMixin from tacz.mixins.json into net.minecraft.server.network.ServerGamePacketListenerImpl
[01Feb2026 06:54:00.128] [main/DEBUG] [mixin/]: Mixing common.ServerPlayNetHandlerMixin from tacz.mixins.json into net.minecraft.server.network.ServerGamePacketListenerImpl
[01Feb2026 06:54:00.132] [main/DEBUG] [mixin/]: Mixing ServerGamePacketListenerImplMixin from sona.mixins.json into net.minecraft.server.network.ServerGamePacketListenerImpl
[01Feb2026 06:54:00.132] [main/DEBUG] [mixin/]: Renaming synthetic method lambda$onHandleChat$3(Lnet/minecraft/network/protocol/game/ServerboundChatPacket;Lnet/minecraft/network/chat/LastSeenMessages;)V to md63ae9b$lambda$onHandleChat$3$0 in sona.mixins.json:ServerGamePacketListenerImplMixin
[01Feb2026 06:54:00.133] [main/DEBUG] [mixin/]: Renaming synthetic method lambda$onHandleChat$2(Lnet/minecraft/network/protocol/game/ServerboundChatPacket;Lnet/minecraft/network/chat/LastSeenMessages;)V to md63ae9b$lambda$onHandleChat$2$1 in sona.mixins.json:ServerGamePacketListenerImplMixin
[01Feb2026 06:54:00.133] [main/DEBUG] [mixin/]: Renaming synthetic method lambda$onHandleChat$1(Ljava/util/concurrent/CompletableFuture;Ljava/util/concurrent/CompletableFuture;Lnet/minecraft/network/chat/PlayerChatMessage;Ljava/util/concurrent/Executor;)Ljava/util/concurrent/CompletableFuture; to md63ae9b$lambda$onHandleChat$1$2 in sona.mixins.json:ServerGamePacketListenerImplMixin
[01Feb2026 06:54:00.133] [main/DEBUG] [mixin/]: Renaming synthetic method lambda$onHandleChat$0(Ljava/util/concurrent/CompletableFuture;Lnet/minecraft/network/chat/PlayerChatMessage;Ljava/util/concurrent/CompletableFuture;Ljava/lang/Void;)V to md63ae9b$lambda$onHandleChat$0$3 in sona.mixins.json:ServerGamePacketListenerImplMixin
[01Feb2026 06:54:00.140] [main/INFO] [mixin/]: Mixing server.MixinServerGamePacketListenerImpl from mixins/common/nochatreports.mixins.json into net.minecraft.server.network.ServerGamePacketListenerImpl
[01Feb2026 06:54:00.144] [main/DEBUG] [mixin/]: Mixing ServerGamePacketListenerImplMixin from automobility.mixins.json into net.minecraft.server.network.ServerGamePacketListenerImpl
[01Feb2026 06:54:00.172] [main/DEBUG] [mixin/]: Mixing access.PotionBrewingAccessor from rottencreatures-common.mixins.json into net.minecraft.world.item.alchemy.PotionBrewing
[01Feb2026 06:54:00.172] [main/DEBUG] [mixin/]: Renaming @Invoker method callAddMix(Lnet/minecraft/world/item/alchemy/Potion;Lnet/minecraft/world/item/Item;Lnet/minecraft/world/item/alchemy/Potion;)V to callAddMix_$md$63ae9b$0 in rottencreatures-common.mixins.json:access.PotionBrewingAccessor
[01Feb2026 06:54:00.224] [main/DEBUG] [mixin/]: Mixing MixinFrostWalkerEnchantment from openpartiesandclaims.mixins.json into net.minecraft.world.item.enchantment.FrostWalkerEnchantment
[01Feb2026 06:54:00.300] [main/DEBUG] [mixin/]: Mixing ChunkGeneratorMixin from sona.mixins.json into net.minecraft.world.level.chunk.ChunkGenerator
[01Feb2026 06:54:00.332] [main/DEBUG] [mixin/]: Mixing MixinInventory from curios.mixins.json into net.minecraft.world.entity.player.Inventory
[01Feb2026 06:54:00.333] [main/DEBUG] [mixin/]: Mixing InventoryMixin from carryon.mixins.json into net.minecraft.world.entity.player.Inventory
[01Feb2026 06:54:00.334] [main/DEBUG] [mixin/]: Mixing InventoryMixin from sona.mixins.json into net.minecraft.world.entity.player.Inventory
[01Feb2026 06:54:00.346] [main/DEBUG] [mixin/]: Mixing SlotAccessor from balm.mixins.json into net.minecraft.world.inventory.Slot
[01Feb2026 06:54:00.347] [main/DEBUG] [mixin/]: Mixing SlotMixin from sona.mixins.json into net.minecraft.world.inventory.Slot
[01Feb2026 06:54:00.443] [main/DEBUG] [mixin/]: Mixing MixinApplyBonusCount from curios.mixins.json into net.minecraft.world.level.storage.loot.functions.ApplyBonusCount
[01Feb2026 06:54:00.526] [main/DEBUG] [mixin/]: Mixing TreeFeatureMixin from sona.mixins.json into net.minecraft.world.level.levelgen.feature.TreeFeature
[01Feb2026 06:54:00.527] [main/DEBUG] [mixin/]: Renaming synthetic method lambda$sona$place$0(Lnet/minecraft/world/level/levelgen/feature/treedecorators/TreeDecorator$Context;Lnet/minecraft/world/level/levelgen/feature/treedecorators/TreeDecorator;)V to md63ae9b$lambda$sona$place$0$0 in sona.mixins.json:TreeFeatureMixin
[01Feb2026 06:54:00.644] [main/DEBUG] [net.minecraftforge.coremod.transformer.CoreModBaseTransformer/COREMOD]: Transforming net/minecraft/world/level/levelgen/structure/Structure
[01Feb2026 06:54:00.677] [main/DEBUG] [net.minecraftforge.coremod.transformer.CoreModBaseTransformer/COREMOD]: Transforming net/minecraft/world/level/levelgen/structure/structures/OceanRuinPieces$OceanRuinPiece
[01Feb2026 06:54:00.686] [main/DEBUG] [net.minecraftforge.coremod.transformer.CoreModBaseTransformer/COREMOD]: Transforming net/minecraft/world/level/levelgen/structure/structures/SwampHutPiece
[01Feb2026 06:54:00.697] [main/DEBUG] [net.minecraftforge.coremod.transformer.CoreModBaseTransformer/COREMOD]: Transforming net/minecraft/world/level/levelgen/structure/structures/OceanMonumentPieces$OceanMonumentPiece
[01Feb2026 06:54:00.716] [main/DEBUG] [net.minecraftforge.coremod.transformer.CoreModBaseTransformer/COREMOD]: Transforming net/minecraft/world/level/levelgen/structure/structures/WoodlandMansionPieces$WoodlandMansionPiece
[01Feb2026 06:54:00.737] [main/DEBUG] [mixin/]: Mixing DesertPyramidStructureMix from zombie_variants.mixins.json into net.minecraft.world.level.levelgen.structure.structures.DesertPyramidStructure
[01Feb2026 06:54:00.738] [main/DEBUG] [net.minecraftforge.coremod.transformer.CoreModBaseTransformer/COREMOD]: Transforming net/minecraft/world/level/levelgen/structure/Structure
[01Feb2026 06:54:00.747] [main/DEBUG] [mixin/]: Mixing StructureTemplatePoolAccessor from waystones.mixins.json into net.minecraft.world.level.levelgen.structure.pools.StructureTemplatePool
[01Feb2026 06:54:00.823] [main/DEBUG] [net.minecraftforge.coremod.transformer.CoreModBaseTransformer/COREMOD]: Transforming net/minecraft/world/level/biome/Biome
[01Feb2026 06:54:00.824] [main/DEBUG] [mixin/]: Mixing biomeTemperatureLeak.Biome_threadLocalMixin from memoryleakfix.mixins.json into net.minecraft.world.level.biome.Biome
[01Feb2026 06:54:00.941] [main/DEBUG] [mixin/]: Mixing SinglePoolElementMixin from waystones.mixins.json into net.minecraft.world.level.levelgen.structure.pools.SinglePoolElement
[01Feb2026 06:54:00.942] [main/DEBUG] [mixin/]: Renaming synthetic method lambda$waystones$isWaystone$1(Lnet/minecraft/world/level/levelgen/structure/templatesystem/StructureTemplate;)V to md63ae9b$lambda$waystones$isWaystone$1$0 in waystones.mixins.json:SinglePoolElementMixin
[01Feb2026 06:54:00.942] [main/DEBUG] [mixin/]: Renaming synthetic method lambda$waystones$isWaystone$0(Lnet/minecraft/resources/ResourceLocation;)V to md63ae9b$lambda$waystones$isWaystone$0$1 in waystones.mixins.json:SinglePoolElementMixin
[01Feb2026 06:54:00.944] [main/DEBUG] [net.minecraftforge.coremod.transformer.CoreModBaseTransformer/COREMOD]: Transforming net/minecraft/world/level/levelgen/structure/templatesystem/StructureTemplate
[01Feb2026 06:54:01.088] [main/DEBUG] [io.netty.util.internal.PlatformDependent0/]: -Dio.netty.noUnsafe: false
[01Feb2026 06:54:01.088] [main/DEBUG] [io.netty.util.internal.PlatformDependent0/]: Java version: 25
[01Feb2026 06:54:01.089] [main/DEBUG] [io.netty.util.internal.PlatformDependent0/]: sun.misc.Unsafe.theUnsafe: available
[01Feb2026 06:54:01.089] [main/DEBUG] [io.netty.util.internal.PlatformDependent0/]: sun.misc.Unsafe.copyMemory: available
[01Feb2026 06:54:01.089] [main/DEBUG] [io.netty.util.internal.PlatformDependent0/]: sun.misc.Unsafe.storeFence: available
[01Feb2026 06:54:01.090] [main/DEBUG] [io.netty.util.internal.PlatformDependent0/]: java.nio.Buffer.address: available
[01Feb2026 06:54:01.090] [main/DEBUG] [io.netty.util.internal.PlatformDependent0/]: direct buffer constructor: unavailable
java.lang.NoSuchMethodException: java.nio.DirectByteBuffer.<init>(long,int)
	at java.lang.Class.getConstructor0(Class.java:3187) ~[?:?]
	at java.lang.Class.getDeclaredConstructor(Class.java:2491) ~[?:?]
	at io.netty.util.internal.PlatformDependent0$5.run(PlatformDependent0.java:287) ~[netty-common-4.1.82.Final.jar%2382!/:4.1.82.Final]
	at java.security.AccessController.doPrivileged(AccessController.java:74) ~[?:?]
	at io.netty.util.internal.PlatformDependent0.<clinit>(PlatformDependent0.java:282) ~[netty-common-4.1.82.Final.jar%2382!/:4.1.82.Final]
	at io.netty.util.internal.PlatformDependent.isAndroid(PlatformDependent.java:333) ~[netty-common-4.1.82.Final.jar%2382!/:4.1.82.Final]
	at io.netty.util.internal.PlatformDependent.<clinit>(PlatformDependent.java:88) ~[netty-common-4.1.82.Final.jar%2382!/:4.1.82.Final]
	at io.netty.util.ConstantPool.<init>(ConstantPool.java:34) ~[netty-common-4.1.82.Final.jar%2382!/:4.1.82.Final]
	at io.netty.util.AttributeKey$1.<init>(AttributeKey.java:27) ~[netty-common-4.1.82.Final.jar%2382!/:4.1.82.Final]
	at io.netty.util.AttributeKey.<clinit>(AttributeKey.java:27) ~[netty-common-4.1.82.Final.jar%2382!/:4.1.82.Final]
	at net.minecraftforge.network.NetworkConstants.<clinit>(NetworkConstants.java:34) ~[forge-1.20.1-47.4.10-universal.jar%23202!/:?]
	at net.minecraftforge.network.NetworkHooks.init(NetworkHooks.java:52) ~[forge-1.20.1-47.4.10-universal.jar%23202!/:?]
	at net.minecraft.server.Bootstrap.m_135870_(Bootstrap.java:62) ~[server-1.20.1-20230612.114412-srg.jar%23197!/:?]
	at net.minecraft.server.Main.main(Main.java:121) ~[server-1.20.1-20230612.114412-srg.jar%23197!/:?]
	at jdk.internal.reflect.DirectMethodHandleAccessor.invoke(DirectMethodHandleAccessor.java:104) ~[?:?]
	at java.lang.reflect.Method.invoke(Method.java:565) ~[?:?]
	at net.minecraftforge.fml.loading.targets.CommonLaunchHandler.runTarget(CommonLaunchHandler.java:111) ~[fmlloader-1.20.1-47.4.10.jar%2369!/:?]
	at net.minecraftforge.fml.loading.targets.CommonLaunchHandler.serverService(CommonLaunchHandler.java:103) ~[fmlloader-1.20.1-47.4.10.jar%2369!/:?]
	at net.minecraftforge.fml.loading.targets.CommonServerLaunchHandler.lambda$makeService$0(CommonServerLaunchHandler.java:27) ~[fmlloader-1.20.1-47.4.10.jar%2369!/:?]
	at cpw.mods.modlauncher.LaunchServiceHandlerDecorator.launch(LaunchServiceHandlerDecorator.java:30) ~[modlauncher-10.0.9.jar%2355!/:?]
	at cpw.mods.modlauncher.LaunchServiceHandler.launch(LaunchServiceHandler.java:53) ~[modlauncher-10.0.9.jar%2355!/:?]
	at cpw.mods.modlauncher.LaunchServiceHandler.launch(LaunchServiceHandler.java:71) ~[modlauncher-10.0.9.jar%2355!/:?]
	at cpw.mods.modlauncher.Launcher.run(Launcher.java:108) ~[modlauncher-10.0.9.jar%2355!/:?]
	at cpw.mods.modlauncher.Launcher.main(Launcher.java:78) ~[modlauncher-10.0.9.jar%2355!/:?]
	at cpw.mods.modlauncher.BootstrapLaunchConsumer.accept(BootstrapLaunchConsumer.java:26) ~[modlauncher-10.0.9.jar%2355!/:?]
	at cpw.mods.modlauncher.BootstrapLaunchConsumer.accept(BootstrapLaunchConsumer.java:23) ~[modlauncher-10.0.9.jar%2355!/:?]
	at cpw.mods.bootstraplauncher.BootstrapLauncher.main(BootstrapLauncher.java:141) ~[bootstraplauncher-1.1.2.jar:?]
[01Feb2026 06:54:01.091] [main/DEBUG] [io.netty.util.internal.PlatformDependent0/]: java.nio.Bits.unaligned: available, true
[01Feb2026 06:54:01.092] [main/DEBUG] [io.netty.util.internal.PlatformDependent0/]: jdk.internal.misc.Unsafe.allocateUninitializedArray(int): unavailable
java.lang.IllegalAccessException: class io.netty.util.internal.PlatformDependent0$7 (in module io.netty.common) cannot access class jdk.internal.misc.Unsafe (in module java.base) because module java.base does not export jdk.internal.misc to module io.netty.common
	at jdk.internal.reflect.Reflection.newIllegalAccessException(Reflection.java:400) ~[?:?]
	at java.lang.reflect.AccessibleObject.checkAccess(AccessibleObject.java:670) ~[?:?]
	at java.lang.reflect.Method.invoke(Method.java:556) ~[?:?]
	at io.netty.util.internal.PlatformDependent0$7.run(PlatformDependent0.java:410) ~[netty-common-4.1.82.Final.jar%2382!/:4.1.82.Final]
	at java.security.AccessController.doPrivileged(AccessController.java:74) ~[?:?]
	at io.netty.util.internal.PlatformDependent0.<clinit>(PlatformDependent0.java:401) ~[netty-common-4.1.82.Final.jar%2382!/:4.1.82.Final]
	at io.netty.util.internal.PlatformDependent.isAndroid(PlatformDependent.java:333) ~[netty-common-4.1.82.Final.jar%2382!/:4.1.82.Final]
	at io.netty.util.internal.PlatformDependent.<clinit>(PlatformDependent.java:88) ~[netty-common-4.1.82.Final.jar%2382!/:4.1.82.Final]
	at io.netty.util.ConstantPool.<init>(ConstantPool.java:34) ~[netty-common-4.1.82.Final.jar%2382!/:4.1.82.Final]
	at io.netty.util.AttributeKey$1.<init>(AttributeKey.java:27) ~[netty-common-4.1.82.Final.jar%2382!/:4.1.82.Final]
	at io.netty.util.AttributeKey.<clinit>(AttributeKey.java:27) ~[netty-common-4.1.82.Final.jar%2382!/:4.1.82.Final]
	at net.minecraftforge.network.NetworkConstants.<clinit>(NetworkConstants.java:34) ~[forge-1.20.1-47.4.10-universal.jar%23202!/:?]
	at net.minecraftforge.network.NetworkHooks.init(NetworkHooks.java:52) ~[forge-1.20.1-47.4.10-universal.jar%23202!/:?]
	at net.minecraft.server.Bootstrap.m_135870_(Bootstrap.java:62) ~[server-1.20.1-20230612.114412-srg.jar%23197!/:?]
	at net.minecraft.server.Main.main(Main.java:121) ~[server-1.20.1-20230612.114412-srg.jar%23197!/:?]
	at jdk.internal.reflect.DirectMethodHandleAccessor.invoke(DirectMethodHandleAccessor.java:104) ~[?:?]
	at java.lang.reflect.Method.invoke(Method.java:565) ~[?:?]
	at net.minecraftforge.fml.loading.targets.CommonLaunchHandler.runTarget(CommonLaunchHandler.java:111) ~[fmlloader-1.20.1-47.4.10.jar%2369!/:?]
	at net.minecraftforge.fml.loading.targets.CommonLaunchHandler.serverService(CommonLaunchHandler.java:103) ~[fmlloader-1.20.1-47.4.10.jar%2369!/:?]
	at net.minecraftforge.fml.loading.targets.CommonServerLaunchHandler.lambda$makeService$0(CommonServerLaunchHandler.java:27) ~[fmlloader-1.20.1-47.4.10.jar%2369!/:?]
	at cpw.mods.modlauncher.LaunchServiceHandlerDecorator.launch(LaunchServiceHandlerDecorator.java:30) ~[modlauncher-10.0.9.jar%2355!/:?]
	at cpw.mods.modlauncher.LaunchServiceHandler.launch(LaunchServiceHandler.java:53) ~[modlauncher-10.0.9.jar%2355!/:?]
	at cpw.mods.modlauncher.LaunchServiceHandler.launch(LaunchServiceHandler.java:71) ~[modlauncher-10.0.9.jar%2355!/:?]
	at cpw.mods.modlauncher.Launcher.run(Launcher.java:108) ~[modlauncher-10.0.9.jar%2355!/:?]
	at cpw.mods.modlauncher.Launcher.main(Launcher.java:78) ~[modlauncher-10.0.9.jar%2355!/:?]
	at cpw.mods.modlauncher.BootstrapLaunchConsumer.accept(BootstrapLaunchConsumer.java:26) ~[modlauncher-10.0.9.jar%2355!/:?]
	at cpw.mods.modlauncher.BootstrapLaunchConsumer.accept(BootstrapLaunchConsumer.java:23) ~[modlauncher-10.0.9.jar%2355!/:?]
	at cpw.mods.bootstraplauncher.BootstrapLauncher.main(BootstrapLauncher.java:141) ~[bootstraplauncher-1.1.2.jar:?]
[01Feb2026 06:54:01.093] [main/DEBUG] [io.netty.util.internal.PlatformDependent0/]: java.nio.DirectByteBuffer.<init>(long, int): unavailable
[01Feb2026 06:54:01.093] [main/DEBUG] [io.netty.util.internal.PlatformDependent/]: sun.misc.Unsafe: available
[01Feb2026 06:54:01.093] [main/DEBUG] [io.netty.util.internal.PlatformDependent/]: maxDirectMemory: 4194304000 bytes (maybe)
[01Feb2026 06:54:01.093] [main/DEBUG] [io.netty.util.internal.PlatformDependent/]: -Dio.netty.tmpdir: /tmp (java.io.tmpdir)
[01Feb2026 06:54:01.093] [main/DEBUG] [io.netty.util.internal.PlatformDependent/]: -Dio.netty.bitMode: 64 (sun.arch.data.model)
[01Feb2026 06:54:01.094] [main/DEBUG] [io.netty.util.internal.PlatformDependent/]: -Dio.netty.maxDirectMemory: -1 bytes
[01Feb2026 06:54:01.094] [main/DEBUG] [io.netty.util.internal.PlatformDependent/]: -Dio.netty.uninitializedArrayAllocationThreshold: -1
[01Feb2026 06:54:01.095] [main/DEBUG] [io.netty.util.internal.CleanerJava9/]: java.nio.ByteBuffer.cleaner(): available
[01Feb2026 06:54:01.095] [main/DEBUG] [io.netty.util.internal.PlatformDependent/]: -Dio.netty.noPreferDirect: false
[01Feb2026 06:54:01.146] [main/DEBUG] [net.minecraftforge.network.NetworkHooks/]: Loading Network data for FML net version: FML3
[01Feb2026 06:54:01.164] [main/DEBUG] [net.minecraftforge.common.ForgeI18n/CORE]: Loading I18N data entries: 6434
[01Feb2026 06:54:01.181] [main/DEBUG] [net.minecraftforge.fml.ModWorkManager/LOADING]: Using 4 threads for parallel mod-loading
[01Feb2026 06:54:01.186] [main/DEBUG] [net.minecraftforge.fml.javafmlmod.FMLJavaModLanguageProvider/LOADING]: Loading FMLModContainer from classloader cpw.mods.modlauncher.TransformingClassLoader@72557746 - got cpw.mods.cl.ModuleClassLoader@250b236d
[01Feb2026 06:54:01.190] [main/DEBUG] [net.minecraftforge.fml.javafmlmod.FMLModContainer/LOADING]: Creating FMLModContainer instance for com.natamus.doubledoors.ModForge
[01Feb2026 06:54:01.191] [main/DEBUG] [net.minecraftforge.fml.javafmlmod.FMLJavaModLanguageProvider/LOADING]: Loading FMLModContainer from classloader cpw.mods.modlauncher.TransformingClassLoader@72557746 - got cpw.mods.cl.ModuleClassLoader@250b236d
[01Feb2026 06:54:01.192] [main/DEBUG] [net.minecraftforge.fml.javafmlmod.FMLModContainer/LOADING]: Creating FMLModContainer instance for net.blay09.mods.kuma.forge.ForgeKumaAPI
[01Feb2026 06:54:01.192] [main/DEBUG] [net.minecraftforge.fml.javafmlmod.FMLJavaModLanguageProvider/LOADING]: Loading FMLModContainer from classloader cpw.mods.modlauncher.TransformingClassLoader@72557746 - got cpw.mods.cl.ModuleClassLoader@250b236d
[01Feb2026 06:54:01.192] [main/DEBUG] [net.minecraftforge.fml.javafmlmod.FMLModContainer/LOADING]: Creating FMLModContainer instance for com.frikinjay.almanac.forge.AlmanacForge
[01Feb2026 06:54:01.193] [main/DEBUG] [net.minecraftforge.fml.javafmlmod.FMLJavaModLanguageProvider/LOADING]: Loading FMLModContainer from classloader cpw.mods.modlauncher.TransformingClassLoader@72557746 - got cpw.mods.cl.ModuleClassLoader@250b236d
[01Feb2026 06:54:01.193] [main/DEBUG] [net.minecraftforge.fml.javafmlmod.FMLModContainer/LOADING]: Creating FMLModContainer instance for xaero.pac.OpenPartiesAndClaimsForge
[01Feb2026 06:54:01.193] [main/DEBUG] [net.minecraftforge.fml.javafmlmod.FMLJavaModLanguageProvider/LOADING]: Loading FMLModContainer from classloader cpw.mods.modlauncher.TransformingClassLoader@72557746 - got cpw.mods.cl.ModuleClassLoader@250b236d
[01Feb2026 06:54:01.193] [main/DEBUG] [net.minecraftforge.fml.javafmlmod.FMLModContainer/LOADING]: Creating FMLModContainer instance for software.bernie.example.GeckoLibMod
[01Feb2026 06:54:01.194] [main/DEBUG] [net.minecraftforge.fml.javafmlmod.FMLJavaModLanguageProvider/LOADING]: Loading FMLModContainer from classloader cpw.mods.modlauncher.TransformingClassLoader@72557746 - got cpw.mods.cl.ModuleClassLoader@250b236d
[01Feb2026 06:54:01.194] [main/DEBUG] [net.minecraftforge.fml.javafmlmod.FMLModContainer/LOADING]: Creating FMLModContainer instance for net.petemc.undeadnights.UndeadNights
[01Feb2026 06:54:01.195] [main/DEBUG] [net.minecraftforge.fml.javafmlmod.FMLJavaModLanguageProvider/LOADING]: Loading FMLModContainer from classloader cpw.mods.modlauncher.TransformingClassLoader@72557746 - got cpw.mods.cl.ModuleClassLoader@250b236d
[01Feb2026 06:54:01.195] [main/DEBUG] [net.minecraftforge.fml.javafmlmod.FMLModContainer/LOADING]: Creating FMLModContainer instance for mezz.jei.forge.JustEnoughItems
[01Feb2026 06:54:01.195] [main/DEBUG] [net.minecraftforge.fml.javafmlmod.FMLJavaModLanguageProvider/LOADING]: Loading FMLModContainer from classloader cpw.mods.modlauncher.TransformingClassLoader@72557746 - got cpw.mods.cl.ModuleClassLoader@250b236d
[01Feb2026 06:54:01.195] [main/DEBUG] [net.minecraftforge.fml.javafmlmod.FMLModContainer/LOADING]: Creating FMLModContainer instance for xaero.lib.XaeroLibForge
[01Feb2026 06:54:01.196] [main/DEBUG] [net.minecraftforge.fml.javafmlmod.FMLJavaModLanguageProvider/LOADING]: Loading FMLModContainer from classloader cpw.mods.modlauncher.TransformingClassLoader@72557746 - got cpw.mods.cl.ModuleClassLoader@250b236d
[01Feb2026 06:54:01.196] [main/DEBUG] [net.minecraftforge.fml.javafmlmod.FMLModContainer/LOADING]: Creating FMLModContainer instance for com.tacz.guns.GunMod
[01Feb2026 06:54:01.197] [main/DEBUG] [net.minecraftforge.fml.javafmlmod.FMLJavaModLanguageProvider/LOADING]: Loading FMLModContainer from classloader cpw.mods.modlauncher.TransformingClassLoader@72557746 - got cpw.mods.cl.ModuleClassLoader@250b236d
[01Feb2026 06:54:01.197] [main/DEBUG] [net.minecraftforge.fml.javafmlmod.FMLModContainer/LOADING]: Creating FMLModContainer instance for net.tschipcraft.dynamiclights.forge.Init
[01Feb2026 06:54:01.198] [main/DEBUG] [net.minecraftforge.fml.javafmlmod.FMLJavaModLanguageProvider/LOADING]: Loading FMLModContainer from classloader cpw.mods.modlauncher.TransformingClassLoader@72557746 - got cpw.mods.cl.ModuleClassLoader@250b236d
[01Feb2026 06:54:01.198] [main/DEBUG] [net.minecraftforge.fml.javafmlmod.FMLModContainer/LOADING]: Creating FMLModContainer instance for net.p3pp3rf1y.sophisticatedcore.SophisticatedCore
[01Feb2026 06:54:01.198] [main/DEBUG] [net.minecraftforge.fml.javafmlmod.FMLJavaModLanguageProvider/LOADING]: Loading FMLModContainer from classloader cpw.mods.modlauncher.TransformingClassLoader@72557746 - got cpw.mods.cl.ModuleClassLoader@250b236d
[01Feb2026 06:54:01.198] [main/DEBUG] [net.minecraftforge.fml.javafmlmod.FMLModContainer/LOADING]: Creating FMLModContainer instance for net.aurelj.underground_bunkers.UndergroundBunkersMain
[01Feb2026 06:54:01.199] [main/DEBUG] [net.minecraftforge.fml.javafmlmod.FMLJavaModLanguageProvider/LOADING]: Loading FMLModContainer from classloader cpw.mods.modlauncher.TransformingClassLoader@72557746 - got cpw.mods.cl.ModuleClassLoader@250b236d
[01Feb2026 06:54:01.199] [main/DEBUG] [net.minecraftforge.fml.javafmlmod.FMLModContainer/LOADING]: Creating FMLModContainer instance for net.blay09.mods.waystones.ForgeWaystones
[01Feb2026 06:54:01.199] [main/DEBUG] [net.minecraftforge.fml.javafmlmod.FMLJavaModLanguageProvider/LOADING]: Loading FMLModContainer from classloader cpw.mods.modlauncher.TransformingClassLoader@72557746 - got cpw.mods.cl.ModuleClassLoader@250b236d
[01Feb2026 06:54:01.199] [main/DEBUG] [net.minecraftforge.fml.javafmlmod.FMLModContainer/LOADING]: Creating FMLModContainer instance for com.blamejared.clumps.Clumps
[01Feb2026 06:54:01.200] [main/DEBUG] [net.minecraftforge.fml.javafmlmod.FMLJavaModLanguageProvider/LOADING]: Loading FMLModContainer from classloader cpw.mods.modlauncher.TransformingClassLoader@72557746 - got cpw.mods.cl.ModuleClassLoader@250b236d
[01Feb2026 06:54:01.200] [main/DEBUG] [net.minecraftforge.fml.javafmlmod.FMLModContainer/LOADING]: Creating FMLModContainer instance for xaero.map.WorldMapForge
[01Feb2026 06:54:01.201] [main/DEBUG] [net.minecraftforge.fml.javafmlmod.FMLJavaModLanguageProvider/LOADING]: Loading FMLModContainer from classloader cpw.mods.modlauncher.TransformingClassLoader@72557746 - got cpw.mods.cl.ModuleClassLoader@250b236d
[01Feb2026 06:54:01.201] [main/DEBUG] [net.minecraftforge.fml.javafmlmod.FMLModContainer/LOADING]: Creating FMLModContainer instance for com.llamalad7.mixinextras.platform.forge.MixinExtrasMod
[01Feb2026 06:54:01.202] [main/DEBUG] [net.minecraftforge.fml.javafmlmod.FMLJavaModLanguageProvider/LOADING]: Loading FMLModContainer from classloader cpw.mods.modlauncher.TransformingClassLoader@72557746 - got cpw.mods.cl.ModuleClassLoader@250b236d
[01Feb2026 06:54:01.202] [main/DEBUG] [net.minecraftforge.fml.javafmlmod.FMLModContainer/LOADING]: Creating FMLModContainer instance for com.modrinth.OhduvhIc.ModrinthWrapper
[01Feb2026 06:54:01.202] [main/DEBUG] [net.minecraftforge.fml.javafmlmod.FMLJavaModLanguageProvider/LOADING]: Loading FMLModContainer from classloader cpw.mods.modlauncher.TransformingClassLoader@72557746 - got cpw.mods.cl.ModuleClassLoader@250b236d
[01Feb2026 06:54:01.202] [main/DEBUG] [net.minecraftforge.fml.javafmlmod.FMLModContainer/LOADING]: Creating FMLModContainer instance for net.p3pp3rf1y.sophisticatedbackpacks.SophisticatedBackpacks
[01Feb2026 06:54:01.203] [main/DEBUG] [net.minecraftforge.fml.javafmlmod.FMLJavaModLanguageProvider/LOADING]: Loading FMLModContainer from classloader cpw.mods.modlauncher.TransformingClassLoader@72557746 - got cpw.mods.cl.ModuleClassLoader@250b236d
[01Feb2026 06:54:01.203] [main/DEBUG] [net.minecraftforge.fml.javafmlmod.FMLModContainer/LOADING]: Creating FMLModContainer instance for eu.midnightdust.core.MidnightLib
[01Feb2026 06:54:01.203] [main/DEBUG] [net.minecraftforge.fml.javafmlmod.FMLJavaModLanguageProvider/LOADING]: Loading FMLModContainer from classloader cpw.mods.modlauncher.TransformingClassLoader@72557746 - got cpw.mods.cl.ModuleClassLoader@250b236d
[01Feb2026 06:54:01.203] [main/DEBUG] [net.minecraftforge.fml.javafmlmod.FMLModContainer/LOADING]: Creating FMLModContainer instance for net.petemc.mutantszombies.MutantsZombies
[01Feb2026 06:54:01.204] [main/DEBUG] [net.minecraftforge.fml.javafmlmod.FMLJavaModLanguageProvider/LOADING]: Loading FMLModContainer from classloader cpw.mods.modlauncher.TransformingClassLoader@72557746 - got cpw.mods.cl.ModuleClassLoader@250b236d
[01Feb2026 06:54:01.204] [main/DEBUG] [net.minecraftforge.fml.javafmlmod.FMLModContainer/LOADING]: Creating FMLModContainer instance for com.atsuishio.superbwarfare.Mod
[01Feb2026 06:54:01.204] [main/DEBUG] [net.minecraftforge.fml.javafmlmod.FMLJavaModLanguageProvider/LOADING]: Loading FMLModContainer from classloader cpw.mods.modlauncher.TransformingClassLoader@72557746 - got cpw.mods.cl.ModuleClassLoader@250b236d
[01Feb2026 06:54:01.204] [main/DEBUG] [net.minecraftforge.fml.javafmlmod.FMLModContainer/LOADING]: Creating FMLModContainer instance for net.blay09.mods.balm.forge.ForgeBalm
[01Feb2026 06:54:01.205] [main/DEBUG] [net.minecraftforge.fml.javafmlmod.FMLJavaModLanguageProvider/LOADING]: Loading FMLModContainer from classloader cpw.mods.modlauncher.TransformingClassLoader@72557746 - got cpw.mods.cl.ModuleClassLoader@250b236d
[01Feb2026 06:54:01.205] [main/DEBUG] [net.minecraftforge.fml.javafmlmod.FMLModContainer/LOADING]: Creating FMLModContainer instance for tschipp.carryon.CarryOnForge
[01Feb2026 06:54:01.205] [main/DEBUG] [net.minecraftforge.fml.javafmlmod.FMLJavaModLanguageProvider/LOADING]: Loading FMLModContainer from classloader cpw.mods.modlauncher.TransformingClassLoader@72557746 - got cpw.mods.cl.ModuleClassLoader@250b236d
[01Feb2026 06:54:01.205] [main/DEBUG] [net.minecraftforge.fml.javafmlmod.FMLModContainer/LOADING]: Creating FMLModContainer instance for ca.fxco.memoryleakfix.forge.MemoryLeakFixForge
[01Feb2026 06:54:01.206] [main/DEBUG] [net.minecraftforge.fml.javafmlmod.FMLJavaModLanguageProvider/LOADING]: Loading FMLModContainer from classloader cpw.mods.modlauncher.TransformingClassLoader@72557746 - got cpw.mods.cl.ModuleClassLoader@250b236d
[01Feb2026 06:54:01.206] [main/DEBUG] [net.minecraftforge.fml.javafmlmod.FMLModContainer/LOADING]: Creating FMLModContainer instance for net.minecraftforge.common.ForgeMod
[01Feb2026 06:54:01.208] [main/DEBUG] [net.minecraftforge.fml.javafmlmod.FMLJavaModLanguageProvider/LOADING]: Loading FMLModContainer from classloader cpw.mods.modlauncher.TransformingClassLoader@72557746 - got cpw.mods.cl.ModuleClassLoader@250b236d
[01Feb2026 06:54:01.208] [main/DEBUG] [net.minecraftforge.fml.javafmlmod.FMLModContainer/LOADING]: Creating FMLModContainer instance for com.scarasol.sona.SonaMod
[01Feb2026 06:54:01.208] [main/DEBUG] [net.minecraftforge.fml.javafmlmod.FMLJavaModLanguageProvider/LOADING]: Loading FMLModContainer from classloader cpw.mods.modlauncher.TransformingClassLoader@72557746 - got cpw.mods.cl.ModuleClassLoader@250b236d
[01Feb2026 06:54:01.208] [main/DEBUG] [net.minecraftforge.fml.javafmlmod.FMLModContainer/LOADING]: Creating FMLModContainer instance for com.scarasol.zombiekit.ZombieKitMod
[01Feb2026 06:54:01.209] [main/DEBUG] [net.minecraftforge.fml.javafmlmod.FMLJavaModLanguageProvider/LOADING]: Loading FMLModContainer from classloader cpw.mods.modlauncher.TransformingClassLoader@72557746 - got cpw.mods.cl.ModuleClassLoader@250b236d
[01Feb2026 06:54:01.209] [main/DEBUG] [net.minecraftforge.fml.javafmlmod.FMLModContainer/LOADING]: Creating FMLModContainer instance for chovysapocalypsemod.ChovysApocalypseModMod
[01Feb2026 06:54:01.210] [main/DEBUG] [net.minecraftforge.fml.javafmlmod.FMLJavaModLanguageProvider/LOADING]: Loading FMLModContainer from classloader cpw.mods.modlauncher.TransformingClassLoader@72557746 - got cpw.mods.cl.ModuleClassLoader@250b236d
[01Feb2026 06:54:01.210] [main/DEBUG] [net.minecraftforge.fml.javafmlmod.FMLModContainer/LOADING]: Creating FMLModContainer instance for net.mcreator.infectious.InfectiousMod
[01Feb2026 06:54:01.212] [main/DEBUG] [thedarkcolour.kotlinforforge.LoggerKt/LOADING]: Loading KotlinModContainer from classloader cpw.mods.modlauncher.TransformingClassLoader@72557746 - got cpw.mods.cl.ModuleClassLoader@250b236d}
[01Feb2026 06:54:01.212] [main/DEBUG] [thedarkcolour.kotlinforforge.LoggerKt/LOADING]: Creating KotlinModContainer instance for org.anti_ad.mc.libipn.LibIPNModEntry
[01Feb2026 06:54:01.214] [main/DEBUG] [net.minecraftforge.fml.javafmlmod.FMLJavaModLanguageProvider/LOADING]: Loading FMLModContainer from classloader cpw.mods.modlauncher.TransformingClassLoader@72557746 - got cpw.mods.cl.ModuleClassLoader@250b236d
[01Feb2026 06:54:01.215] [main/DEBUG] [net.minecraftforge.fml.javafmlmod.FMLModContainer/LOADING]: Creating FMLModContainer instance for com.aizistral.nochatreports.forge.NoChatReports
[01Feb2026 06:54:01.215] [main/DEBUG] [net.minecraftforge.fml.javafmlmod.FMLJavaModLanguageProvider/LOADING]: Loading FMLModContainer from classloader cpw.mods.modlauncher.TransformingClassLoader@72557746 - got cpw.mods.cl.ModuleClassLoader@250b236d
[01Feb2026 06:54:01.215] [main/DEBUG] [net.minecraftforge.fml.javafmlmod.FMLModContainer/LOADING]: Creating FMLModContainer instance for snownee.jade.util.CommonProxy
[01Feb2026 06:54:01.218] [main/DEBUG] [net.minecraftforge.fml.javafmlmod.FMLJavaModLanguageProvider/LOADING]: Loading FMLModContainer from classloader cpw.mods.modlauncher.TransformingClassLoader@72557746 - got cpw.mods.cl.ModuleClassLoader@250b236d
[01Feb2026 06:54:01.218] [main/DEBUG] [net.minecraftforge.fml.javafmlmod.FMLModContainer/LOADING]: Creating FMLModContainer instance for org.popcraft.chunky.ChunkyForge
[01Feb2026 06:54:01.220] [main/DEBUG] [net.minecraftforge.fml.javafmlmod.FMLJavaModLanguageProvider/LOADING]: Loading FMLModContainer from classloader cpw.mods.modlauncher.TransformingClassLoader@72557746 - got cpw.mods.cl.ModuleClassLoader@250b236d
[01Feb2026 06:54:01.220] [main/DEBUG] [net.minecraftforge.fml.javafmlmod.FMLModContainer/LOADING]: Creating FMLModContainer instance for com.blackgear.platform.forge.PlatformForge
[01Feb2026 06:54:01.220] [main/DEBUG] [thedarkcolour.kotlinforforge.LoggerKt/LOADING]: Loading KotlinModContainer from classloader cpw.mods.modlauncher.TransformingClassLoader@72557746 - got cpw.mods.cl.ModuleClassLoader@250b236d}
[01Feb2026 06:54:01.220] [main/DEBUG] [thedarkcolour.kotlinforforge.LoggerKt/LOADING]: Creating KotlinModContainer instance for thedarkcolour.kotlinforforge.test.KotlinForForge
[01Feb2026 06:54:01.221] [main/DEBUG] [net.minecraftforge.fml.javafmlmod.FMLJavaModLanguageProvider/LOADING]: Loading FMLModContainer from classloader cpw.mods.modlauncher.TransformingClassLoader@72557746 - got cpw.mods.cl.ModuleClassLoader@250b236d
[01Feb2026 06:54:01.221] [main/DEBUG] [net.minecraftforge.fml.javafmlmod.FMLModContainer/LOADING]: Creating FMLModContainer instance for com.github.teamfusion.rottencreatures.forge.RottenCreaturesForge
[01Feb2026 06:54:01.222] [main/DEBUG] [net.minecraftforge.fml.javafmlmod.FMLJavaModLanguageProvider/LOADING]: Loading FMLModContainer from classloader cpw.mods.modlauncher.TransformingClassLoader@72557746 - got cpw.mods.cl.ModuleClassLoader@250b236d
[01Feb2026 06:54:01.222] [main/DEBUG] [net.minecraftforge.fml.javafmlmod.FMLModContainer/LOADING]: Creating FMLModContainer instance for top.theillusivec4.curios.Curios
[01Feb2026 06:54:01.223] [main/DEBUG] [net.minecraftforge.fml.javafmlmod.FMLJavaModLanguageProvider/LOADING]: Loading FMLModContainer from classloader cpw.mods.modlauncher.TransformingClassLoader@72557746 - got cpw.mods.cl.ModuleClassLoader@250b236d
[01Feb2026 06:54:01.224] [main/DEBUG] [net.minecraftforge.fml.javafmlmod.FMLModContainer/LOADING]: Creating FMLModContainer instance for xaero.minimap.XaeroMinimapForge
[01Feb2026 06:54:01.228] [main/DEBUG] [net.minecraftforge.fml.javafmlmod.FMLJavaModLanguageProvider/LOADING]: Loading FMLModContainer from classloader cpw.mods.modlauncher.TransformingClassLoader@72557746 - got cpw.mods.cl.ModuleClassLoader@250b236d
[01Feb2026 06:54:01.228] [main/DEBUG] [net.minecraftforge.fml.javafmlmod.FMLModContainer/LOADING]: Creating FMLModContainer instance for com.natamus.collective.CollectiveForge
[01Feb2026 06:54:01.228] [main/DEBUG] [net.minecraftforge.fml.javafmlmod.FMLJavaModLanguageProvider/LOADING]: Loading FMLModContainer from classloader cpw.mods.modlauncher.TransformingClassLoader@72557746 - got cpw.mods.cl.ModuleClassLoader@250b236d
[01Feb2026 06:54:01.229] [main/DEBUG] [net.minecraftforge.fml.javafmlmod.FMLModContainer/LOADING]: Creating FMLModContainer instance for bl4ckscor3.mod.sit.Sit
[01Feb2026 06:54:01.229] [main/DEBUG] [net.minecraftforge.fml.javafmlmod.FMLJavaModLanguageProvider/LOADING]: Loading FMLModContainer from classloader cpw.mods.modlauncher.TransformingClassLoader@72557746 - got cpw.mods.cl.ModuleClassLoader@250b236d
[01Feb2026 06:54:01.229] [main/DEBUG] [net.minecraftforge.fml.javafmlmod.FMLModContainer/LOADING]: Creating FMLModContainer instance for mcjty.lostcities.LostCities
[01Feb2026 06:54:01.230] [main/DEBUG] [thedarkcolour.kotlinforforge.LoggerKt/LOADING]: Loading KotlinModContainer from classloader cpw.mods.modlauncher.TransformingClassLoader@72557746 - got cpw.mods.cl.ModuleClassLoader@250b236d}
[01Feb2026 06:54:01.230] [main/DEBUG] [thedarkcolour.kotlinforforge.LoggerKt/LOADING]: Creating KotlinModContainer instance for org.anti_ad.mc.ipnext.forge.IPNForgeModInit
[01Feb2026 06:54:01.231] [main/DEBUG] [net.minecraftforge.fml.javafmlmod.FMLJavaModLanguageProvider/LOADING]: Loading FMLModContainer from classloader cpw.mods.modlauncher.TransformingClassLoader@72557746 - got cpw.mods.cl.ModuleClassLoader@250b236d
[01Feb2026 06:54:01.231] [main/DEBUG] [net.minecraftforge.fml.javafmlmod.FMLModContainer/LOADING]: Creating FMLModContainer instance for io.github.foundationgames.automobility.forge.AutomobilityForge
[01Feb2026 06:54:01.231] [main/DEBUG] [net.minecraftforge.fml.javafmlmod.FMLJavaModLanguageProvider/LOADING]: Loading FMLModContainer from classloader cpw.mods.modlauncher.TransformingClassLoader@72557746 - got cpw.mods.cl.ModuleClassLoader@250b236d
[01Feb2026 06:54:01.231] [main/DEBUG] [net.minecraftforge.fml.javafmlmod.FMLModContainer/LOADING]: Creating FMLModContainer instance for dev.architectury.forge.ArchitecturyForge
[01Feb2026 06:54:01.232] [main/DEBUG] [net.minecraftforge.fml.javafmlmod.FMLJavaModLanguageProvider/LOADING]: Loading FMLModContainer from classloader cpw.mods.modlauncher.TransformingClassLoader@72557746 - got cpw.mods.cl.ModuleClassLoader@250b236d
[01Feb2026 06:54:01.232] [main/DEBUG] [net.minecraftforge.fml.javafmlmod.FMLModContainer/LOADING]: Creating FMLModContainer instance for com.zv.forge.ModForge
[01Feb2026 06:54:01.233] [main/DEBUG] [net.minecraftforge.fml.javafmlmod.FMLJavaModLanguageProvider/LOADING]: Loading FMLModContainer from classloader cpw.mods.modlauncher.TransformingClassLoader@72557746 - got cpw.mods.cl.ModuleClassLoader@250b236d
[01Feb2026 06:54:01.233] [main/DEBUG] [net.minecraftforge.fml.javafmlmod.FMLModContainer/LOADING]: Creating FMLModContainer instance for squeek.appleskin.AppleSkin
[01Feb2026 06:54:01.233] [main/DEBUG] [net.minecraftforge.fml.javafmlmod.FMLJavaModLanguageProvider/LOADING]: Loading FMLModContainer from classloader cpw.mods.modlauncher.TransformingClassLoader@72557746 - got cpw.mods.cl.ModuleClassLoader@250b236d
[01Feb2026 06:54:01.233] [main/DEBUG] [net.minecraftforge.fml.javafmlmod.FMLModContainer/LOADING]: Creating FMLModContainer instance for malte0811.ferritecore.ModMainForge
[01Feb2026 06:54:01.234] [main/DEBUG] [net.minecraftforge.fml.lowcodemod.LowCodeModLanguageProvider.LowCodeModTarget/LOADING]: Loading LowCodeModContainer from classloader cpw.mods.modlauncher.TransformingClassLoader@72557746 - got cpw.mods.cl.ModuleClassLoader@250b236d
[01Feb2026 06:54:01.235] [main/DEBUG] [net.minecraftforge.fml.lowcodemod.LowCodeModContainer/LOADING]: Creating LowCodeModContainer for rrls
[01Feb2026 06:54:01.235] [main/DEBUG] [net.minecraftforge.fml.javafmlmod.FMLJavaModLanguageProvider/LOADING]: Loading FMLModContainer from classloader cpw.mods.modlauncher.TransformingClassLoader@72557746 - got cpw.mods.cl.ModuleClassLoader@250b236d
[01Feb2026 06:54:01.236] [main/DEBUG] [net.minecraftforge.fml.javafmlmod.FMLModContainer/LOADING]: Creating FMLModContainer instance for snownee.jade.addon.JadeAddons
[01Feb2026 06:54:01.236] [main/DEBUG] [net.minecraftforge.fml.javafmlmod.FMLJavaModLanguageProvider/LOADING]: Loading FMLModContainer from classloader cpw.mods.modlauncher.TransformingClassLoader@72557746 - got cpw.mods.cl.ModuleClassLoader@250b236d
[01Feb2026 06:54:01.236] [main/DEBUG] [net.minecraftforge.fml.javafmlmod.FMLModContainer/LOADING]: Creating FMLModContainer instance for fr.rakambda.fallingtree.forge.FallingTree
[01Feb2026 06:54:01.237] [main/DEBUG] [net.minecraftforge.fml.javafmlmod.FMLJavaModLanguageProvider/LOADING]: Loading FMLModContainer from classloader cpw.mods.modlauncher.TransformingClassLoader@72557746 - got cpw.mods.cl.ModuleClassLoader@250b236d
[01Feb2026 06:54:01.237] [main/DEBUG] [net.minecraftforge.fml.javafmlmod.FMLModContainer/LOADING]: Creating FMLModContainer instance for net.mcreator.simplytraps.SimplyTrapsMod
[01Feb2026 06:54:01.238] [main/DEBUG] [net.minecraftforge.fml.javafmlmod.FMLJavaModLanguageProvider/LOADING]: Loading FMLModContainer from classloader cpw.mods.modlauncher.TransformingClassLoader@72557746 - got cpw.mods.cl.ModuleClassLoader@250b236d
[01Feb2026 06:54:01.238] [main/DEBUG] [net.minecraftforge.fml.javafmlmod.FMLModContainer/LOADING]: Creating FMLModContainer instance for net.lionarius.skinrestorer.forge.SkinRestorerForge
[01Feb2026 06:54:01.251] [modloading-worker-0/DEBUG] [net.minecraftforge.fml.javafmlmod.AutomaticEventSubscriber/LOADING]: Attempting to inject @EventBusSubscriber classes into the eventbus for kuma_api
[01Feb2026 06:54:01.262] [modloading-worker-0/DEBUG] [net.minecraftforge.fml.javafmlmod.AutomaticEventSubscriber/LOADING]: Attempting to inject @EventBusSubscriber classes into the eventbus for almanac
[01Feb2026 06:54:01.282] [modloading-worker-0/DEBUG] [xaero.pac.OpenPartiesAndClaims/]: Loaded xaero.pac.common.platform.services.PlatformHelperForge@1e45b855 for service interface xaero.pac.common.platform.services.IPlatformHelper
[01Feb2026 06:54:01.291] [modloading-worker-0/DEBUG] [net.minecraftforge.fml.javafmlmod.AutomaticEventSubscriber/LOADING]: Attempting to inject @EventBusSubscriber classes into the eventbus for openpartiesandclaims
[01Feb2026 06:54:01.302] [modloading-worker-0/DEBUG] [net.minecraftforge.fml.javafmlmod.AutomaticEventSubscriber/LOADING]: Attempting to inject @EventBusSubscriber classes into the eventbus for geckolib
[01Feb2026 06:54:01.304] [modloading-worker-0/DEBUG] [net.minecraftforge.fml.javafmlmod.AutomaticEventSubscriber/LOADING]: Attempting to inject @EventBusSubscriber classes into the eventbus for doubledoors
[01Feb2026 06:54:01.306] [modloading-worker-0/DEBUG] [net.minecraftforge.fml.javafmlmod.AutomaticEventSubscriber/LOADING]: Auto-subscribing software.bernie.example.GeckoLibMod to FORGE
[01Feb2026 06:54:01.306] [modloading-worker-0/INFO] [net.petemc.undeadnights.UndeadNights/]: Registering Item Groups for undeadnights
[01Feb2026 06:54:01.308] [modloading-worker-0/DEBUG] [net.minecraftforge.fml.javafmlmod.AutomaticEventSubscriber/LOADING]: Auto-subscribing software.bernie.example.CommonListener to MOD
[01Feb2026 06:54:01.309] [modloading-worker-0/DEBUG] [net.minecraftforge.fml.config.ConfigTracker/CONFIG]: Config file jei-server.toml for jei tracking
[01Feb2026 06:54:01.315] [modloading-worker-0/DEBUG] [net.minecraftforge.fml.config.ConfigTracker/CONFIG]: Config file undeadnights-server.toml for undeadnights tracking
[01Feb2026 06:54:01.316] [modloading-worker-0/DEBUG] [net.minecraftforge.fml.config.ConfigTracker/CONFIG]: Config file tacz-common.toml for tacz tracking
[01Feb2026 06:54:01.317] [modloading-worker-0/DEBUG] [net.minecraftforge.fml.javafmlmod.AutomaticEventSubscriber/LOADING]: Attempting to inject @EventBusSubscriber classes into the eventbus for jei
[01Feb2026 06:54:01.319] [modloading-worker-0/DEBUG] [net.minecraftforge.fml.config.ConfigTracker/CONFIG]: Config file tacz-server.toml for tacz tracking
[01Feb2026 06:54:01.319] [modloading-worker-0/INFO] [net.petemc.undeadnights.UndeadNights/]: Loading undeadnights horde mobs config
[01Feb2026 06:54:01.321] [modloading-worker-0/INFO] [net.petemc.undeadnights.UndeadNights/]: No target entities specified in horde mob config, no additional entities will be targeted.
[01Feb2026 06:54:01.322] [modloading-worker-0/DEBUG] [xaero.lib.XaeroLib/]: Loaded xaero.lib.platform.services.PlatformHelperForge@6c2d4e95 for service interface xaero.lib.platform.services.IPlatformHelper
[01Feb2026 06:54:01.320] [modloading-worker-0/INFO] [dynamiclights/]: [Dynamic Lights] Registering server started event ...
[01Feb2026 06:54:01.323] [modloading-worker-0/INFO] [net.petemc.undeadnights.UndeadNights/]: Default horde mob undeadnights:horde_zombie was read from config.
[01Feb2026 06:54:01.323] [modloading-worker-0/INFO] [net.petemc.undeadnights.UndeadNights/]: Horde mob undeadnights:elite_zombie with chance 3% was read from config.
[01Feb2026 06:54:01.324] [modloading-worker-0/INFO] [net.petemc.undeadnights.UndeadNights/]: Horde mob undeadnights:demolition_zombie with chance 6% was read from config.
[01Feb2026 06:54:01.327] [modloading-worker-0/DEBUG] [net.minecraftforge.fml.javafmlmod.AutomaticEventSubscriber/LOADING]: Attempting to inject @EventBusSubscriber classes into the eventbus for dynamiclights
[01Feb2026 06:54:01.327] [modloading-worker-0/DEBUG] [net.minecraftforge.fml.javafmlmod.AutomaticEventSubscriber/LOADING]: Auto-subscribing net.tschipcraft.dynamiclights.forge.Init to FORGE
[01Feb2026 06:54:01.327] [modloading-worker-0/DEBUG] [net.minecraftforge.fml.config.ConfigTracker/CONFIG]: Config file tacz-client.toml for tacz tracking
[01Feb2026 06:54:01.333] [modloading-worker-0/DEBUG] [net.minecraftforge.fml.config.ConfigTracker/CONFIG]: Config file sophisticatedcore-common.toml for sophisticatedcore tracking
[01Feb2026 06:54:01.333] [modloading-worker-0/DEBUG] [net.minecraftforge.fml.config.ConfigTracker/CONFIG]: Config file sophisticatedcore-client.toml for sophisticatedcore tracking
[01Feb2026 06:54:01.339] [modloading-worker-0/INFO] [net.petemc.undeadnights.UndeadNights/]: Setting current difficulty level to: Level 1
[01Feb2026 06:54:01.342] [modloading-worker-0/INFO] [net.petemc.undeadnights.UndeadNights/]: Loaded difficulty config with 1 difficulty levels.
[01Feb2026 06:54:01.342] [modloading-worker-0/DEBUG] [net.minecraftforge.fml.javafmlmod.AutomaticEventSubscriber/LOADING]: Attempting to inject @EventBusSubscriber classes into the eventbus for undeadnights
[01Feb2026 06:54:01.342] [modloading-worker-0/DEBUG] [net.minecraftforge.fml.javafmlmod.AutomaticEventSubscriber/LOADING]: Auto-subscribing net.petemc.undeadnights.event.ModEvents$ForgeEvents to FORGE
[01Feb2026 06:54:01.350] [modloading-worker-0/DEBUG] [mixin/]: Mixing ReloadableServerResourcesMixin from mixins.superbwarfare.json into net.minecraft.server.ReloadableServerResources
[01Feb2026 06:54:01.351] [modloading-worker-0/DEBUG] [mixin/]: Mixing ReloadableServerResourcesMixin from balm.mixins.json into net.minecraft.server.ReloadableServerResources
[01Feb2026 06:54:01.351] [modloading-worker-0/DEBUG] [mixin/]: Renaming synthetic method lambda$loadResources$0(Lnet/minecraft/server/ReloadableServerResources;)V to md63ae9b$lambda$loadResources$0$0 in balm.mixins.json:ReloadableServerResourcesMixin
[01Feb2026 06:54:01.364] [modloading-worker-0/DEBUG] [net.minecraftforge.fml.javafmlmod.AutomaticEventSubscriber/LOADING]: Auto-subscribing net.petemc.undeadnights.entity.RegisterEntityAttributes$ForgeEvents to MOD
[01Feb2026 06:54:01.365] [modloading-worker-0/DEBUG] [net.minecraftforge.fml.javafmlmod.AutomaticEventSubscriber/LOADING]: Auto-subscribing net.petemc.undeadnights.config.MainConfig to MOD
[01Feb2026 06:54:01.374] [modloading-worker-0/DEBUG] [net.minecraftforge.fml.javafmlmod.AutomaticEventSubscriber/LOADING]: Attempting to inject @EventBusSubscriber classes into the eventbus for underground_bunkers
[01Feb2026 06:54:01.378] [modloading-worker-0/DEBUG] [mixin/]: Mixing MixinPlayerList from openpartiesandclaims.mixins.json into net.minecraft.server.players.PlayerList
[01Feb2026 06:54:01.379] [modloading-worker-0/DEBUG] [mixin/]: Mixing MixinPlayerList from xaerolib.mixins.json into net.minecraft.server.players.PlayerList
[01Feb2026 06:54:01.380] [modloading-worker-0/DEBUG] [mixin/]: Mixing MixinPlayerList from xaeroworldmap.mixins.json into net.minecraft.server.players.PlayerList
[01Feb2026 06:54:01.381] [modloading-worker-0/DEBUG] [mixin/]: Mixing PlayerListMixin from balm.mixins.json into net.minecraft.server.players.PlayerList
[01Feb2026 06:54:01.382] [modloading-worker-0/INFO] [mixin/]: Mixing server.MixinPlayerList from mixins/common/nochatreports.mixins.json into net.minecraft.server.players.PlayerList
[01Feb2026 06:54:01.382] [modloading-worker-0/DEBUG] [mixin/]: Mixing MixinPlayerList from xaerohud.mixins.json into net.minecraft.server.players.PlayerList
[01Feb2026 06:54:01.383] [modloading-worker-0/DEBUG] [mixin/]: Mixing PlayerListMixin from skinrestorer.mixins.json into net.minecraft.server.players.PlayerList
[01Feb2026 06:54:01.383] [modloading-worker-0/DEBUG] [mixin/]: Renaming synthetic method lambda$placeNewPlayer$0(Ljava/util/UUID;)V to md63ae9b$lambda$placeNewPlayer$0$0 in skinrestorer.mixins.json:PlayerListMixin
[01Feb2026 06:54:01.416] [modloading-worker-0/DEBUG] [mixin/]: Mixing MixinLevelEvent from architectury.mixins.json into net.minecraftforge.event.level.LevelEvent
[01Feb2026 06:54:01.432] [modloading-worker-0/INFO] [xaero.lib.XaeroLib/]: Registering common data for channel xaerolib:main!
[01Feb2026 06:54:01.458] [modloading-worker-0/INFO] [xaero.lib.XaeroLib/]: Loading primary common config for channel xaerolib:main!
[01Feb2026 06:54:01.462] [modloading-worker-0/INFO] [xaero.lib.XaeroLib/]: Loading server config profiles for channel xaerolib:main!
[01Feb2026 06:54:01.464] [modloading-worker-0/DEBUG] [net.minecraftforge.fml.javafmlmod.AutomaticEventSubscriber/LOADING]: Attempting to inject @EventBusSubscriber classes into the eventbus for sophisticatedcore
[01Feb2026 06:54:01.465] [modloading-worker-0/DEBUG] [net.minecraftforge.fml.javafmlmod.AutomaticEventSubscriber/LOADING]: Attempting to inject @EventBusSubscriber classes into the eventbus for clumps
[01Feb2026 06:54:01.483] [modloading-worker-0/DEBUG] [net.minecraftforge.fml.javafmlmod.AutomaticEventSubscriber/LOADING]: Attempting to inject @EventBusSubscriber classes into the eventbus for xaerolib
[01Feb2026 06:54:01.484] [modloading-worker-0/DEBUG] [net.minecraftforge.fml.javafmlmod.AutomaticEventSubscriber/LOADING]: Attempting to inject @EventBusSubscriber classes into the eventbus for mixinextras
[01Feb2026 06:54:01.485] [modloading-worker-0/DEBUG] [net.minecraftforge.fml.javafmlmod.AutomaticEventSubscriber/LOADING]: Attempting to inject @EventBusSubscriber classes into the eventbus for mr_veinminer
[01Feb2026 06:54:01.489] [modloading-worker-0/DEBUG] [xaero.map.WorldMap/]: Loaded xaero.map.platform.services.ForgePlatformHelper@355343b2 for service interface xaero.map.platform.services.IPlatformHelper
[01Feb2026 06:54:01.495] [modloading-worker-0/INFO] [xaero.map.WorldMap/]: Registering common data for channel xaeroworldmap:main!
[01Feb2026 06:54:01.523] [modloading-worker-0/INFO] [xaero.map.WorldMap/]: Loading primary common config for channel xaeroworldmap:main!
[01Feb2026 06:54:01.527] [modloading-worker-0/INFO] [xaero.map.WorldMap/]: Loading server config profiles for channel xaeroworldmap:main!
[01Feb2026 06:54:01.548] [modloading-worker-0/DEBUG] [net.minecraftforge.fml.javafmlmod.AutomaticEventSubscriber/LOADING]: Attempting to inject @EventBusSubscriber classes into the eventbus for xaeroworldmap
[01Feb2026 06:54:01.549] [modloading-worker-0/DEBUG] [net.minecraftforge.fml.javafmlmod.AutomaticEventSubscriber/LOADING]: Attempting to inject @EventBusSubscriber classes into the eventbus for midnightlib
[01Feb2026 06:54:01.549] [modloading-worker-0/DEBUG] [net.minecraftforge.fml.javafmlmod.AutomaticEventSubscriber/LOADING]: Auto-subscribing eu.midnightdust.core.MidnightLib$MidnightLibEvents to FORGE
[01Feb2026 06:54:01.591] [modloading-worker-0/DEBUG] [net.minecraftforge.fml.config.ConfigTracker/CONFIG]: Config file mutantszombies-server.toml for mutantszombies tracking
[01Feb2026 06:54:01.592] [modloading-worker-0/DEBUG] [net.minecraftforge.fml.javafmlmod.AutomaticEventSubscriber/LOADING]: Attempting to inject @EventBusSubscriber classes into the eventbus for mutantszombies
[01Feb2026 06:54:01.593] [modloading-worker-0/DEBUG] [net.minecraftforge.fml.javafmlmod.AutomaticEventSubscriber/LOADING]: Auto-subscribing net.petemc.mutantszombies.entity.RegisterEntityAttributes$ForgeEvents to MOD
[01Feb2026 06:54:01.601] [modloading-worker-0/DEBUG] [net.minecraftforge.fml.javafmlmod.AutomaticEventSubscriber/LOADING]: Auto-subscribing net.petemc.mutantszombies.config.Config to MOD
[01Feb2026 06:54:01.606] [modloading-worker-0/DEBUG] [mixin/]: Mixing ItemStackHandlerMixin from sona.mixins.json into net.minecraftforge.items.ItemStackHandler
[01Feb2026 06:54:01.615] [modloading-worker-0/DEBUG] [net.minecraftforge.fml.config.ConfigTracker/CONFIG]: Config file superbwarfare-client.toml for superbwarfare tracking
[01Feb2026 06:54:01.619] [modloading-worker-0/DEBUG] [net.minecraftforge.fml.config.ConfigTracker/CONFIG]: Config file superbwarfare-common.toml for superbwarfare tracking
[01Feb2026 06:54:01.620] [modloading-worker-0/DEBUG] [net.minecraftforge.fml.config.ConfigTracker/CONFIG]: Config file sophisticatedbackpacks-server.toml for sophisticatedbackpacks tracking
[01Feb2026 06:54:01.622] [modloading-worker-0/DEBUG] [net.minecraftforge.fml.config.ConfigTracker/CONFIG]: Config file sophisticatedbackpacks-common.toml for sophisticatedbackpacks tracking
[01Feb2026 06:54:01.622] [modloading-worker-0/DEBUG] [net.minecraftforge.fml.config.ConfigTracker/CONFIG]: Config file superbwarfare-server.toml for superbwarfare tracking
[01Feb2026 06:54:01.630] [modloading-worker-0/INFO] [net.blay09.mods.balm.forge.config.ForgeBalmConfig/]: Registering config for waystones:common (COMMON) with 46 properties.
[01Feb2026 06:54:01.630] [modloading-worker-0/DEBUG] [net.minecraftforge.fml.config.ConfigTracker/CONFIG]: Config file waystones-common.toml for waystones tracking
[01Feb2026 06:54:01.721] [modloading-worker-0/DEBUG] [net.minecraftforge.fml.javafmlmod.AutomaticEventSubscriber/LOADING]: Attempting to inject @EventBusSubscriber classes into the eventbus for tacz
[01Feb2026 06:54:01.722] [modloading-worker-0/DEBUG] [net.minecraftforge.fml.javafmlmod.AutomaticEventSubscriber/LOADING]: Auto-subscribing com.tacz.guns.resource.CommonAssetsManager to FORGE
[01Feb2026 06:54:01.740] [modloading-worker-0/DEBUG] [net.minecraftforge.fml.javafmlmod.AutomaticEventSubscriber/LOADING]: Attempting to inject @EventBusSubscriber classes into the eventbus for waystones
[01Feb2026 06:54:01.748] [modloading-worker-0/DEBUG] [net.minecraftforge.fml.javafmlmod.AutomaticEventSubscriber/LOADING]: Auto-subscribing com.tacz.guns.init.ModRecipe to MOD
[01Feb2026 06:54:01.751] [modloading-worker-0/DEBUG] [net.minecraftforge.fml.javafmlmod.AutomaticEventSubscriber/LOADING]: Auto-subscribing com.tacz.guns.init.ModItems to MOD
[01Feb2026 06:54:01.751] [modloading-worker-0/DEBUG] [net.minecraftforge.fml.javafmlmod.AutomaticEventSubscriber/LOADING]: Auto-subscribing com.tacz.guns.init.CompatRegistry to MOD
[01Feb2026 06:54:01.752] [modloading-worker-0/DEBUG] [net.minecraftforge.fml.javafmlmod.AutomaticEventSubscriber/LOADING]: Auto-subscribing com.tacz.guns.init.CommonRegistry to MOD
[01Feb2026 06:54:01.759] [modloading-worker-0/DEBUG] [net.minecraftforge.fml.javafmlmod.AutomaticEventSubscriber/LOADING]: Auto-subscribing com.tacz.guns.init.CommandRegistry to FORGE
[01Feb2026 06:54:01.762] [modloading-worker-0/DEBUG] [net.minecraftforge.fml.javafmlmod.AutomaticEventSubscriber/LOADING]: Auto-subscribing com.tacz.guns.init.CapabilityRegistry to MOD
[01Feb2026 06:54:01.764] [modloading-worker-0/DEBUG] [net.minecraftforge.fml.javafmlmod.AutomaticEventSubscriber/LOADING]: Auto-subscribing com.tacz.guns.event.TravelToDimensionEvent to FORGE
[01Feb2026 06:54:01.770] [modloading-worker-0/DEBUG] [net.minecraftforge.fml.javafmlmod.AutomaticEventSubscriber/LOADING]: Auto-subscribing com.tacz.guns.event.SyncedEntityDataEvent to FORGE
[01Feb2026 06:54:01.777] [modloading-worker-0/DEBUG] [net.minecraftforge.fml.javafmlmod.AutomaticEventSubscriber/LOADING]: Auto-subscribing com.tacz.guns.event.SyncBaseTimestamp to FORGE
[01Feb2026 06:54:01.777] [modloading-worker-0/DEBUG] [net.minecraftforge.fml.javafmlmod.AutomaticEventSubscriber/LOADING]: Attempting to inject @EventBusSubscriber classes into the eventbus for balm
[01Feb2026 06:54:01.778] [modloading-worker-0/DEBUG] [net.minecraftforge.fml.javafmlmod.AutomaticEventSubscriber/LOADING]: Auto-subscribing com.tacz.guns.event.ServerTickEvent to FORGE
[01Feb2026 06:54:01.778] [modloading-worker-0/DEBUG] [net.minecraftforge.fml.javafmlmod.AutomaticEventSubscriber/LOADING]: Auto-subscribing com.tacz.guns.event.PreventGunClick to FORGE
[01Feb2026 06:54:01.782] [modloading-worker-0/DEBUG] [net.minecraftforge.fml.javafmlmod.AutomaticEventSubscriber/LOADING]: Auto-subscribing com.tacz.guns.event.PlayerRespawnEvent to FORGE
[01Feb2026 06:54:01.785] [modloading-worker-0/DEBUG] [net.minecraftforge.fml.javafmlmod.AutomaticEventSubscriber/LOADING]: Auto-subscribing com.tacz.guns.event.LoadingConfigEvent to MOD
[01Feb2026 06:54:01.788] [modloading-worker-0/DEBUG] [net.minecraftforge.fml.javafmlmod.AutomaticEventSubscriber/LOADING]: Auto-subscribing com.tacz.guns.event.KnockbackChange to FORGE
[01Feb2026 06:54:01.792] [modloading-worker-0/DEBUG] [net.minecraftforge.fml.javafmlmod.AutomaticEventSubscriber/LOADING]: Auto-subscribing com.tacz.guns.event.HitboxHelperEvent to FORGE
[01Feb2026 06:54:01.800] [modloading-worker-0/DEBUG] [Carry On/]: Loaded tschipp.carryon.platform.ForgePlatformHelper@461cd606 for service interface tschipp.carryon.platform.services.IPlatformHelper
[01Feb2026 06:54:01.800] [modloading-worker-0/DEBUG] [net.minecraftforge.fml.javafmlmod.AutomaticEventSubscriber/LOADING]: Auto-subscribing com.tacz.guns.event.EntityDamageEvent to FORGE
[01Feb2026 06:54:01.801] [modloading-worker-0/DEBUG] [Carry On/]: Loaded tschipp.carryon.platform.ForgeGamestagesHelper@3eda268f for service interface tschipp.carryon.platform.services.IGamestagePlatformHelper
[01Feb2026 06:54:01.802] [modloading-worker-0/DEBUG] [net.minecraftforge.fml.javafmlmod.AutomaticEventSubscriber/LOADING]: Auto-subscribing com.tacz.guns.event.CommonLoadPack to MOD
[01Feb2026 06:54:01.802] [modloading-worker-0/DEBUG] [net.minecraftforge.fml.javafmlmod.AutomaticEventSubscriber/LOADING]: Auto-subscribing com.tacz.guns.event.ammo.DestroyGlassBlock to FORGE
[01Feb2026 06:54:01.809] [modloading-worker-0/DEBUG] [net.minecraftforge.fml.config.ConfigTracker/CONFIG]: Config file carryon-common.toml for carryon tracking
[01Feb2026 06:54:01.810] [modloading-worker-0/DEBUG] [net.minecraftforge.fml.config.ConfigTracker/CONFIG]: Config file carryon-client.toml for carryon tracking
[01Feb2026 06:54:01.810] [modloading-worker-0/DEBUG] [net.minecraftforge.fml.javafmlmod.AutomaticEventSubscriber/LOADING]: Attempting to inject @EventBusSubscriber classes into the eventbus for carryon
[01Feb2026 06:54:01.810] [modloading-worker-0/DEBUG] [net.minecraftforge.fml.javafmlmod.AutomaticEventSubscriber/LOADING]: Auto-subscribing tschipp.carryon.CarryOnForge to MOD
[01Feb2026 06:54:01.810] [modloading-worker-0/DEBUG] [net.minecraftforge.fml.javafmlmod.AutomaticEventSubscriber/LOADING]: Auto-subscribing tschipp.carryon.events.CommonEvents to FORGE
[01Feb2026 06:54:01.816] [modloading-worker-0/DEBUG] [net.minecraftforge.fml.javafmlmod.AutomaticEventSubscriber/LOADING]: Auto-subscribing com.tacz.guns.event.ammo.BellRing to FORGE
[01Feb2026 06:54:01.817] [modloading-worker-0/DEBUG] [net.minecraftforge.fml.javafmlmod.AutomaticEventSubscriber/LOADING]: Auto-subscribing com.tacz.guns.client.event.TooltipEvent to FORGE
[01Feb2026 06:54:01.820] [modloading-worker-0/DEBUG] [mixin/]: Mixing sbw.GunItemMixin from sona.mixins.json into com.atsuishio.superbwarfare.item.gun.GunItem
[01Feb2026 06:54:01.828] [modloading-worker-0/DEBUG] [net.minecraftforge.fml.javafmlmod.AutomaticEventSubscriber/LOADING]: Attempting to inject @EventBusSubscriber classes into the eventbus for memoryleakfix
[01Feb2026 06:54:01.831] [modloading-worker-0/DEBUG] [net.minecraftforge.fml.javafmlmod.AutomaticEventSubscriber/LOADING]: Auto-subscribing tschipp.carryon.events.ModBusEvents to MOD
[01Feb2026 06:54:01.837] [modloading-worker-0/DEBUG] [net.minecraftforge.fml.config.ConfigTracker/CONFIG]: Config file sona-common.toml for sona tracking
[01Feb2026 06:54:01.858] [modloading-worker-0/DEBUG] [net.minecraftforge.versions.forge.ForgeVersion/CORE]: Forge Version package package net.minecraftforge.versions.forge, Forge, version 47.4 from cpw.mods.modlauncher.TransformingClassLoader@72557746
[01Feb2026 06:54:01.858] [modloading-worker-0/DEBUG] [net.minecraftforge.versions.forge.ForgeVersion/CORE]: Found Forge version 47.4.10
[01Feb2026 06:54:01.858] [modloading-worker-0/DEBUG] [net.minecraftforge.versions.forge.ForgeVersion/CORE]: Found Forge spec 47.4
[01Feb2026 06:54:01.859] [modloading-worker-0/DEBUG] [net.minecraftforge.versions.forge.ForgeVersion/CORE]: Found Forge group net.minecraftforge
[01Feb2026 06:54:01.859] [modloading-worker-0/DEBUG] [net.minecraftforge.versions.mcp.MCPVersion/CORE]: MCP Version package package net.minecraftforge.versions.mcp, Minecraft, version 1.20.1 from cpw.mods.modlauncher.TransformingClassLoader@72557746
[01Feb2026 06:54:01.859] [modloading-worker-0/DEBUG] [net.minecraftforge.versions.mcp.MCPVersion/CORE]: Found MC version information 1.20.1
[01Feb2026 06:54:01.859] [modloading-worker-0/DEBUG] [net.minecraftforge.versions.mcp.MCPVersion/CORE]: Found MCP version information 20230612.114412
[01Feb2026 06:54:01.859] [modloading-worker-0/INFO] [net.minecraftforge.common.ForgeMod/FORGEMOD]: Forge mod loading, version 47.4.10, for MC 1.20.1 with MCP 20230612.114412
[01Feb2026 06:54:01.860] [modloading-worker-0/INFO] [net.minecraftforge.common.MinecraftForge/FORGE]: MinecraftForge v47.4.10 Initialized
[01Feb2026 06:54:01.861] [modloading-worker-0/DEBUG] [net.minecraftforge.fml.javafmlmod.AutomaticEventSubscriber/LOADING]: Attempting to inject @EventBusSubscriber classes into the eventbus for sophisticatedbackpacks
[01Feb2026 06:54:01.868] [modloading-worker-0/DEBUG] [net.minecraftforge.fml.config.ConfigTracker/CONFIG]: Config file zombiekit-common.toml for zombiekit tracking
[01Feb2026 06:54:01.894] [modloading-worker-0/DEBUG] [net.minecraftforge.fml.javafmlmod.AutomaticEventSubscriber/LOADING]: Attempting to inject @EventBusSubscriber classes into the eventbus for sona
[01Feb2026 06:54:01.894] [modloading-worker-0/DEBUG] [net.minecraftforge.fml.javafmlmod.AutomaticEventSubscriber/LOADING]: Auto-subscribing com.scarasol.sona.init.SonaEntities to MOD
[01Feb2026 06:54:01.895] [modloading-worker-0/DEBUG] [net.minecraftforge.fml.javafmlmod.AutomaticEventSubscriber/LOADING]: Auto-subscribing com.scarasol.sona.event.ManagerEventHandler to FORGE
[01Feb2026 06:54:01.908] [modloading-worker-0/DEBUG] [net.minecraftforge.fml.config.ConfigTracker/CONFIG]: Config file forge-client.toml for forge tracking
[01Feb2026 06:54:01.908] [modloading-worker-0/DEBUG] [net.minecraftforge.fml.config.ConfigTracker/CONFIG]: Config file forge-server.toml for forge tracking
[01Feb2026 06:54:01.908] [modloading-worker-0/DEBUG] [net.minecraftforge.fml.ModLoadingContext/]: Attempted to register an empty config for type COMMON on mod forge
[01Feb2026 06:54:01.930] [modloading-worker-0/DEBUG] [net.minecraftforge.fml.javafmlmod.AutomaticEventSubscriber/LOADING]: Attempting to inject @EventBusSubscriber classes into the eventbus for forge
[01Feb2026 06:54:01.931] [modloading-worker-0/DEBUG] [net.minecraftforge.fml.javafmlmod.AutomaticEventSubscriber/LOADING]: Auto-subscribing com.scarasol.sona.event.EffectEventHandler to FORGE
[01Feb2026 06:54:01.933] [modloading-worker-0/DEBUG] [net.minecraftforge.fml.javafmlmod.AutomaticEventSubscriber/LOADING]: Auto-subscribing net.minecraftforge.common.ForgeSpawnEggItem$CommonHandler to MOD
[01Feb2026 06:54:02.050] [modloading-worker-0/DEBUG] [net.minecraftforge.fml.javafmlmod.AutomaticEventSubscriber/LOADING]: Attempting to inject @EventBusSubscriber classes into the eventbus for chovys_apocalypse_mod
[01Feb2026 06:54:02.054] [modloading-worker-0/DEBUG] [net.minecraftforge.fml.javafmlmod.AutomaticEventSubscriber/LOADING]: Auto-subscribing chovysapocalypsemod.init.ChovysApocalypseModModTrades to FORGE
[01Feb2026 06:54:02.055] [modloading-worker-0/DEBUG] [net.minecraftforge.fml.javafmlmod.AutomaticEventSubscriber/LOADING]: Auto-subscribing chovysapocalypsemod.init.ChovysApocalypseModModTabs to MOD
[01Feb2026 06:54:02.056] [modloading-worker-0/DEBUG] [net.minecraftforge.fml.javafmlmod.AutomaticEventSubscriber/LOADING]: Auto-subscribing chovysapocalypsemod.init.ChovysApocalypseModModEntities to MOD
[01Feb2026 06:54:02.114] [modloading-worker-0/DEBUG] [net.minecraftforge.fml.javafmlmod.AutomaticEventSubscriber/LOADING]: Attempting to inject @EventBusSubscriber classes into the eventbus for zombiekit
[01Feb2026 06:54:02.117] [modloading-worker-0/DEBUG] [net.minecraftforge.fml.javafmlmod.AutomaticEventSubscriber/LOADING]: Auto-subscribing com.scarasol.zombiekit.init.ZombieKitSounds to MOD
[01Feb2026 06:54:02.117] [modloading-worker-0/DEBUG] [net.minecraftforge.fml.javafmlmod.AutomaticEventSubscriber/LOADING]: Auto-subscribing com.scarasol.zombiekit.init.ZombieKitEntities to MOD
[01Feb2026 06:54:02.118] [modloading-worker-0/DEBUG] [net.minecraftforge.fml.javafmlmod.AutomaticEventSubscriber/LOADING]: Auto-subscribing com.scarasol.zombiekit.event.EventHandler to FORGE
[01Feb2026 06:54:02.136] [modloading-worker-0/INFO] [NoChatReports/]: KONNICHIWA ZA WARUDO!
[01Feb2026 06:54:02.137] [modloading-worker-0/INFO] [NoChatReports/]: Default JVM text encoding is: UTF-8
[01Feb2026 06:54:02.142] [modloading-worker-0/INFO] [NoChatReports/]: Reading config file NoChatReports/NCR-Common.json...
[01Feb2026 06:54:02.144] [modloading-worker-0/INFO] [NoChatReports/]: Writing config file NoChatReports/NCR-Common.json...
[01Feb2026 06:54:02.147] [modloading-worker-0/DEBUG] [net.minecraftforge.fml.javafmlmod.AutomaticEventSubscriber/LOADING]: Attempting to inject @EventBusSubscriber classes into the eventbus for nochatreports
[01Feb2026 06:54:02.147] [modloading-worker-0/DEBUG] [net.minecraftforge.fml.javafmlmod.AutomaticEventSubscriber/LOADING]: Auto-subscribing com.aizistral.nochatreports.forge.NoChatReports$Events to FORGE
[01Feb2026 06:54:02.159] [modloading-worker-0/DEBUG] [net.minecraftforge.fml.javafmlmod.AutomaticEventSubscriber/LOADING]: Attempting to inject @EventBusSubscriber classes into the eventbus for jade
[01Feb2026 06:54:02.180] [modloading-worker-0/DEBUG] [net.minecraftforge.fml.javafmlmod.AutomaticEventSubscriber/LOADING]: Attempting to inject @EventBusSubscriber classes into the eventbus for chunky
[01Feb2026 06:54:02.196] [modloading-worker-0/DEBUG] [net.minecraftforge.fml.config.ConfigTracker/CONFIG]: Config file platform-client.toml for platform tracking
[01Feb2026 06:54:02.231] [modloading-worker-0/DEBUG] [mixin/]: Mixing access.LevelResourceAccessor from platform-common.mixins.json into net.minecraft.world.level.storage.LevelResource
[01Feb2026 06:54:02.239] [modloading-worker-0/DEBUG] [com.blackgear.platform.core.util.config.ConfigTracker/]: Loading configs type COMMON
[01Feb2026 06:54:02.247] [modloading-worker-0/DEBUG] [net.minecraftforge.fml.javafmlmod.AutomaticEventSubscriber/LOADING]: Attempting to inject @EventBusSubscriber classes into the eventbus for platform
[01Feb2026 06:54:02.250] [modloading-worker-0/DEBUG] [net.minecraftforge.fml.javafmlmod.AutomaticEventSubscriber/LOADING]: Auto-subscribing com.blackgear.platform.forge.ForgeCommonEvents to FORGE
[01Feb2026 06:54:02.263] [modloading-worker-0/DEBUG] [net.minecraftforge.fml.javafmlmod.AutomaticEventSubscriber/LOADING]: Auto-subscribing com.blackgear.platform.core.events.forge.ServerLifecycle to FORGE
[01Feb2026 06:54:02.266] [modloading-worker-0/DEBUG] [net.minecraftforge.fml.javafmlmod.AutomaticEventSubscriber/LOADING]: Auto-subscribing com.blackgear.platform.common.forge.CreativeTabsImpl to MOD
[01Feb2026 06:54:02.267] [modloading-worker-0/DEBUG] [net.minecraftforge.fml.javafmlmod.AutomaticEventSubscriber/LOADING]: Auto-subscribing com.blackgear.platform.common.data.forge.LootModifierImpl to FORGE
[01Feb2026 06:54:02.272] [modloading-worker-0/DEBUG] [mixin/]: Mixing LootTableMixin from balm.mixins.json into net.minecraft.world.level.storage.loot.LootTable
[01Feb2026 06:54:02.274] [modloading-worker-0/DEBUG] [mixin/]: Mixing LootTableMixin from sona.mixins.json into net.minecraft.world.level.storage.loot.LootTable
[01Feb2026 06:54:02.275] [modloading-worker-0/DEBUG] [mixin/]: Mixing LootTableMixin from platform.mixins.json into net.minecraft.world.level.storage.loot.LootTable
[01Feb2026 06:54:02.372] [modloading-worker-0/DEBUG] [net.minecraftforge.fml.javafmlmod.AutomaticEventSubscriber/LOADING]: Attempting to inject @EventBusSubscriber classes into the eventbus for superbwarfare
[01Feb2026 06:54:02.372] [modloading-worker-0/DEBUG] [net.minecraftforge.fml.javafmlmod.AutomaticEventSubscriber/LOADING]: Auto-subscribing com.atsuishio.superbwarfare.world.TDMSavedData to FORGE
[01Feb2026 06:54:02.374] [modloading-worker-0/DEBUG] [net.minecraftforge.fml.javafmlmod.AutomaticEventSubscriber/LOADING]: Auto-subscribing com.atsuishio.superbwarfare.tools.ResourceOnceLogger to MOD
[01Feb2026 06:54:02.382] [modloading-worker-0/DEBUG] [net.minecraftforge.fml.javafmlmod.AutomaticEventSubscriber/LOADING]: Auto-subscribing com.atsuishio.superbwarfare.tools.GunsTool to FORGE
[01Feb2026 06:54:02.383] [modloading-worker-0/DEBUG] [net.minecraftforge.fml.javafmlmod.AutomaticEventSubscriber/LOADING]: Auto-subscribing com.atsuishio.superbwarfare.recipe.ModPotionRecipes to MOD
[01Feb2026 06:54:02.384] [modloading-worker-0/DEBUG] [net.minecraftforge.fml.javafmlmod.AutomaticEventSubscriber/LOADING]: Auto-subscribing com.atsuishio.superbwarfare.procedures.WelcomeProcedure to MOD
[01Feb2026 06:54:02.385] [modloading-worker-0/DEBUG] [net.minecraftforge.fml.javafmlmod.AutomaticEventSubscriber/LOADING]: Auto-subscribing com.atsuishio.superbwarfare.perk.functional.PowerfulAttraction to FORGE
[01Feb2026 06:54:02.395] [modloading-worker-0/DEBUG] [net.minecraftforge.fml.javafmlmod.AutomaticEventSubscriber/LOADING]: Auto-subscribing com.atsuishio.superbwarfare.mobeffect.TraumaMobEffect to FORGE
[01Feb2026 06:54:02.400] [modloading-worker-0/DEBUG] [net.minecraftforge.fml.javafmlmod.AutomaticEventSubscriber/LOADING]: Auto-subscribing com.atsuishio.superbwarfare.mobeffect.ShockMobEffect to FORGE
[01Feb2026 06:54:02.404] [modloading-worker-0/DEBUG] [net.minecraftforge.fml.javafmlmod.AutomaticEventSubscriber/LOADING]: Auto-subscribing com.atsuishio.superbwarfare.mobeffect.BurnMobEffect to FORGE
[01Feb2026 06:54:02.405] [modloading-worker-0/DEBUG] [net.minecraftforge.fml.javafmlmod.AutomaticEventSubscriber/LOADING]: Auto-subscribing com.atsuishio.superbwarfare.menu.FuMO25Menu to FORGE
[01Feb2026 06:54:02.412] [modloading-worker-0/DEBUG] [net.minecraftforge.fml.javafmlmod.AutomaticEventSubscriber/LOADING]: Auto-subscribing com.atsuishio.superbwarfare.menu.EnergyMenu to FORGE
[01Feb2026 06:54:02.412] [modloading-worker-0/DEBUG] [net.minecraftforge.fml.javafmlmod.AutomaticEventSubscriber/LOADING]: Auto-subscribing com.atsuishio.superbwarfare.item.gun.GunItem to FORGE
[01Feb2026 06:54:02.421] [modloading-worker-0/DEBUG] [net.minecraftforge.fml.javafmlmod.AutomaticEventSubscriber/LOADING]: Auto-subscribing com.atsuishio.superbwarfare.item.gun.GunGeoItem to FORGE
[01Feb2026 06:54:02.421] [modloading-worker-0/DEBUG] [net.minecraftforge.fml.javafmlmod.AutomaticEventSubscriber/LOADING]: Auto-subscribing com.atsuishio.superbwarfare.item.common.container.ContainerBlockItem to MOD
[01Feb2026 06:54:02.426] [modloading-worker-0/DEBUG] [net.minecraftforge.fml.javafmlmod.AutomaticEventSubscriber/LOADING]: Auto-subscribing com.atsuishio.superbwarfare.item.Hammer to FORGE
[01Feb2026 06:54:02.427] [modloading-worker-0/DEBUG] [net.minecraftforge.fml.javafmlmod.AutomaticEventSubscriber/LOADING]: Auto-subscribing com.atsuishio.superbwarfare.init.ModVillagers to FORGE
[01Feb2026 06:54:02.428] [modloading-worker-0/DEBUG] [net.minecraftforge.fml.javafmlmod.AutomaticEventSubscriber/LOADING]: Auto-subscribing com.atsuishio.superbwarfare.init.ModTabs to MOD
[01Feb2026 06:54:02.431] [modloading-worker-0/DEBUG] [net.minecraftforge.fml.javafmlmod.AutomaticEventSubscriber/LOADING]: Auto-subscribing com.atsuishio.superbwarfare.init.ModPerks to MOD
[01Feb2026 06:54:02.431] [modloading-worker-0/DEBUG] [net.minecraftforge.fml.javafmlmod.AutomaticEventSubscriber/LOADING]: Auto-subscribing com.atsuishio.superbwarfare.init.ModLootModifier to MOD
[01Feb2026 06:54:02.434] [modloading-worker-0/DEBUG] [net.minecraftforge.fml.javafmlmod.AutomaticEventSubscriber/LOADING]: Auto-subscribing com.atsuishio.superbwarfare.init.ModEntities to MOD
[01Feb2026 06:54:02.438] [modloading-worker-0/DEBUG] [net.minecraftforge.fml.javafmlmod.AutomaticEventSubscriber/LOADING]: Auto-subscribing com.atsuishio.superbwarfare.init.ModAttributes to MOD
[01Feb2026 06:54:02.439] [modloading-worker-0/DEBUG] [net.minecraftforge.fml.javafmlmod.AutomaticEventSubscriber/LOADING]: Auto-subscribing com.atsuishio.superbwarfare.event.PlayerEventHandler to FORGE
[01Feb2026 06:54:02.443] [modloading-worker-0/DEBUG] [net.minecraftforge.fml.javafmlmod.AutomaticEventSubscriber/LOADING]: Auto-subscribing com.atsuishio.superbwarfare.event.LivingEventHandler to FORGE
[01Feb2026 06:54:02.455] [modloading-worker-0/DEBUG] [mixin/]: Mixing ExplosionMixin from mixins.superbwarfare.json into net.minecraft.world.level.Explosion
[01Feb2026 06:54:02.457] [modloading-worker-0/DEBUG] [mixin/]: Mixing common.ExplosionMixin from rottencreatures-common.mixins.json into net.minecraft.world.level.Explosion
[01Feb2026 06:54:02.468] [modloading-worker-0/DEBUG] [net.minecraftforge.fml.javafmlmod.AutomaticEventSubscriber/LOADING]: Auto-subscribing com.atsuishio.superbwarfare.event.HitboxHelperEventHandler to FORGE
[01Feb2026 06:54:02.469] [modloading-worker-0/DEBUG] [net.minecraftforge.fml.javafmlmod.AutomaticEventSubscriber/LOADING]: Auto-subscribing com.atsuishio.superbwarfare.event.GunEventHandler to FORGE
[01Feb2026 06:54:02.472] [modloading-worker-0/DEBUG] [net.minecraftforge.fml.javafmlmod.AutomaticEventSubscriber/LOADING]: Auto-subscribing com.atsuishio.superbwarfare.event.EntityUseGunEventHandler to FORGE
[01Feb2026 06:54:02.474] [modloading-worker-0/DEBUG] [net.minecraftforge.fml.javafmlmod.AutomaticEventSubscriber/LOADING]: Auto-subscribing com.atsuishio.superbwarfare.event.CustomEventHandler to FORGE
[01Feb2026 06:54:02.476] [modloading-worker-0/DEBUG] [net.minecraftforge.fml.javafmlmod.AutomaticEventSubscriber/LOADING]: Auto-subscribing com.atsuishio.superbwarfare.entity.TargetEntity to FORGE
[01Feb2026 06:54:02.488] [modloading-worker-0/DEBUG] [mixin/]: Mixing TargetingConditionsMixin from sona.mixins.json into net.minecraft.world.entity.ai.targeting.TargetingConditions
[01Feb2026 06:54:02.516] [modloading-worker-0/DEBUG] [net.minecraftforge.fml.javafmlmod.AutomaticEventSubscriber/LOADING]: Auto-subscribing com.atsuishio.superbwarfare.entity.SenpaiEntity to FORGE
[01Feb2026 06:54:02.520] [modloading-worker-0/DEBUG] [net.minecraftforge.fml.javafmlmod.AutomaticEventSubscriber/LOADING]: Auto-subscribing com.atsuishio.superbwarfare.entity.DPSGeneratorEntity to FORGE
[01Feb2026 06:54:02.521] [modloading-worker-0/DEBUG] [net.minecraftforge.fml.javafmlmod.AutomaticEventSubscriber/LOADING]: Auto-subscribing com.atsuishio.superbwarfare.datagen.DataGenerators to MOD
[01Feb2026 06:54:02.522] [modloading-worker-0/DEBUG] [net.minecraftforge.fml.javafmlmod.AutomaticEventSubscriber/LOADING]: Auto-subscribing com.atsuishio.superbwarfare.data.vehicle.VehicleDataTool to FORGE
[01Feb2026 06:54:02.527] [modloading-worker-0/DEBUG] [net.minecraftforge.fml.javafmlmod.AutomaticEventSubscriber/LOADING]: Auto-subscribing com.atsuishio.superbwarfare.data.container.ContainerDataManager to FORGE
[01Feb2026 06:54:02.531] [modloading-worker-0/DEBUG] [net.minecraftforge.fml.javafmlmod.AutomaticEventSubscriber/LOADING]: Auto-subscribing com.atsuishio.superbwarfare.data.DataLoader to FORGE
[01Feb2026 06:54:02.531] [modloading-worker-0/DEBUG] [net.minecraftforge.fml.javafmlmod.AutomaticEventSubscriber/LOADING]: Auto-subscribing com.atsuishio.superbwarfare.data.DataLoader$ClientReloadListener to MOD
[01Feb2026 06:54:02.532] [modloading-worker-0/DEBUG] [net.minecraftforge.fml.javafmlmod.AutomaticEventSubscriber/LOADING]: Auto-subscribing com.atsuishio.superbwarfare.compat.CompatHolder to MOD
[01Feb2026 06:54:02.533] [modloading-worker-0/DEBUG] [net.minecraftforge.fml.javafmlmod.AutomaticEventSubscriber/LOADING]: Auto-subscribing com.atsuishio.superbwarfare.command.CommandRegister to FORGE
[01Feb2026 06:54:02.534] [modloading-worker-0/DEBUG] [net.minecraftforge.fml.javafmlmod.AutomaticEventSubscriber/LOADING]: Auto-subscribing com.atsuishio.superbwarfare.capability.CapabilityHandler to FORGE
[01Feb2026 06:54:02.539] [modloading-worker-0/DEBUG] [net.minecraftforge.fml.javafmlmod.AutomaticEventSubscriber/LOADING]: Auto-subscribing com.atsuishio.superbwarfare.advancement.CriteriaRegister to MOD
[01Feb2026 06:54:02.542] [modloading-worker-0/INFO] [thedarkcolour.kotlinforforge.test.KotlinForForge/]: Kotlin For Forge Enabled!
[01Feb2026 06:54:02.543] [modloading-worker-0/DEBUG] [thedarkcolour.kotlinforforge.LoggerKt/LOADING]: Attempting to inject @EventBusSubscriber kotlin objects in to the event bus for kotlinforforge
[01Feb2026 06:54:02.546] [modloading-worker-0/INFO] [libIPN/]: [libIPN] libIPN - init in Kotlin
[01Feb2026 06:54:02.548] [modloading-worker-0/DEBUG] [net.minecraftforge.fml.config.ConfigTracker/CONFIG]: Config file rottencreatures-common.toml for rottencreatures tracking
[01Feb2026 06:54:02.552] [modloading-worker-0/DEBUG] [thedarkcolour.kotlinforforge.LoggerKt/LOADING]: Attempting to inject @EventBusSubscriber kotlin objects in to the event bus for libipn
[01Feb2026 06:54:02.569] [modloading-worker-0/DEBUG] [net.minecraftforge.fml.config.ConfigTracker/CONFIG]: Config file curios-client.toml for curios tracking
[01Feb2026 06:54:02.580] [modloading-worker-0/DEBUG] [net.minecraftforge.fml.config.ConfigTracker/CONFIG]: Config file curios-common.toml for curios tracking
[01Feb2026 06:54:02.580] [modloading-worker-0/DEBUG] [net.minecraftforge.fml.config.ConfigTracker/CONFIG]: Config file curios-server.toml for curios tracking
[01Feb2026 06:54:02.580] [modloading-worker-0/DEBUG] [net.minecraftforge.fml.javafmlmod.AutomaticEventSubscriber/LOADING]: Attempting to inject @EventBusSubscriber classes into the eventbus for curios
[01Feb2026 06:54:02.585] [modloading-worker-0/INFO] [Collective/]: Loading Collective version 8.13.
[01Feb2026 06:54:02.608] [modloading-worker-0/DEBUG] [xaero.hud.minimap.MinimapLogs/]: Loaded xaero.common.platform.services.ForgePlatformHelper@49c09c73 for service interface xaero.common.platform.services.IPlatformHelper
[01Feb2026 06:54:02.610] [modloading-worker-0/INFO] [xaero.common.HudMod/]: Registering common data for channel xaerominimap:main!
[01Feb2026 06:54:02.621] [modloading-worker-0/DEBUG] [net.minecraftforge.fml.javafmlmod.AutomaticEventSubscriber/LOADING]: Attempting to inject @EventBusSubscriber classes into the eventbus for collective
[01Feb2026 06:54:02.621] [modloading-worker-0/DEBUG] [net.minecraftforge.fml.javafmlmod.AutomaticEventSubscriber/LOADING]: Auto-subscribing com.natamus.collective.forge.events.RegisterCollectiveForgeEvents to FORGE
[01Feb2026 06:54:02.627] [modloading-worker-0/DEBUG] [net.minecraftforge.fml.config.ConfigTracker/CONFIG]: Config file sit-server.toml for sit tracking
[01Feb2026 06:54:02.627] [modloading-worker-0/DEBUG] [net.minecraftforge.fml.javafmlmod.AutomaticEventSubscriber/LOADING]: Attempting to inject @EventBusSubscriber classes into the eventbus for sit
[01Feb2026 06:54:02.627] [modloading-worker-0/DEBUG] [net.minecraftforge.fml.javafmlmod.AutomaticEventSubscriber/LOADING]: Auto-subscribing bl4ckscor3.mod.sit.SitHandler to FORGE
[01Feb2026 06:54:02.629] [modloading-worker-0/DEBUG] [net.minecraftforge.fml.javafmlmod.AutomaticEventSubscriber/LOADING]: Auto-subscribing bl4ckscor3.mod.sit.Sit to MOD
[01Feb2026 06:54:02.643] [modloading-worker-0/DEBUG] [net.minecraftforge.fml.ModLoadingContext/]: Attempted to register an empty config for type CLIENT on mod lostcities using file name lostcities/client.toml
[01Feb2026 06:54:02.643] [modloading-worker-0/DEBUG] [net.minecraftforge.fml.javafmlmod.AutomaticEventSubscriber/LOADING]: Attempting to inject @EventBusSubscriber classes into the eventbus for infectious
[01Feb2026 06:54:02.643] [modloading-worker-0/DEBUG] [net.minecraftforge.fml.javafmlmod.AutomaticEventSubscriber/LOADING]: Auto-subscribing net.mcreator.infectious.recipes.brewing.PotionOfInfectionRecipeBrewingRecipe to MOD
[01Feb2026 06:54:02.643] [modloading-worker-0/DEBUG] [net.minecraftforge.fml.config.ConfigTracker/CONFIG]: Config file lostcities/common.toml for lostcities tracking
[01Feb2026 06:54:02.644] [modloading-worker-0/DEBUG] [net.minecraftforge.fml.config.ConfigTracker/CONFIG]: Config file lostcities-server.toml for lostcities tracking
[01Feb2026 06:54:02.646] [modloading-worker-0/INFO] [lostcities/]: Creating standard profiles into 'config/lostcities/profiles'
[01Feb2026 06:54:02.644] [modloading-worker-0/DEBUG] [net.minecraftforge.fml.javafmlmod.AutomaticEventSubscriber/LOADING]: Auto-subscribing net.mcreator.infectious.procedures.ZombifiedWolfAttackProcedure to FORGE
[01Feb2026 06:54:02.673] [modloading-worker-0/DEBUG] [net.minecraftforge.fml.javafmlmod.AutomaticEventSubscriber/LOADING]: Auto-subscribing net.mcreator.infectious.procedures.ZombifiedRexAttackProcedure to FORGE
[01Feb2026 06:54:02.675] [modloading-worker-0/DEBUG] [net.minecraftforge.fml.javafmlmod.AutomaticEventSubscriber/LOADING]: Auto-subscribing net.mcreator.infectious.procedures.ZombieMinerSpawnAngerProcedure to FORGE
[01Feb2026 06:54:02.676] [modloading-worker-0/DEBUG] [net.minecraftforge.fml.javafmlmod.AutomaticEventSubscriber/LOADING]: Auto-subscribing net.mcreator.infectious.procedures.ZombieMinerAngerProcedure to FORGE
[01Feb2026 06:54:02.677] [modloading-worker-0/DEBUG] [net.minecraftforge.fml.javafmlmod.AutomaticEventSubscriber/LOADING]: Auto-subscribing net.mcreator.infectious.procedures.ZombieInfectsProcedure to FORGE
[01Feb2026 06:54:02.678] [modloading-worker-0/DEBUG] [net.minecraftforge.fml.javafmlmod.AutomaticEventSubscriber/LOADING]: Auto-subscribing net.mcreator.infectious.procedures.ZombieDiesProcedure to FORGE
[01Feb2026 06:54:02.679] [modloading-worker-0/DEBUG] [net.minecraftforge.fml.javafmlmod.AutomaticEventSubscriber/LOADING]: Auto-subscribing net.mcreator.infectious.procedures.ZombieBomberAngerProcedure to FORGE
[01Feb2026 06:54:02.684] [modloading-worker-0/DEBUG] [net.minecraftforge.fml.javafmlmod.AutomaticEventSubscriber/LOADING]: Auto-subscribing net.mcreator.infectious.procedures.ZombieAttackProcedure to FORGE
[01Feb2026 06:54:02.687] [modloading-worker-0/DEBUG] [net.minecraftforge.fml.javafmlmod.AutomaticEventSubscriber/LOADING]: Auto-subscribing net.mcreator.infectious.procedures.ScreamerAngerProcedure to FORGE
[01Feb2026 06:54:02.691] [modloading-worker-0/DEBUG] [net.minecraftforge.fml.javafmlmod.AutomaticEventSubscriber/LOADING]: Auto-subscribing net.mcreator.infectious.procedures.SWATZombieAngerProcedure to FORGE
[01Feb2026 06:54:02.692] [modloading-worker-0/DEBUG] [net.minecraftforge.fml.javafmlmod.AutomaticEventSubscriber/LOADING]: Auto-subscribing net.mcreator.infectious.procedures.PsychoZombieAngerProcedure to FORGE
[01Feb2026 06:54:02.693] [modloading-worker-0/DEBUG] [net.minecraftforge.fml.javafmlmod.AutomaticEventSubscriber/LOADING]: Auto-subscribing net.mcreator.infectious.procedures.PlayerEatsInfectedFleshProcedure to FORGE
[01Feb2026 06:54:02.694] [modloading-worker-0/DEBUG] [net.minecraftforge.fml.javafmlmod.AutomaticEventSubscriber/LOADING]: Auto-subscribing net.mcreator.infectious.procedures.PlayerDiesWithInfectionProcedure to FORGE
[01Feb2026 06:54:02.700] [modloading-worker-0/INFO] [xaero.common.HudMod/]: Loading primary common config for channel xaerominimap:main!
[01Feb2026 06:54:02.702] [modloading-worker-0/DEBUG] [net.minecraftforge.fml.javafmlmod.AutomaticEventSubscriber/LOADING]: Auto-subscribing net.mcreator.infectious.procedures.MaggotZombieAngerProcedure to FORGE
[01Feb2026 06:54:02.704] [modloading-worker-0/INFO] [xaero.common.HudMod/]: Loading server config profiles for channel xaerominimap:main!
[01Feb2026 06:54:02.716] [modloading-worker-0/INFO] [lostcities/]: Reading existing profiles from 'config/lostcities/profiles'
[01Feb2026 06:54:02.720] [modloading-worker-0/DEBUG] [net.minecraftforge.fml.javafmlmod.AutomaticEventSubscriber/LOADING]: Attempting to inject @EventBusSubscriber classes into the eventbus for rottencreatures
[01Feb2026 06:54:02.724] [modloading-worker-0/DEBUG] [net.minecraftforge.fml.javafmlmod.AutomaticEventSubscriber/LOADING]: Auto-subscribing net.mcreator.infectious.procedures.LumberjackZombieAngerProcedure to FORGE
[01Feb2026 06:54:02.725] [modloading-worker-0/DEBUG] [net.minecraftforge.fml.javafmlmod.AutomaticEventSubscriber/LOADING]: Auto-subscribing net.mcreator.infectious.procedures.JetpackJumpResetProcedure to FORGE
[01Feb2026 06:54:02.726] [modloading-worker-0/DEBUG] [net.minecraftforge.fml.javafmlmod.AutomaticEventSubscriber/LOADING]: Auto-subscribing net.mcreator.infectious.procedures.HazmatSuitArmorEffectProcedure to FORGE
[01Feb2026 06:54:02.727] [modloading-worker-0/DEBUG] [net.minecraftforge.fml.javafmlmod.AutomaticEventSubscriber/LOADING]: Auto-subscribing net.mcreator.infectious.procedures.GiveRecipeProcedure to FORGE
[01Feb2026 06:54:02.728] [modloading-worker-0/DEBUG] [net.minecraftforge.fml.javafmlmod.AutomaticEventSubscriber/LOADING]: Attempting to inject @EventBusSubscriber classes into the eventbus for xaerominimap
[01Feb2026 06:54:02.733] [modloading-worker-0/DEBUG] [net.minecraftforge.fml.javafmlmod.AutomaticEventSubscriber/LOADING]: Auto-subscribing net.mcreator.infectious.procedures.GiantZombieAngerProcedure to FORGE
[01Feb2026 06:54:02.734] [modloading-worker-0/DEBUG] [net.minecraftforge.fml.javafmlmod.AutomaticEventSubscriber/LOADING]: Auto-subscribing net.mcreator.infectious.procedures.GiantAttackProcedure to FORGE
[01Feb2026 06:54:02.735] [modloading-worker-0/DEBUG] [net.minecraftforge.fml.javafmlmod.AutomaticEventSubscriber/LOADING]: Auto-subscribing net.mcreator.infectious.procedures.DoomZombieAngerProcedure to FORGE
[01Feb2026 06:54:02.736] [modloading-worker-0/DEBUG] [net.minecraftforge.fml.javafmlmod.AutomaticEventSubscriber/LOADING]: Auto-subscribing net.mcreator.infectious.procedures.DiscoZombieAngerProcedure to FORGE
[01Feb2026 06:54:02.737] [modloading-worker-0/DEBUG] [net.minecraftforge.fml.javafmlmod.AutomaticEventSubscriber/LOADING]: Auto-subscribing net.mcreator.infectious.procedures.BurningZombieAttackProcedure to FORGE
[01Feb2026 06:54:02.740] [modloading-worker-0/DEBUG] [net.minecraftforge.fml.javafmlmod.AutomaticEventSubscriber/LOADING]: Auto-subscribing net.mcreator.infectious.procedures.BeekeeperZombieAngerProcedure to FORGE
[01Feb2026 06:54:02.741] [modloading-worker-0/DEBUG] [net.minecraftforge.fml.javafmlmod.AutomaticEventSubscriber/LOADING]: Auto-subscribing net.mcreator.infectious.procedures.AstroZombieAngerProcedure to FORGE
[01Feb2026 06:54:02.744] [modloading-worker-0/DEBUG] [net.minecraftforge.fml.javafmlmod.AutomaticEventSubscriber/LOADING]: Auto-subscribing net.mcreator.infectious.procedures.AncientZombieBossAttacksProcedure to FORGE
[01Feb2026 06:54:02.752] [modloading-worker-0/INFO] [Inventory Profiles Next/]: [Inventory Profiles Next] Inventory Profiles Next - init in Kotlin
[01Feb2026 06:54:02.753] [modloading-worker-0/DEBUG] [thedarkcolour.kotlinforforge.LoggerKt/LOADING]: Attempting to inject @EventBusSubscriber kotlin objects in to the event bus for inventoryprofilesnext
[01Feb2026 06:54:02.754] [modloading-worker-0/DEBUG] [net.minecraftforge.fml.javafmlmod.AutomaticEventSubscriber/LOADING]: Auto-subscribing net.mcreator.infectious.network.JetpackJumpMessage to MOD
[01Feb2026 06:54:02.755] [modloading-worker-0/DEBUG] [net.minecraftforge.fml.javafmlmod.AutomaticEventSubscriber/LOADING]: Auto-subscribing net.mcreator.infectious.network.InfectiousModVariables to MOD
[01Feb2026 06:54:02.759] [modloading-worker-0/DEBUG] [net.minecraftforge.fml.javafmlmod.AutomaticEventSubscriber/LOADING]: Attempting to inject @EventBusSubscriber classes into the eventbus for lostcities
[01Feb2026 06:54:02.759] [modloading-worker-0/DEBUG] [net.minecraftforge.fml.javafmlmod.AutomaticEventSubscriber/LOADING]: Auto-subscribing mcjty.lostcities.datagen.DataGenerators to MOD
[01Feb2026 06:54:02.760] [modloading-worker-0/DEBUG] [net.minecraftforge.fml.javafmlmod.AutomaticEventSubscriber/LOADING]: Auto-subscribing mcjty.lostcities.LostCities to MOD
[01Feb2026 06:54:02.762] [modloading-worker-0/DEBUG] [net.minecraftforge.fml.javafmlmod.AutomaticEventSubscriber/LOADING]: Auto-subscribing net.mcreator.infectious.network.InfectiousModVariables$PlayerVariablesProvider to FORGE
[01Feb2026 06:54:02.765] [modloading-worker-0/DEBUG] [net.minecraftforge.fml.javafmlmod.AutomaticEventSubscriber/LOADING]: Auto-subscribing net.mcreator.infectious.network.InfectiousModVariables$EventBusVariableHandlers to FORGE
[01Feb2026 06:54:02.767] [modloading-worker-0/DEBUG] [net.minecraftforge.fml.javafmlmod.AutomaticEventSubscriber/LOADING]: Auto-subscribing net.mcreator.infectious.init.InfectiousModVillagerProfessions to MOD
[01Feb2026 06:54:02.768] [modloading-worker-0/DEBUG] [net.minecraftforge.fml.javafmlmod.AutomaticEventSubscriber/LOADING]: Auto-subscribing net.mcreator.infectious.init.InfectiousModTrades to FORGE
[01Feb2026 06:54:02.771] [modloading-worker-0/DEBUG] [net.minecraftforge.fml.javafmlmod.AutomaticEventSubscriber/LOADING]: Auto-subscribing net.mcreator.infectious.init.InfectiousModGameRules to MOD
[01Feb2026 06:54:02.789] [modloading-worker-0/DEBUG] [net.minecraftforge.fml.javafmlmod.AutomaticEventSubscriber/LOADING]: Auto-subscribing net.mcreator.infectious.init.InfectiousModEntities to MOD
[01Feb2026 06:54:02.790] [modloading-worker-0/DEBUG] [net.minecraftforge.fml.javafmlmod.AutomaticEventSubscriber/LOADING]: Auto-subscribing net.mcreator.infectious.init.EntityAnimationFactory to FORGE
[01Feb2026 06:54:02.797] [modloading-worker-0/DEBUG] [net.minecraftforge.fml.config.ConfigTracker/CONFIG]: Config file appleskin-client.toml for appleskin tracking
[01Feb2026 06:54:02.806] [modloading-worker-0/DEBUG] [net.minecraftforge.fml.javafmlmod.AutomaticEventSubscriber/LOADING]: Attempting to inject @EventBusSubscriber classes into the eventbus for appleskin
[01Feb2026 06:54:02.807] [modloading-worker-0/DEBUG] [net.minecraftforge.fml.javafmlmod.AutomaticEventSubscriber/LOADING]: Attempting to inject @EventBusSubscriber classes into the eventbus for ferritecore
[01Feb2026 06:54:02.808] [modloading-worker-0/DEBUG] [net.minecraftforge.fml.javafmlmod.AutomaticEventSubscriber/LOADING]: Attempting to inject @EventBusSubscriber classes into the eventbus for jadeaddons
[01Feb2026 06:54:02.823] [modloading-worker-0/DEBUG] [net.minecraftforge.fml.javafmlmod.AutomaticEventSubscriber/LOADING]: Attempting to inject @EventBusSubscriber classes into the eventbus for automobility
[01Feb2026 06:54:02.823] [modloading-worker-0/DEBUG] [net.minecraftforge.fml.javafmlmod.AutomaticEventSubscriber/LOADING]: Auto-subscribing io.github.foundationgames.automobility.forge.AutomobilityForge to MOD
[01Feb2026 06:54:02.824] [modloading-worker-0/DEBUG] [net.minecraftforge.fml.javafmlmod.AutomaticEventSubscriber/LOADING]: Attempting to inject @EventBusSubscriber classes into the eventbus for zombie_variants
[01Feb2026 06:54:02.825] [modloading-worker-0/DEBUG] [net.minecraftforge.fml.javafmlmod.AutomaticEventSubscriber/LOADING]: Auto-subscribing com.zv.forge.EventHandler to MOD
[01Feb2026 06:54:02.825] [modloading-worker-0/DEBUG] [net.minecraftforge.fml.javafmlmod.AutomaticEventSubscriber/LOADING]: Attempting to inject @EventBusSubscriber classes into the eventbus for architectury
[01Feb2026 06:54:02.825] [modloading-worker-0/DEBUG] [net.minecraftforge.fml.javafmlmod.AutomaticEventSubscriber/LOADING]: Auto-subscribing dev.architectury.registry.level.entity.trade.forge.TradeRegistryImpl to FORGE
[01Feb2026 06:54:02.826] [modloading-worker-0/DEBUG] [net.minecraftforge.fml.javafmlmod.AutomaticEventSubscriber/LOADING]: Auto-subscribing dev.architectury.registry.forge.ReloadListenerRegistryImpl to FORGE
[01Feb2026 06:54:02.830] [modloading-worker-0/DEBUG] [net.minecraftforge.fml.javafmlmod.AutomaticEventSubscriber/LOADING]: Auto-subscribing dev.architectury.networking.forge.NetworkManagerImpl to FORGE
[01Feb2026 06:54:02.840] [modloading-worker-0/INFO] [dev.architectury.networking.forge.NetworkManagerImpl/]: Registering C2S receiver with id architectury:sync_ids
[01Feb2026 06:54:02.842] [modloading-worker-0/DEBUG] [SkinRestorer/]: Loaded net.lionarius.skinrestorer.forge.platform.ForgePlatformHelper@464f2ad6 for service interface net.lionarius.skinrestorer.platform.services.PlatformHelper
[01Feb2026 06:54:02.844] [modloading-worker-0/DEBUG] [net.minecraftforge.fml.javafmlmod.AutomaticEventSubscriber/LOADING]: Attempting to inject @EventBusSubscriber classes into the eventbus for simply_traps
[01Feb2026 06:54:02.844] [modloading-worker-0/DEBUG] [SkinRestorer/]: Loaded net.lionarius.skinrestorer.forge.platform.ForgeCompatibilityHelper@2c214bb7 for service interface net.lionarius.skinrestorer.platform.services.CompatibilityHelper
[01Feb2026 06:54:02.845] [modloading-worker-0/DEBUG] [net.minecraftforge.fml.javafmlmod.AutomaticEventSubscriber/LOADING]: Auto-subscribing net.mcreator.simplytraps.init.SimplyTrapsModConfigs to MOD
[01Feb2026 06:54:02.869] [modloading-worker-0/DEBUG] [net.minecraftforge.fml.javafmlmod.AutomaticEventSubscriber/LOADING]: Attempting to inject @EventBusSubscriber classes into the eventbus for fallingtree
[01Feb2026 06:54:03.047] [modloading-worker-0/DEBUG] [mixin/]: Mixing GameProfileCacheAccessor from skinrestorer.mixins.json into net.minecraft.server.players.GameProfileCache
[01Feb2026 06:54:03.102] [modloading-worker-0/DEBUG] [net.minecraftforge.fml.javafmlmod.AutomaticEventSubscriber/LOADING]: Attempting to inject @EventBusSubscriber classes into the eventbus for skinrestorer
[01Feb2026 06:54:03.102] [modloading-worker-0/DEBUG] [net.minecraftforge.fml.javafmlmod.AutomaticEventSubscriber/LOADING]: Auto-subscribing net.lionarius.skinrestorer.forge.SkinRestorerForge to FORGE
[01Feb2026 06:54:03.104] [main/DEBUG] [net.minecraftforge.fml.DeferredWorkQueue/LOADING]: Dispatching synchronous work for work queue CONSTRUCT: 4 jobs
[01Feb2026 06:54:03.107] [main/DEBUG] [net.minecraftforge.fml.config.ConfigTracker/CONFIG]: Config file simplytraps.toml for simply_traps tracking
[01Feb2026 06:54:03.108] [main/DEBUG] [net.minecraftforge.fml.DeferredWorkQueue/LOADING]: Synchronous work queue completed in 2.810 ms
[01Feb2026 06:54:03.311] [main/DEBUG] [net.minecraftforge.common.capabilities.CapabilityManager/CAPABILITIES]: Attempting to automatically register: Lcom/atsuishio/superbwarfare/capability/player/PlayerVariable;
[01Feb2026 06:54:03.311] [main/DEBUG] [net.minecraftforge.common.capabilities.CapabilityManager/CAPABILITIES]: Attempting to automatically register: Lnet/minecraftforge/energy/IEnergyStorage;
[01Feb2026 06:54:03.312] [main/DEBUG] [net.minecraftforge.common.capabilities.CapabilityManager/CAPABILITIES]: Attempting to automatically register: Lnet/minecraftforge/fluids/capability/IFluidHandler;
[01Feb2026 06:54:03.312] [main/DEBUG] [net.minecraftforge.common.capabilities.CapabilityManager/CAPABILITIES]: Attempting to automatically register: Lnet/minecraftforge/fluids/capability/IFluidHandlerItem;
[01Feb2026 06:54:03.312] [main/DEBUG] [net.minecraftforge.common.capabilities.CapabilityManager/CAPABILITIES]: Attempting to automatically register: Lnet/minecraftforge/items/IItemHandler;
[01Feb2026 06:54:04.313] [main/DEBUG] [net.minecraftforge.registries.ObjectHolderRef/]: Unable to lookup virtuarealcraft:curse_flame for public static net.minecraft.world.effect.MobEffect com.atsuishio.superbwarfare.compat.CompatHolder.VRC_CURSE_FLAME. This means the object wasn't registered. It's likely just mod options.
[01Feb2026 06:54:04.356] [main/DEBUG] [software.bernie.geckolib.GeckoLib/]: Registered SyncedAnimatable for class com.atsuishio.superbwarfare.item.gun.special.RepairToolItem
[01Feb2026 06:54:04.356] [main/DEBUG] [software.bernie.geckolib.GeckoLib/]: Registered SyncedAnimatable for class com.atsuishio.superbwarfare.item.gun.special.TaserItem
[01Feb2026 06:54:04.357] [main/DEBUG] [software.bernie.geckolib.GeckoLib/]: Registered SyncedAnimatable for class com.atsuishio.superbwarfare.item.gun.handgun.Glock17Item
[01Feb2026 06:54:04.357] [main/DEBUG] [software.bernie.geckolib.GeckoLib/]: Registered SyncedAnimatable for class com.atsuishio.superbwarfare.item.gun.handgun.Glock18Item
[01Feb2026 06:54:04.357] [main/DEBUG] [software.bernie.geckolib.GeckoLib/]: Registered SyncedAnimatable for class com.atsuishio.superbwarfare.item.gun.handgun.Mp443Item
[01Feb2026 06:54:04.357] [main/DEBUG] [software.bernie.geckolib.GeckoLib/]: Registered SyncedAnimatable for class com.atsuishio.superbwarfare.item.gun.handgun.M1911Item
[01Feb2026 06:54:04.358] [main/DEBUG] [software.bernie.geckolib.GeckoLib/]: Registered SyncedAnimatable for class com.atsuishio.superbwarfare.item.gun.shotgun.HomemadeShotgunItem
[01Feb2026 06:54:04.358] [main/DEBUG] [software.bernie.geckolib.GeckoLib/]: Registered SyncedAnimatable for class com.atsuishio.superbwarfare.item.gun.handgun.TracheliumItem
[01Feb2026 06:54:04.358] [main/DEBUG] [software.bernie.geckolib.GeckoLib/]: Registered SyncedAnimatable for class com.atsuishio.superbwarfare.item.gun.smg.Mp5Item
[01Feb2026 06:54:04.358] [main/DEBUG] [software.bernie.geckolib.GeckoLib/]: Registered SyncedAnimatable for class com.atsuishio.superbwarfare.item.gun.smg.VectorItem
[01Feb2026 06:54:04.358] [main/DEBUG] [software.bernie.geckolib.GeckoLib/]: Registered SyncedAnimatable for class com.atsuishio.superbwarfare.item.gun.rifle.AK47Item
[01Feb2026 06:54:04.358] [main/DEBUG] [software.bernie.geckolib.GeckoLib/]: Registered SyncedAnimatable for class com.atsuishio.superbwarfare.item.gun.rifle.AK12Item
[01Feb2026 06:54:04.359] [main/DEBUG] [software.bernie.geckolib.GeckoLib/]: Registered SyncedAnimatable for class com.atsuishio.superbwarfare.item.gun.rifle.SksItem
[01Feb2026 06:54:04.359] [main/DEBUG] [software.bernie.geckolib.GeckoLib/]: Registered SyncedAnimatable for class com.atsuishio.superbwarfare.item.gun.rifle.M4Item
[01Feb2026 06:54:04.359] [main/DEBUG] [software.bernie.geckolib.GeckoLib/]: Registered SyncedAnimatable for class com.atsuishio.superbwarfare.item.gun.rifle.Hk416Item
[01Feb2026 06:54:04.359] [main/DEBUG] [software.bernie.geckolib.GeckoLib/]: Registered SyncedAnimatable for class com.atsuishio.superbwarfare.item.gun.rifle.Qbz95Item
[01Feb2026 06:54:04.359] [main/DEBUG] [software.bernie.geckolib.GeckoLib/]: Registered SyncedAnimatable for class com.atsuishio.superbwarfare.item.gun.rifle.Qbz191Item
[01Feb2026 06:54:04.360] [main/DEBUG] [software.bernie.geckolib.GeckoLib/]: Registered SyncedAnimatable for class com.atsuishio.superbwarfare.item.gun.rifle.InsidiousItem
[01Feb2026 06:54:04.360] [main/DEBUG] [software.bernie.geckolib.GeckoLib/]: Registered SyncedAnimatable for class com.atsuishio.superbwarfare.item.gun.rifle.Mk14Item
[01Feb2026 06:54:04.360] [main/DEBUG] [software.bernie.geckolib.GeckoLib/]: Registered SyncedAnimatable for class com.atsuishio.superbwarfare.item.gun.sniper.Ql1031Item
[01Feb2026 06:54:04.360] [main/DEBUG] [software.bernie.geckolib.GeckoLib/]: Registered SyncedAnimatable for class com.atsuishio.superbwarfare.item.gun.rifle.MarlinItem
[01Feb2026 06:54:04.360] [main/DEBUG] [software.bernie.geckolib.GeckoLib/]: Registered SyncedAnimatable for class com.atsuishio.superbwarfare.item.gun.sniper.K98Item
[01Feb2026 06:54:04.361] [main/DEBUG] [software.bernie.geckolib.GeckoLib/]: Registered SyncedAnimatable for class com.atsuishio.superbwarfare.item.gun.sniper.MosinNagantItem
[01Feb2026 06:54:04.361] [main/DEBUG] [software.bernie.geckolib.GeckoLib/]: Registered SyncedAnimatable for class com.atsuishio.superbwarfare.item.gun.sniper.SvdItem
[01Feb2026 06:54:04.361] [main/DEBUG] [software.bernie.geckolib.GeckoLib/]: Registered SyncedAnimatable for class com.atsuishio.superbwarfare.item.gun.sniper.AwmItem
[01Feb2026 06:54:04.361] [main/DEBUG] [software.bernie.geckolib.GeckoLib/]: Registered SyncedAnimatable for class com.atsuishio.superbwarfare.item.gun.sniper.M98bItem
[01Feb2026 06:54:04.362] [main/DEBUG] [software.bernie.geckolib.GeckoLib/]: Registered SyncedAnimatable for class com.atsuishio.superbwarfare.item.gun.sniper.SentinelItem
[01Feb2026 06:54:04.362] [main/DEBUG] [software.bernie.geckolib.GeckoLib/]: Registered SyncedAnimatable for class com.atsuishio.superbwarfare.item.gun.sniper.HuntingRifleItem
[01Feb2026 06:54:04.362] [main/DEBUG] [software.bernie.geckolib.GeckoLib/]: Registered SyncedAnimatable for class com.atsuishio.superbwarfare.item.gun.sniper.Ntw20Item
[01Feb2026 06:54:04.362] [main/DEBUG] [software.bernie.geckolib.GeckoLib/]: Registered SyncedAnimatable for class com.atsuishio.superbwarfare.item.gun.shotgun.M870Item
[01Feb2026 06:54:04.362] [main/DEBUG] [software.bernie.geckolib.GeckoLib/]: Registered SyncedAnimatable for class com.atsuishio.superbwarfare.item.gun.shotgun.Aa12Item
[01Feb2026 06:54:04.362] [main/DEBUG] [software.bernie.geckolib.GeckoLib/]: Registered SyncedAnimatable for class com.atsuishio.superbwarfare.item.gun.machinegun.DevotionItem
[01Feb2026 06:54:04.362] [main/DEBUG] [software.bernie.geckolib.GeckoLib/]: Registered SyncedAnimatable for class com.atsuishio.superbwarfare.item.gun.machinegun.RpkItem
[01Feb2026 06:54:04.362] [main/DEBUG] [software.bernie.geckolib.GeckoLib/]: Registered SyncedAnimatable for class com.atsuishio.superbwarfare.item.gun.machinegun.M60Item
[01Feb2026 06:54:04.363] [main/DEBUG] [software.bernie.geckolib.GeckoLib/]: Registered SyncedAnimatable for class com.atsuishio.superbwarfare.item.gun.machinegun.M2HBItem
[01Feb2026 06:54:04.363] [main/DEBUG] [software.bernie.geckolib.GeckoLib/]: Registered SyncedAnimatable for class com.atsuishio.superbwarfare.item.gun.machinegun.MinigunItem
[01Feb2026 06:54:04.363] [main/DEBUG] [software.bernie.geckolib.GeckoLib/]: Registered SyncedAnimatable for class com.atsuishio.superbwarfare.item.gun.launcher.M79Item
[01Feb2026 06:54:04.363] [main/DEBUG] [software.bernie.geckolib.GeckoLib/]: Registered SyncedAnimatable for class com.atsuishio.superbwarfare.item.gun.launcher.SecondaryCataclysmItem
[01Feb2026 06:54:04.363] [main/DEBUG] [software.bernie.geckolib.GeckoLib/]: Registered SyncedAnimatable for class com.atsuishio.superbwarfare.item.gun.launcher.RpgItem
[01Feb2026 06:54:04.364] [main/DEBUG] [software.bernie.geckolib.GeckoLib/]: Registered SyncedAnimatable for class com.atsuishio.superbwarfare.item.gun.launcher.JavelinItem
[01Feb2026 06:54:04.364] [main/DEBUG] [software.bernie.geckolib.GeckoLib/]: Registered SyncedAnimatable for class com.atsuishio.superbwarfare.item.gun.launcher.IglaItem
[01Feb2026 06:54:04.364] [main/DEBUG] [software.bernie.geckolib.GeckoLib/]: Registered SyncedAnimatable for class com.atsuishio.superbwarfare.item.gun.handgun.AureliaSceptreItem
[01Feb2026 06:54:04.364] [main/DEBUG] [software.bernie.geckolib.GeckoLib/]: Registered SyncedAnimatable for class com.atsuishio.superbwarfare.item.gun.special.BocekItem
[01Feb2026 06:54:04.377] [main/DEBUG] [software.bernie.geckolib.GeckoLib/]: Registered SyncedAnimatable for class com.scarasol.zombiekit.item.weapon.Flamethrower
[01Feb2026 06:54:04.477] [main/DEBUG] [dev.architectury.core.item.ArchitecturySpawnEggItem/]: Registering spawn egg badlands_zombie_spawn_egg for zombie_variants:badlands_zombie
[01Feb2026 06:54:04.478] [main/DEBUG] [dev.architectury.core.item.ArchitecturySpawnEggItem/]: Registering spawn egg bamboo_zombie_spawn_egg for zombie_variants:bamboo_zombie
[01Feb2026 06:54:04.478] [main/DEBUG] [dev.architectury.core.item.ArchitecturySpawnEggItem/]: Registering spawn egg cave_zombie_spawn_egg for zombie_variants:cave_zombie
[01Feb2026 06:54:04.479] [main/DEBUG] [dev.architectury.core.item.ArchitecturySpawnEggItem/]: Registering spawn egg cherry_zombie_spawn_egg for zombie_variants:cherry_zombie
[01Feb2026 06:54:04.479] [main/DEBUG] [dev.architectury.core.item.ArchitecturySpawnEggItem/]: Registering spawn egg deep_dark_zombie_spawn_egg for zombie_variants:deep_dark_zombie
[01Feb2026 06:54:04.480] [main/DEBUG] [dev.architectury.core.item.ArchitecturySpawnEggItem/]: Registering spawn egg desert_zombie_spawn_egg for zombie_variants:desert_zombie
[01Feb2026 06:54:04.480] [main/DEBUG] [dev.architectury.core.item.ArchitecturySpawnEggItem/]: Registering spawn egg dripstone_zombie_spawn_egg for zombie_variants:dripstone_zombie
[01Feb2026 06:54:04.480] [main/DEBUG] [dev.architectury.core.item.ArchitecturySpawnEggItem/]: Registering spawn egg frozen_zombie_spawn_egg for zombie_variants:frozen_zombie
[01Feb2026 06:54:04.481] [main/DEBUG] [dev.architectury.core.item.ArchitecturySpawnEggItem/]: Registering spawn egg jungle_zombie_spawn_egg for zombie_variants:jungle_zombie
[01Feb2026 06:54:04.481] [main/DEBUG] [dev.architectury.core.item.ArchitecturySpawnEggItem/]: Registering spawn egg lush_zombie_spawn_egg for zombie_variants:lush_zombie
[01Feb2026 06:54:04.481] [main/DEBUG] [dev.architectury.core.item.ArchitecturySpawnEggItem/]: Registering spawn egg mangrove_zombie_spawn_egg for zombie_variants:mangrove_zombie
[01Feb2026 06:54:04.482] [main/DEBUG] [dev.architectury.core.item.ArchitecturySpawnEggItem/]: Registering spawn egg pale_garden_zombie_spawn_egg for zombie_variants:pale_garden_zombie
[01Feb2026 06:54:04.482] [main/DEBUG] [dev.architectury.core.item.ArchitecturySpawnEggItem/]: Registering spawn egg savanna_zombie_spawn_egg for zombie_variants:savanna_zombie
[01Feb2026 06:54:04.482] [main/DEBUG] [dev.architectury.core.item.ArchitecturySpawnEggItem/]: Registering spawn egg swamp_zombie_spawn_egg for zombie_variants:swamp_zombie
[01Feb2026 06:54:04.483] [main/DEBUG] [dev.architectury.core.item.ArchitecturySpawnEggItem/]: Registering spawn egg mushroom_zombie_spawn_egg for zombie_variants:mushroom_zombie
[01Feb2026 06:54:04.673] [main/DEBUG] [mixin/]: Mixing SpawnRestrictionMix from zombie_variants.mixins.json into net.minecraft.world.entity.SpawnPlacements
[01Feb2026 06:54:04.693] [main/DEBUG] [net.minecraftforge.fml.config.ConfigTracker/CONFIG]: Loading configs type COMMON
[01Feb2026 06:54:04.694] [main/DEBUG] [net.minecraftforge.fml.config.ConfigFileTypeHandler/CONFIG]: Built TOML config for /workspaces/test-aja/config/tacz-common.toml
[01Feb2026 06:54:04.695] [main/DEBUG] [net.minecraftforge.fml.config.ConfigFileTypeHandler/CONFIG]: Loaded TOML config file /workspaces/test-aja/config/tacz-common.toml
[01Feb2026 06:54:04.699] [main/DEBUG] [net.minecraftforge.fml.config.ConfigFileTypeHandler/CONFIG]: Watching TOML config file /workspaces/test-aja/config/tacz-common.toml for changes
[01Feb2026 06:54:04.700] [Thread-2/DEBUG] [net.minecraftforge.fml.config.ConfigFileTypeHandler/CONFIG]: Config file tacz-common.toml changed, sending notifies
[01Feb2026 06:54:04.701] [main/DEBUG] [net.minecraftforge.fml.config.ConfigFileTypeHandler/CONFIG]: Built TOML config for /workspaces/test-aja/config/sophisticatedcore-common.toml
[01Feb2026 06:54:04.701] [main/DEBUG] [net.minecraftforge.fml.config.ConfigFileTypeHandler/CONFIG]: Loaded TOML config file /workspaces/test-aja/config/sophisticatedcore-common.toml
[01Feb2026 06:54:04.701] [main/DEBUG] [net.minecraftforge.fml.config.ConfigFileTypeHandler/CONFIG]: Watching TOML config file /workspaces/test-aja/config/sophisticatedcore-common.toml for changes
[01Feb2026 06:54:04.701] [Thread-2/DEBUG] [net.minecraftforge.fml.config.ConfigFileTypeHandler/CONFIG]: Config file tacz-common.toml changed, sending notifies
[01Feb2026 06:54:04.702] [Thread-2/DEBUG] [net.minecraftforge.fml.config.ConfigFileTypeHandler/CONFIG]: Config file sophisticatedcore-common.toml changed, sending notifies
[01Feb2026 06:54:04.702] [main/DEBUG] [net.minecraftforge.fml.config.ConfigFileTypeHandler/CONFIG]: Built TOML config for /workspaces/test-aja/config/superbwarfare-common.toml
[01Feb2026 06:54:04.703] [main/DEBUG] [net.minecraftforge.fml.config.ConfigFileTypeHandler/CONFIG]: Loaded TOML config file /workspaces/test-aja/config/superbwarfare-common.toml
[01Feb2026 06:54:04.703] [Thread-2/DEBUG] [net.minecraftforge.fml.config.ConfigFileTypeHandler/CONFIG]: Config file sophisticatedcore-common.toml changed, sending notifies
[01Feb2026 06:54:04.703] [main/DEBUG] [net.minecraftforge.fml.config.ConfigFileTypeHandler/CONFIG]: Watching TOML config file /workspaces/test-aja/config/superbwarfare-common.toml for changes
[01Feb2026 06:54:04.704] [main/DEBUG] [net.minecraftforge.fml.config.ConfigFileTypeHandler/CONFIG]: Built TOML config for /workspaces/test-aja/config/sophisticatedbackpacks-common.toml
[01Feb2026 06:54:04.704] [main/DEBUG] [net.minecraftforge.fml.config.ConfigFileTypeHandler/CONFIG]: Loaded TOML config file /workspaces/test-aja/config/sophisticatedbackpacks-common.toml
[01Feb2026 06:54:04.704] [main/DEBUG] [net.minecraftforge.fml.config.ConfigFileTypeHandler/CONFIG]: Watching TOML config file /workspaces/test-aja/config/sophisticatedbackpacks-common.toml for changes
[01Feb2026 06:54:04.704] [Thread-2/DEBUG] [net.minecraftforge.fml.config.ConfigFileTypeHandler/CONFIG]: Config file superbwarfare-common.toml changed, sending notifies
[01Feb2026 06:54:04.704] [Thread-2/DEBUG] [net.minecraftforge.fml.config.ConfigFileTypeHandler/CONFIG]: Config file sophisticatedbackpacks-common.toml changed, sending notifies
[01Feb2026 06:54:04.704] [Thread-2/DEBUG] [net.minecraftforge.fml.config.ConfigFileTypeHandler/CONFIG]: Config file sophisticatedbackpacks-common.toml changed, sending notifies
[01Feb2026 06:54:04.704] [main/DEBUG] [net.minecraftforge.fml.config.ConfigFileTypeHandler/CONFIG]: Built TOML config for /workspaces/test-aja/config/waystones-common.toml
[01Feb2026 06:54:04.705] [main/DEBUG] [net.minecraftforge.fml.config.ConfigFileTypeHandler/CONFIG]: Loaded TOML config file /workspaces/test-aja/config/waystones-common.toml
[01Feb2026 06:54:04.705] [main/DEBUG] [net.minecraftforge.fml.config.ConfigFileTypeHandler/CONFIG]: Watching TOML config file /workspaces/test-aja/config/waystones-common.toml for changes
[01Feb2026 06:54:04.711] [Thread-2/DEBUG] [net.minecraftforge.fml.config.ConfigFileTypeHandler/CONFIG]: Config file waystones-common.toml changed, sending notifies
[01Feb2026 06:54:04.711] [main/DEBUG] [net.minecraftforge.fml.config.ConfigFileTypeHandler/CONFIG]: Built TOML config for /workspaces/test-aja/config/carryon-common.toml
[01Feb2026 06:54:04.712] [main/DEBUG] [net.minecraftforge.fml.config.ConfigFileTypeHandler/CONFIG]: Loaded TOML config file /workspaces/test-aja/config/carryon-common.toml
[01Feb2026 06:54:04.712] [main/DEBUG] [net.minecraftforge.fml.config.ConfigFileTypeHandler/CONFIG]: Watching TOML config file /workspaces/test-aja/config/carryon-common.toml for changes
[01Feb2026 06:54:04.715] [Thread-2/DEBUG] [net.minecraftforge.fml.config.ConfigFileTypeHandler/CONFIG]: Config file waystones-common.toml changed, sending notifies
[01Feb2026 06:54:04.745] [Thread-2/DEBUG] [net.minecraftforge.fml.config.ConfigFileTypeHandler/CONFIG]: Config file carryon-common.toml changed, sending notifies
[01Feb2026 06:54:04.746] [main/DEBUG] [net.minecraftforge.fml.config.ConfigFileTypeHandler/CONFIG]: Built TOML config for /workspaces/test-aja/config/sona-common.toml
[01Feb2026 06:54:04.747] [main/DEBUG] [net.minecraftforge.fml.config.ConfigFileTypeHandler/CONFIG]: Loaded TOML config file /workspaces/test-aja/config/sona-common.toml
[01Feb2026 06:54:04.747] [main/DEBUG] [net.minecraftforge.fml.config.ConfigFileTypeHandler/CONFIG]: Watching TOML config file /workspaces/test-aja/config/sona-common.toml for changes
[01Feb2026 06:54:04.749] [main/DEBUG] [net.minecraftforge.fml.config.ConfigFileTypeHandler/CONFIG]: Built TOML config for /workspaces/test-aja/config/zombiekit-common.toml
[01Feb2026 06:54:04.750] [main/DEBUG] [net.minecraftforge.fml.config.ConfigFileTypeHandler/CONFIG]: Loaded TOML config file /workspaces/test-aja/config/zombiekit-common.toml
[01Feb2026 06:54:04.750] [main/DEBUG] [net.minecraftforge.fml.config.ConfigFileTypeHandler/CONFIG]: Watching TOML config file /workspaces/test-aja/config/zombiekit-common.toml for changes
[01Feb2026 06:54:04.751] [main/DEBUG] [net.minecraftforge.fml.config.ConfigFileTypeHandler/CONFIG]: Built TOML config for /workspaces/test-aja/config/rottencreatures-common.toml
[01Feb2026 06:54:04.752] [main/DEBUG] [net.minecraftforge.fml.config.ConfigFileTypeHandler/CONFIG]: Loaded TOML config file /workspaces/test-aja/config/rottencreatures-common.toml
[01Feb2026 06:54:04.752] [main/DEBUG] [net.minecraftforge.fml.config.ConfigFileTypeHandler/CONFIG]: Watching TOML config file /workspaces/test-aja/config/rottencreatures-common.toml for changes
[01Feb2026 06:54:04.752] [main/DEBUG] [net.minecraftforge.fml.config.ConfigFileTypeHandler/CONFIG]: Built TOML config for /workspaces/test-aja/config/curios-common.toml
[01Feb2026 06:54:04.752] [main/DEBUG] [net.minecraftforge.fml.config.ConfigFileTypeHandler/CONFIG]: Loaded TOML config file /workspaces/test-aja/config/curios-common.toml
[01Feb2026 06:54:04.752] [main/DEBUG] [net.minecraftforge.fml.config.ConfigFileTypeHandler/CONFIG]: Watching TOML config file /workspaces/test-aja/config/curios-common.toml for changes
[01Feb2026 06:54:04.753] [main/DEBUG] [net.minecraftforge.fml.config.ConfigFileTypeHandler/CONFIG]: Built TOML config for /workspaces/test-aja/config/lostcities/common.toml
[01Feb2026 06:54:04.753] [main/DEBUG] [net.minecraftforge.fml.config.ConfigFileTypeHandler/CONFIG]: Loaded TOML config file /workspaces/test-aja/config/lostcities/common.toml
[01Feb2026 06:54:04.753] [main/DEBUG] [net.minecraftforge.fml.config.ConfigFileTypeHandler/CONFIG]: Watching TOML config file /workspaces/test-aja/config/lostcities/common.toml for changes
[01Feb2026 06:54:04.754] [main/DEBUG] [net.minecraftforge.fml.config.ConfigFileTypeHandler/CONFIG]: Built TOML config for /workspaces/test-aja/config/simplytraps.toml
[01Feb2026 06:54:04.754] [main/DEBUG] [net.minecraftforge.fml.config.ConfigFileTypeHandler/CONFIG]: Loaded TOML config file /workspaces/test-aja/config/simplytraps.toml
[01Feb2026 06:54:04.754] [main/DEBUG] [net.minecraftforge.fml.config.ConfigFileTypeHandler/CONFIG]: Watching TOML config file /workspaces/test-aja/config/simplytraps.toml for changes
[01Feb2026 06:54:04.756] [modloading-worker-0/INFO] [xaero.pac.OpenPartiesAndClaims/]: Loading Open Parties and Claims!
[01Feb2026 06:54:04.759] [modloading-worker-0/INFO] [net.petemc.undeadnights.UndeadNights/]: Initializing the UndeadNights Mod (common setup)
[01Feb2026 06:54:04.759] [modloading-worker-0/INFO] [xaero.lib.XaeroLib/]: Loading XaeroLib common 1/2!
[01Feb2026 06:54:04.764] [modloading-worker-0/INFO] [dynamiclights/]: [Dynamic Lights] MidnightLib detected!
[01Feb2026 06:54:04.766] [Thread-2/DEBUG] [net.minecraftforge.fml.config.ConfigFileTypeHandler/CONFIG]: Config file carryon-common.toml changed, sending notifies
[01Feb2026 06:54:04.781] [Thread-2/DEBUG] [net.minecraftforge.fml.config.ConfigFileTypeHandler/CONFIG]: Config file rottencreatures-common.toml changed, sending notifies
[01Feb2026 06:54:04.793] [modloading-worker-0/INFO] [dynamiclights/]: [Dynamic Lights] Loaded Dynamic Lights by Tschipcraft successfully!
[01Feb2026 06:54:04.800] [modloading-worker-0/DEBUG] [net.minecraftforge.fml.config.ConfigTracker/CONFIG]: Config file openpartiesandclaims-server.toml for openpartiesandclaims tracking
[01Feb2026 06:54:04.861] [Forge Version Check/INFO] [net.minecraftforge.fml.VersionChecker/]: [dynamiclights] Starting version check at https://api.modrinth.com/updates/7YjclEGc/forge_updates.json?forge=only
[01Feb2026 06:54:04.880] [modloading-worker-0/DEBUG] [mixin/]: Mixing sbw.VehicleFireMessageMixin from sona.mixins.json into com.atsuishio.superbwarfare.network.message.send.VehicleFireMessage
[01Feb2026 06:54:04.884] [modloading-worker-0/DEBUG] [io.netty.buffer.AbstractByteBuf/]: -Dio.netty.buffer.checkAccessible: true
[01Feb2026 06:54:04.885] [modloading-worker-0/DEBUG] [io.netty.buffer.AbstractByteBuf/]: -Dio.netty.buffer.checkBounds: true
[01Feb2026 06:54:04.885] [modloading-worker-0/DEBUG] [io.netty.util.ResourceLeakDetectorFactory/]: Loaded default ResourceLeakDetector: io.netty.util.ResourceLeakDetector@2b79ec08
[01Feb2026 06:54:04.889] [modloading-worker-0/DEBUG] [mixin/]: Mixing MixinSlotAttribute from curios.mixins.json into top.theillusivec4.curios.api.SlotAttribute
[01Feb2026 06:54:04.894] [modloading-worker-0/DEBUG] [mixin/]: Mixing MixinCuriosApi from curios.mixins.json into top.theillusivec4.curios.api.CuriosApi
[01Feb2026 06:54:04.997] [modloading-worker-0/INFO] [com.atsuishio.superbwarfare.Mod/]: This Mod used to be made by MCreator!
[01Feb2026 06:54:05.010] [main/DEBUG] [net.minecraftforge.fml.DeferredWorkQueue/LOADING]: Dispatching synchronous work for work queue COMMON_SETUP: 12 jobs
[01Feb2026 06:54:05.068] [main/INFO] [tacz/SYNCED_ENTITY_DATA_TAC_COPY]: Registered synced data key tacz:shoot_cool_down for minecraft:living_entity
[01Feb2026 06:54:05.069] [main/INFO] [tacz/SYNCED_ENTITY_DATA_TAC_COPY]: Registered synced data key tacz:melee_cool_down for minecraft:living_entity
[01Feb2026 06:54:05.069] [main/INFO] [tacz/SYNCED_ENTITY_DATA_TAC_COPY]: Registered synced data key tacz:reload_state for minecraft:living_entity
[01Feb2026 06:54:05.069] [main/INFO] [tacz/SYNCED_ENTITY_DATA_TAC_COPY]: Registered synced data key tacz:aiming_progress for minecraft:living_entity
[01Feb2026 06:54:05.069] [main/INFO] [tacz/SYNCED_ENTITY_DATA_TAC_COPY]: Registered synced data key tacz:draw_cool_down for minecraft:living_entity
[01Feb2026 06:54:05.070] [main/INFO] [tacz/SYNCED_ENTITY_DATA_TAC_COPY]: Registered synced data key tacz:is_aiming for minecraft:living_entity
[01Feb2026 06:54:05.070] [main/INFO] [tacz/SYNCED_ENTITY_DATA_TAC_COPY]: Registered synced data key tacz:sprint_time for minecraft:living_entity
[01Feb2026 06:54:05.070] [main/INFO] [tacz/SYNCED_ENTITY_DATA_TAC_COPY]: Registered synced data key tacz:is_bolting for minecraft:living_entity
[01Feb2026 06:54:05.070] [main/INFO] [tacz/SYNCED_ENTITY_DATA_TAC_COPY]: Registered synced data key tacz:throwable_using for minecraft:living_entity
[01Feb2026 06:54:05.132] [main/DEBUG] [net.minecraftforge.fml.DeferredWorkQueue/LOADING]: Synchronous work queue completed in 122.2 ms
[01Feb2026 06:54:05.134] [modloading-worker-0/INFO] [xaero.lib.XaeroLib/]: Loading XaeroLib server 1/2!
[01Feb2026 06:54:05.134] [modloading-worker-0/INFO] [xaero.map.server.WorldMapServer/]: Loading Xaero's World Map - Stage 1/2 (Server)
[01Feb2026 06:54:05.134] [modloading-worker-0/INFO] [xaero.minimap.XaeroMinimap/]: Loading Xaero's Minimap - Stage 1/2 (Server)
[01Feb2026 06:54:05.144] [main/DEBUG] [net.minecraftforge.fml.DeferredWorkQueue/LOADING]: Dispatching synchronous work for work queue SIDED_SETUP: 3 jobs
[01Feb2026 06:54:05.145] [main/INFO] [xaero.lib.XaeroLib/]: Loading XaeroLib common 2/2!
[01Feb2026 06:54:05.145] [main/INFO] [xaero.lib.XaeroLib/]: Loading XaeroLib server 2/2!
[01Feb2026 06:54:05.145] [main/INFO] [xaero.map.server.WorldMapServer/]: Loading Xaero's World Map - Stage 2/2 (Server)
[01Feb2026 06:54:05.145] [main/INFO] [xaero.minimap.XaeroMinimap/]: Loading Xaero's Minimap - Stage 2/2 (Server)
[01Feb2026 06:54:05.146] [main/DEBUG] [net.minecraftforge.fml.DeferredWorkQueue/LOADING]: Synchronous work queue completed in 1.602 ms
[01Feb2026 06:54:05.150] [main/DEBUG] [net.minecraftforge.fml.DeferredWorkQueue/LOADING]: Dispatching synchronous work for work queue ENQUEUE_IMC: 5 jobs
[01Feb2026 06:54:05.153] [main/DEBUG] [net.minecraftforge.fml.DeferredWorkQueue/LOADING]: Synchronous work queue completed in 2.448 ms
[01Feb2026 06:54:05.288] [modloading-worker-0/INFO] [Jade/]: Start loading plugin at net.blay09.mods.waystones.compat.JadeIntegration
[01Feb2026 06:54:05.296] [modloading-worker-0/INFO] [Jade/]: Start loading plugin at com.atsuishio.superbwarfare.compat.jade.SbwJadePlugin
[01Feb2026 06:54:05.298] [modloading-worker-0/INFO] [Jade/]: Start loading plugin at net.blay09.mods.balm.forge.compat.hudinfo.ForgeJadeModCompat
[01Feb2026 06:54:05.298] [modloading-worker-0/INFO] [Jade/]: Start loading plugin at snownee.jade.addon.vanilla.VanillaPlugin
[01Feb2026 06:54:05.312] [modloading-worker-0/INFO] [Jade/]: Start loading plugin at snownee.jade.addon.universal.UniversalPlugin
[01Feb2026 06:54:05.317] [modloading-worker-0/INFO] [Jade/]: Start loading plugin at snownee.jade.addon.core.CorePlugin
[01Feb2026 06:54:05.320] [modloading-worker-0/INFO] [Jade/]: Start loading plugin at snownee.jade.addon.JadeAddonsBase
[01Feb2026 06:54:05.402] [main/DEBUG] [mixin/]: Mixing BlockStateCacheMixin from ferritecore.blockstatecache.mixin.json into net.minecraft.world.level.block.state.BlockBehaviour$BlockStateBase$Cache
[01Feb2026 06:54:05.530] [main/DEBUG] [mixin/]: Mixing SubShapeAccess from ferritecore.blockstatecache.mixin.json into net.minecraft.world.phys.shapes.SubShape
[01Feb2026 06:54:05.735] [Forge Version Check/DEBUG] [net.minecraftforge.fml.VersionChecker/]: [dynamiclights] Received version check data:
{"homepage":"https://modrinth.com/mod/7YjclEGc","promos":{"1.19-pre3-latest":"1.9+mod","1.21-rc1-latest":"1.9+mod","1.21.4-pre2-latest":"1.9+mod","22w24a-recommended":"1.9+mod","1.20-pre3-recommended":"1.9+mod","23w35a-latest":"1.9+mod","23w43a-recommended":"1.9+mod","22w15a-recommended":"1.9+mod","22w16b-recommended":"1.9+mod","24w34a-recommended":"1.9+mod","1.18-pre2-latest":"1.9+mod","1.20-pre2-recommended":"1.9+mod","1.19.1-rc3-recommended":"1.9+mod","1.21.5-pre3-recommended":"1.9+mod","21w37a-latest":"1.9+mod","23w13a-latest":"1.9+mod","1.21.4-pre1-latest":"1.9+mod","1.21.4-rc2-latest":"1.9+mod","23w06a-recommended":"1.9+mod","22w13a-recommended":"1.9+mod","1.17.1-pre3-latest":"1.9+mod","1.19.3-rc1-recommended":"1.9+mod","1.17.1-rc1-recommended":"1.9+mod","21w38a-latest":"1.9+mod","1.19.1-pre3-latest":"1.9+mod","1.18.2-latest":"1.9+mod","24w09a-latest":"1.9+mod","1.19.2-rc2-latest":"1.9+mod","1.19.4-pre2-latest":"1.9+mod","22w15a-latest":"1.9+mod","23w07a-recommended":"1.9+mod","1.18-rc2-latest":"1.9+mod","1.18-rc4-recommended":"1.9+mod","1.19.2-latest":"1.9+mod","1.21.2-pre4-latest":"1.9+mod","1.19.2-rc1-latest":"1.9+mod","1.19-pre5-recommended":"1.9+mod","1.19.4-pre1-latest":"1.9+mod","24w20a-latest":"1.9+mod","25w06a-latest":"1.9+mod","1.21.2-pre5-latest":"1.9+mod","1.19.4-pre4-latest":"1.9+mod","1.20.4-recommended":"1.9+mod","1.17.1-rc2-latest":"1.9+mod","1.18-pre4-latest":"1.9+mod","1.18-pre1-latest":"1.9+mod","22w43a-latest":"1.9+mod","1.20.2-pre1-recommended":"1.9+mod","1.20.3-rc1-recommended":"1.9+mod","24w12a-latest":"1.9+mod","1.21-pre2-recommended":"1.9+mod","24w05a-recommended":"1.9+mod","1.19.1-recommended":"1.9+mod","24w13a-recommended":"1.9+mod","1.20-pre4-recommended":"1.9+mod","1.21.1-recommended":"1.9+mod","24w10a-latest":"1.9+mod","1.20.3-pre3-latest":"1.9+mod","1.21-pre1-latest":"1.9+mod","21w40a-recommended":"1.9+mod","1.18-pre5-latest":"1.9+mod","22w06a-latest":"1.9+mod","1.21-pre3-recommended":"1.9+mod","22w12a-latest":"1.9+mod","1.18-recommended":"1.9+mod","25w07a-recommended":"1.9+mod","1.19-pre4-latest":"1.9+mod","1.18.1-latest":"1.9+mod","1.20.3-pre1-latest":"1.9+mod","1.18-pre8-latest":"1.9+mod","1.18.2-pre2-recommended":"1.9+mod","1.21.1-rc1-latest":"1.9+mod","1.21.4-pre3-latest":"1.9+mod","1.19.2-rc1-recommended":"1.9+mod","23w41a-recommended":"1.9+mod","23w51a-latest":"1.9+mod","1.19-recommended":"1.9+mod","24w46a-recommended":"1.9+mod","25w10a-latest":"1.9+mod","23w13a_or_b-latest":"1.9+mod","1.21-recommended":"1.9+mod","1.20.3-pre3-recommended":"1.9+mod","23w41a-latest":"1.9+mod","24w06a-latest":"1.9+mod","24w38a-latest":"1.9+mod","1.19.2-recommended":"1.9+mod","24w33a-recommended":"1.9+mod","24w12a-recommended":"1.9+mod","1.19.1-pre3-recommended":"1.9+mod","22w46a-recommended":"1.9+mod","1.21.2-pre2-recommended":"1.9+mod","1.20-pre7-latest":"1.9+mod","24w40a-recommended":"1.9+mod","23w18a-recommended":"1.9+mod","1.19-pre1-recommended":"1.9+mod","21w41a-recommended":"1.9+mod","22w44a-latest":"1.9+mod","1.18-pre8-recommended":"1.9+mod","1.21.5-rc2-recommended":"1.9+mod","1.20.3-pre2-latest":"1.9+mod","21w39a-recommended":"1.9+mod","22w45a-recommended":"1.9+mod","22w06a-recommended":"1.9+mod","24w07a-latest":"1.9+mod","24w18a-latest":"1.9+mod","1.21.4-rc3-latest":"1.9+mod","1.19.4-pre3-recommended":"1.9+mod","1.18-rc3-latest":"1.9+mod","23w43b-recommended":"1.9+mod","23w33a-latest":"1.9+mod","24w33a-latest":"1.9+mod","1.20.2-rc2-recommended":"1.9+mod","23w46a-recommended":"1.9+mod","25w08a-recommended":"1.9+mod","22w05a-latest":"1.9+mod","22w19a-recommended":"1.9+mod","1.21.2-pre5-recommended":"1.9+mod","23w45a-recommended":"1.9+mod","1.18.2-pre1-latest":"1.9+mod","24w19b-latest":"1.9+mod","1.18.1-rc3-recommended":"1.9+mod","1.19.3-latest":"1.9+mod","24w46a-latest":"1.9+mod","24w05a-latest":"1.9+mod","23w03a-recommended":"1.9+mod","1.18.2-rc1-recommended":"1.9+mod","1.19.4-pre4-recommended":"1.9+mod","24w44a-recommended":"1.9+mod","1.20.2-pre2-latest":"1.9+mod","1.17.1-pre2-recommended":"1.9+mod","1.19.4-rc2-latest":"1.9+mod","1.21.2-rc2-latest":"1.9+mod","23w17a-recommended":"1.9+mod","1.21.5-rc1-recommended":"1.9+mod","1.19.3-pre3-latest":"1.9+mod","23w12a-latest":"1.9+mod","1.18-rc2-recommended":"1.9+mod","25w02a-recommended":"1.9+mod","1.18.1-rc1-latest":"1.9+mod","22w11a-latest":"1.9+mod","1.20.2-pre4-latest":"1.9+mod","1.20.2-recommended":"1.9+mod","21w37a-recommended":"1.9+mod","24w19a-recommended":"1.9+mod","23w14a-recommended":"1.9+mod","23w42a-latest":"1.9+mod","1.20-pre5-recommended":"1.9+mod","1.19.1-rc1-recommended":"1.9+mod","24w03b-recommended":"1.9+mod","1.21.2-rc2-recommended":"1.9+mod","1.20.5-pre3-latest":"1.9+mod","1.20.5-rc3-recommended":"1.9+mod","1.18.2-pre1-recommended":"1.9+mod","1.20-pre2-latest":"1.9+mod","1.20.5-rc1-recommended":"1.9+mod","1.20.5-pre2-recommended":"1.9+mod","1.17.1-pre2-latest":"1.9+mod","1.18-pre7-latest":"1.9+mod","23w13a-recommended":"1.9+mod","25w03a-latest":"1.9+mod","22w24a-latest":"1.9+mod","22w43a-recommended":"1.9+mod","25w09a-recommended":"1.9+mod","1.19.3-rc2-recommended":"1.9+mod","23w44a-latest":"1.9+mod","1.18.1-rc3-latest":"1.9+mod","24w36a-latest":"1.9+mod","1.18-latest":"1.9+mod","24w35a-latest":"1.9+mod","1.21.2-pre1-recommended":"1.9+mod","22w42a-latest":"1.9+mod","23w51b-latest":"1.9+mod","1.18-rc1-recommended":"1.9+mod","1.19.1-pre6-latest":"1.9+mod","1.20.2-rc1-latest":"1.9+mod","25w09b-recommended":"1.9+mod","22w07a-latest":"1.9+mod","22w42a-recommended":"1.9+mod","1.21.3-recommended":"1.9+mod","24w14a-latest":"1.9+mod","1.19-rc2-latest":"1.9+mod","1.19.2-rc2-recommended":"1.9+mod","25w08a-latest":"1.9+mod","1.19.4-pre2-recommended":"1.9+mod","1.21.1-latest":"1.9+mod","1.20-pre6-recommended":"1.9+mod","1.20-rc1-recommended":"1.9+mod","1.18-pre3-recommended":"1.9+mod","1.18-pre5-recommended":"1.9+mod","1.19.4-recommended":"1.9+mod","24w37a-latest":"1.9+mod","1.17.1-rc2-recommended":"1.9+mod","1.20-pre5-latest":"1.9+mod","23w43b-latest":"1.9+mod","1.18.2-recommended":"1.9+mod","1.21.4-rc3-recommended":"1.9+mod","1.20-rc1-latest":"1.9+mod","1.18.1-recommended":"1.9+mod","1.18-pre3-latest":"1.9+mod","1.20.1-rc1-latest":"1.9+mod","1.21.5-pre3-latest":"1.9+mod","1.20-pre1-recommended":"1.9+mod","1.20.3-recommended":"1.9+mod","1.17.1-pre1-latest":"1.9+mod","1.19.1-pre2-recommended":"1.9+mod","23w31a-latest":"1.9+mod","24w44a-latest":"1.9+mod","1.17-latest":"1.9+mod","1.20.1-recommended":"1.9+mod","23w35a-recommended":"1.9+mod","1.21.3-latest":"1.9+mod","1.21.1-rc1-recommended":"1.9+mod","22w14a-latest":"1.9+mod","1.21.4-rc1-latest":"1.9+mod","1.21.2-pre2-latest":"1.9+mod","25w04a-latest":"1.9+mod","25w05a-latest":"1.9+mod","1.19-pre3-recommended":"1.9+mod","1.19-rc1-latest":"1.9+mod","23w51a-recommended":"1.9+mod","1.21.2-pre4-recommended":"1.9+mod","24w05b-latest":"1.9+mod","1.21-pre2-latest":"1.9+mod","1.18.1-rc1-recommended":"1.9+mod","24w21a-recommended":"1.9+mod","24w36a-recommended":"1.9+mod","1.21.4-pre2-recommended":"1.9+mod","23w16a-recommended":"1.9+mod","1.19.1-pre6-recommended":"1.9+mod","1.20.2-rc2-latest":"1.9+mod","24w11a-latest":"1.9+mod","1.20.5-latest":"1.9+mod","1.21.5-pre1-latest":"1.9+mod","1.19.3-recommended":"1.9+mod","1.18-pre1-recommended":"1.9+mod","23w44a-recommended":"1.9+mod","23w51b-recommended":"1.9+mod","1.20.1-rc1-recommended":"1.9+mod","22w18a-recommended":"1.9+mod","1.19.1-pre2-latest":"1.9+mod","1.20.4-rc1-latest":"1.9+mod","1.21.2-pre3-latest":"1.9+mod","1.19.3-rc1-latest":"1.9+mod","23w42a-recommended":"1.9+mod","1.20-pre4-latest":"1.9+mod","1.20.2-pre3-latest":"1.9+mod","1.21.4-rc2-recommended":"1.9+mod","1.19.3-pre1-latest":"1.9+mod","1.20.4-latest":"1.9+mod","1.21-rc1-recommended":"1.9+mod","22w13a-latest":"1.9+mod","25w10a-recommended":"1.9+mod","1.20.5-rc1-latest":"1.9+mod","24w09a-recommended":"1.9+mod","24w35a-recommended":"1.9+mod","1.19.1-rc2-recommended":"1.9+mod","1.19.3-pre2-recommended":"1.9+mod","24w19a-latest":"1.9+mod","1.18.2-rc1-latest":"1.9+mod","22w17a-recommended":"1.9+mod","23w16a-latest":"1.9+mod","24w03a-recommended":"1.9+mod","1.18-rc1-latest":"1.9+mod","1.20-pre1-latest":"1.9+mod","24w21a-latest":"1.9+mod","23w14a-latest":"1.9+mod","1.19-pre1-latest":"1.9+mod","1.19-pre2-recommended":"1.9+mod","1.20.3-pre1-recommended":"1.9+mod","23w43a-latest":"1.9+mod","22w03a-latest":"1.9+mod","21w42a-latest":"1.9+mod","22w13oneblockatatime-recommended":"1.9+mod","21w38a-recommended":"1.9+mod","1.19.1-pre4-latest":"1.9+mod","1.18.1-rc2-recommended":"1.9+mod","1.19-latest":"1.9+mod","1.19.4-rc3-latest":"1.9+mod","1.20.5-rc2-latest":"1.9+mod","1.19.1-pre1-recommended":"1.9+mod","24w04a-latest":"1.9+mod","24w21b-recommended":"1.9+mod","1.21.4-pre1-recommended":"1.9+mod","22w44a-recommended":"1.9+mod","23w05a-latest":"1.9+mod","23w06a-latest":"1.9+mod","1.20.2-pre1-latest":"1.9+mod","22w45a-latest":"1.9+mod","23w18a-latest":"1.9+mod","1.20-latest":"1.9+mod","1.18-rc3-recommended":"1.9+mod","1.19.3-pre1-recommended":"1.9+mod","24w14potato-recommended":"1.9+mod","1.18-pre4-recommended":"1.9+mod","1.18.2-pre3-recommended":"1.9+mod","21w42a-recommended":"1.9+mod","1.20.5-rc2-recommended":"1.9+mod","25w04a-recommended":"1.9+mod","22w18a-latest":"1.9+mod","1.21-pre3-latest":"1.9+mod","1.20.6-rc1-latest":"1.9+mod","1.19-pre5-latest":"1.9+mod","23w40a-latest":"1.9+mod","1.19-pre2-latest":"1.9+mod","1.19.1-latest":"1.9+mod","1.21.2-pre3-recommended":"1.9+mod","24w37a-recommended":"1.9+mod","24w14a-recommended":"1.9+mod","25w07a-latest":"1.9+mod","1.21-pre4-latest":"1.9+mod","23w40a-recommended":"1.9+mod","1.20.6-latest":"1.9+mod","22w03a-recommended":"1.9+mod","1.20.6-recommended":"1.9+mod","1.20-pre3-latest":"1.9+mod","1.21-pre1-recommended":"1.9+mod","1.20.3-pre4-latest":"1.9+mod","24w03a-latest":"1.9+mod","1.19-rc2-recommended":"1.9+mod","1.20.5-rc3-latest":"1.9+mod","1.20.5-pre1-latest":"1.9+mod","1.20.2-latest":"1.9+mod","21w39a-latest":"1.9+mod","1.17.1-rc1-latest":"1.9+mod","1.19.1-rc1-latest":"1.9+mod","22w14a-recommended":"1.9+mod","24w38a-recommended":"1.9+mod","1.20.3-pre2-recommended":"1.9+mod","1.21.5-pre2-latest":"1.9+mod","23w17a-latest":"1.9+mod","1.21.2-pre1-latest":"1.9+mod","1.19.1-pre5-recommended":"1.9+mod","22w05a-recommended":"1.9+mod","24w07a-recommended":"1.9+mod","25w05a-recommended":"1.9+mod","1.20.3-pre4-recommended":"1.9+mod","24w10a-recommended":"1.9+mod","23w05a-recommended":"1.9+mod","23w32a-recommended":"1.9+mod","24w20a-recommended":"1.9+mod","24w34a-latest":"1.9+mod","1.19.4-latest":"1.9+mod","1.19.4-rc1-recommended":"1.9+mod","22w11a-recommended":"1.9+mod","24w21b-latest":"1.9+mod","1.18-rc4-latest":"1.9+mod","1.17.1-pre3-recommended":"1.9+mod","1.19.4-rc1-latest":"1.9+mod","1.17.1-pre1-recommended":"1.9+mod","1.17.1-recommended":"1.9+mod","1.21.5-pre2-recommended":"1.9+mod","1.18.1-rc2-latest":"1.9+mod","23w04a-latest":"1.9+mod","1.21.2-rc1-recommended":"1.9+mod","23w46a-latest":"1.9+mod","23w13a_or_b-recommended":"1.9+mod","21w44a-latest":"1.9+mod","1.20.5-recommended":"1.9+mod","1.19.3-rc3-latest":"1.9+mod","1.20-pre7-recommended":"1.9+mod","1.17.1-latest":"1.9+mod","25w06a-recommended":"1.9+mod","22w13oneblockatatime-latest":"1.9+mod","24w05b-recommended":"1.9+mod","22w17a-latest":"1.9+mod","1.19.3-pre3-recommended":"1.9+mod","24w45a-recommended":"1.9+mod","23w12a-recommended":"1.9+mod","1.21.4-rc1-recommended":"1.9+mod","21w40a-latest":"1.9+mod","1.21-latest":"1.9+mod","1.21.4-latest":"1.9+mod","1.19.4-rc3-recommended":"1.9+mod","1.18-pre7-recommended":"1.9+mod","24w40a-latest":"1.9+mod","1.18-pre2-recommended":"1.9+mod","1.19.4-pre1-recommended":"1.9+mod","1.19-pre4-recommended":"1.9+mod","25w09a-latest":"1.9+mod","1.19.4-pre3-latest":"1.9+mod","23w07a-latest":"1.9+mod","1.19.1-pre4-recommended":"1.9+mod","1.21.5-pre1-recommended":"1.9+mod","24w14potato-latest":"1.9+mod","24w04a-recommended":"1.9+mod","22w16b-latest":"1.9+mod","1.20.5-pre3-recommended":"1.9+mod","1.21.2-recommended":"1.9+mod","24w13a-latest":"1.9+mod","21w44a-recommended":"1.9+mod","22w16a-latest":"1.9+mod","1.21.5-recommended":"1.9+mod","24w45a-latest":"1.9+mod","1.20.5-pre4-latest":"1.9+mod","24w39a-recommended":"1.9+mod","25w03a-recommended":"1.9+mod","1.19.1-pre1-latest":"1.9+mod","1.19.1-rc3-latest":"1.9+mod","22w07a-recommended":"1.9+mod","1.19.1-pre5-latest":"1.9+mod","1.19.1-rc2-latest":"1.9+mod","22w16a-recommended":"1.9+mod","23w33a-recommended":"1.9+mod","1.21.5-rc1-latest":"1.9+mod","1.18.2-pre3-latest":"1.9+mod","1.18.1-pre1-recommended":"1.9+mod","21w43a-recommended":"1.9+mod","21w43a-latest":"1.9+mod","1.21.5-latest":"1.9+mod","1.20.2-pre4-recommended":"1.9+mod","24w19b-recommended":"1.9+mod","1.18.1-pre1-latest":"1.9+mod","23w31a-recommended":"1.9+mod","1.20.3-latest":"1.9+mod","24w18a-recommended":"1.9+mod","22w19a-latest":"1.9+mod","24w39a-latest":"1.9+mod","1.20.5-pre2-latest":"1.9+mod","1.19.4-rc2-recommended":"1.9+mod","1.17-recommended":"1.9+mod","1.18.2-pre2-latest":"1.9+mod","24w03b-latest":"1.9+mod","1.20.2-rc1-recommended":"1.9+mod","22w12a-recommended":"1.9+mod","1.21.4-recommended":"1.9+mod","1.19-rc1-recommended":"1.9+mod","24w06a-recommended":"1.9+mod","21w41a-latest":"1.9+mod","1.21.5-rc2-latest":"1.9+mod","1.20-recommended":"1.9+mod","1.21.2-rc1-latest":"1.9+mod","24w11a-recommended":"1.9+mod","22w46a-latest":"1.9+mod","1.20.2-pre3-recommended":"1.9+mod","1.18-pre6-latest":"1.9+mod","1.20-pre6-latest":"1.9+mod","1.20.5-pre1-recommended":"1.9+mod","1.20.3-rc1-latest":"1.9+mod","1.18-pre6-recommended":"1.9+mod","23w32a-latest":"1.9+mod","1.20.2-pre2-recommended":"1.9+mod","1.21.2-latest":"1.9+mod","25w02a-latest":"1.9+mod","23w45a-latest":"1.9+mod","1.19.3-rc2-latest":"1.9+mod","23w03a-latest":"1.9+mod","1.19.3-rc3-recommended":"1.9+mod","1.20.4-rc1-recommended":"1.9+mod","1.20.6-rc1-recommended":"1.9+mod","1.20.1-latest":"1.9+mod","1.19.3-pre2-latest":"1.9+mod","25w09b-latest":"1.9+mod","1.21.4-pre3-recommended":"1.9+mod","23w04a-recommended":"1.9+mod","1.20.5-pre4-recommended":"1.9+mod","1.21-pre4-recommended":"1.9+mod"}}
[01Feb2026 06:54:05.737] [Forge Version Check/INFO] [net.minecraftforge.fml.VersionChecker/]: [dynamiclights] Found status: UP_TO_DATE Current: 1.9+mod Target: null
[01Feb2026 06:54:05.737] [Forge Version Check/INFO] [net.minecraftforge.fml.VersionChecker/]: [clumps] Starting version check at https://updates.blamejared.com/get?n=clumps&gv=1.20.1
[01Feb2026 06:54:06.274] [Forge Version Check/DEBUG] [net.minecraftforge.fml.VersionChecker/]: [clumps] Received version check data:
{"homepage":"https://www.curseforge.com/minecraft/mc-mods/clumps","promos":{"1.20.1-latest":"12.0.0.4"}}
[01Feb2026 06:54:06.275] [Forge Version Check/INFO] [net.minecraftforge.fml.VersionChecker/]: [clumps] Found status: BETA Current: 12.0.0.4 Target: 12.0.0.4
[01Feb2026 06:54:06.275] [Forge Version Check/INFO] [net.minecraftforge.fml.VersionChecker/]: [mr_veinminer] Starting version check at https://api.modrinth.com/updates/OhduvhIc/forge_updates.json
[01Feb2026 06:54:06.590] [Forge Version Check/DEBUG] [net.minecraftforge.fml.VersionChecker/]: [mr_veinminer] Received version check data:
{"homepage":"https://modrinth.com/mod/OhduvhIc","promos":{"1.18-latest":"1.1.0+mod","1.18.2-latest":"1.1.0+mod","1.20-latest":"1.1.0+mod","1.18.1-latest":"1.1.0+mod","1.19.2-recommended":"1.1.0+mod","1.20.4-latest":"1.2.1+mod","1.19.3-recommended":"1.1.0+mod","1.18.1-recommended":"1.1.0+mod","1.17.1-latest":"1.1.0+mod","1.18-recommended":"1.1.0+mod","1.19.4-latest":"1.1.0+mod","1.20.3-recommended":"1.2.1+mod","1.20.1-recommended":"1.1.0+mod","1.19.2-latest":"1.1.0+mod","1.19.1-latest":"1.1.0+mod","1.17-latest":"1.1.0+mod","1.19-latest":"1.1.0+mod","1.19.1-recommended":"1.1.0+mod","1.20.2-latest":"1.2.1+mod","1.20.3-latest":"1.2.1+mod","1.17.1-recommended":"1.1.0+mod","1.19.3-latest":"1.1.0+mod","1.20.1-latest":"1.1.0+mod","1.17-recommended":"1.1.0+mod","1.20.2-recommended":"1.2.1+mod","1.20.4-recommended":"1.2.1+mod","1.20-recommended":"1.1.0+mod","1.19.4-recommended":"1.1.0+mod","1.19-recommended":"1.1.0+mod","1.18.2-recommended":"1.1.0+mod"}}
[01Feb2026 06:54:06.591] [Forge Version Check/INFO] [net.minecraftforge.fml.VersionChecker/]: [mr_veinminer] Found status: OUTDATED Current: 1.1.0 Target: 1.1.0+mod
[01Feb2026 06:54:06.591] [Forge Version Check/INFO] [net.minecraftforge.fml.VersionChecker/]: [forge] Starting version check at https://files.minecraftforge.net/net/minecraftforge/forge/promotions_slim.json
[01Feb2026 06:54:06.873] [Forge Version Check/DEBUG] [net.minecraftforge.fml.VersionChecker/]: [forge] Received version check data:
{
  "homepage": "https://files.minecraftforge.net/net/minecraftforge/forge/",
  "promos": {
    "1.1-latest": "1.3.4.29",
    "1.2.3-latest": "1.4.1.64",
    "1.2.4-latest": "2.0.0.68",
    "1.2.5-latest": "3.4.9.171",
    "1.3.2-latest": "4.3.5.318",
    "1.4.0-latest": "5.0.0.326",
    "1.4.1-latest": "6.0.0.329",
    "1.4.2-latest": "6.0.1.355",
    "1.4.3-latest": "6.2.1.358",
    "1.4.4-latest": "6.3.0.378",
    "1.4.5-latest": "6.4.2.448",
    "1.4.6-latest": "6.5.0.489",
    "1.4.7-latest": "6.6.2.534",
    "1.5-latest": "7.7.0.598",
    "1.5.1-latest": "7.7.2.682",
    "1.5.2-latest": "7.8.1.738",
    "1.5.2-recommended": "7.8.1.738",
    "1.6.1-latest": "8.9.0.775",
    "1.6.2-latest": "9.10.1.871",
    "1.6.2-recommended": "9.10.1.871",
    "1.6.3-latest": "9.11.0.878",
    "1.6.4-latest": "9.11.1.1345",
    "1.6.4-recommended": "9.11.1.1345",
    "1.7.2-latest": "10.12.2.1161",
    "1.7.2-recommended": "10.12.2.1161",
    "1.7.10-latest": "10.13.4.1614",
    "1.7.10-recommended": "10.13.4.1614",
    "1.8-latest": "11.14.4.1577",
    "1.8-recommended": "11.14.4.1563",
    "1.8.8-latest": "11.15.0.1655",
    "1.8.9-latest": "11.15.1.2318",
    "1.8.9-recommended": "11.15.1.2318",
    "1.9-latest": "12.16.1.1938",
    "1.9-recommended": "12.16.1.1887",
    "1.9.4-latest": "12.17.0.2317",
    "1.9.4-recommended": "12.17.0.2317",
    "1.10-latest": "12.18.0.2000",
    "1.10.2-latest": "12.18.3.2511",
    "1.10.2-recommended": "12.18.3.2511",
    "1.11-latest": "13.19.1.2199",
    "1.11-recommended": "13.19.1.2189",
    "1.11.2-latest": "13.20.1.2588",
    "1.11.2-recommended": "13.20.1.2588",
    "1.12-latest": "14.21.1.2443",
    "1.12-recommended": "14.21.1.2387",
    "1.12.1-latest": "14.22.1.2485",
    "1.12.1-recommended": "14.22.1.2478",
    "1.12.2-latest": "14.23.5.2864",
    "1.12.2-recommended": "14.23.5.2859",
    "1.13.2-latest": "25.0.223",
    "1.14.2-latest": "26.0.63",
    "1.14.3-latest": "27.0.60",
    "1.14.4-latest": "28.2.28",
    "1.14.4-recommended": "28.2.26",
    "1.15-latest": "29.0.4",
    "1.15.1-latest": "30.0.51",
    "1.15.2-latest": "31.2.60",
    "1.15.2-recommended": "31.2.57",
    "1.16.1-latest": "32.0.108",
    "1.16.2-latest": "33.0.61",
    "1.16.3-latest": "34.1.42",
    "1.16.3-recommended": "34.1.0",
    "1.16.4-latest": "35.1.37",
    "1.16.4-recommended": "35.1.4",
    "1.16.5-latest": "36.2.42",
    "1.16.5-recommended": "36.2.34",
    "1.17.1-latest": "37.1.1",
    "1.17.1-recommended": "37.1.1",
    "1.18-latest": "38.0.17",
    "1.18.1-latest": "39.1.2",
    "1.18.1-recommended": "39.1.0",
    "1.18.2-recommended": "40.3.0",
    "1.18.2-latest": "40.3.12",
    "1.19-latest": "41.1.0",
    "1.19-recommended": "41.1.0",
    "1.19.1-latest": "42.0.9",
    "1.19.2-recommended": "43.5.0",
    "1.19.2-latest": "43.5.2",
    "1.19.3-latest": "44.1.23",
    "1.19.3-recommended": "44.1.0",
    "1.19.4-recommended": "45.4.0",
    "1.19.4-latest": "45.4.3",
    "1.20-latest": "46.0.14",
    "1.20.1-recommended": "47.4.10",
    "1.20.1-latest": "47.4.16",
    "1.20.2-latest": "48.1.0",
    "1.20.2-recommended": "48.1.0",
    "1.20.3-latest": "49.0.2",
    "1.20.4-latest": "49.2.4",
    "1.20.4-recommended": "49.2.0",
    "1.20.6-latest": "50.2.4",
    "1.20.6-recommended": "50.2.0",
    "1.21-latest": "51.0.33",
    "1.21.1-latest": "52.1.10",
    "1.21.1-recommended": "52.1.0",
    "1.21.3-latest": "53.1.7",
    "1.21.3-recommended": "53.1.0",
    "1.21.4-latest": "54.1.13",
    "1.21.4-recommended": "54.1.0",
    "1.21.5-latest": "55.1.7",
    "1.21.5-recommended": "55.1.0",
    "1.21.6-latest": "56.0.9",
    "1.21.7-latest": "57.0.3",
    "1.21.8-latest": "58.1.14",
    "1.21.8-recommended": "58.1.0",
    "1.21.9-latest": "59.0.5",
    "1.21.10-latest": "60.1.8",
    "1.21.10-recommended": "60.1.0",
    "1.21.11-latest": "61.0.8"
  }
}
[01Feb2026 06:54:06.873] [Forge Version Check/INFO] [net.minecraftforge.fml.VersionChecker/]: [forge] Found status: UP_TO_DATE Current: 47.4.10 Target: null
[01Feb2026 06:54:06.874] [Forge Version Check/INFO] [net.minecraftforge.fml.VersionChecker/]: [rrls] Starting version check at https://api.modrinth.com/updates/rrls/forge_updates.json
[01Feb2026 06:54:07.212] [Forge Version Check/DEBUG] [net.minecraftforge.fml.VersionChecker/]: [rrls] Received version check data:
{"homepage":"https://modrinth.com/mod/rrls","promos":{"1.19.4-recommended":"1.19.4-3.1.0-forge","1.16.5-recommended":"1.5.1-forge","1.20.1-latest":"4.0.6.1+mc1.20.1-forge","1.19.4-latest":"1.19.4-3.1.0-forge","1.16.5-latest":"1.5.1-forge","1.19.2-recommended":"1.19.2-3.1.1-forge","1.19.2-latest":"1.19.2-3.1.1-forge","1.18.2-recommended":"1.18.2-3.1.0-forge","1.18.2-latest":"1.18.2-3.1.0-forge","1.20-latest":"3.2.0-1.20.1-forge","1.20.1-recommended":"4.0.6.1+mc1.20.1-forge","1.19.3-recommended":"1.19.2-3.1.1-forge","1.20-recommended":"3.2.0-1.20.1-forge","1.19.3-latest":"1.19.2-3.1.1-forge"}}
[01Feb2026 06:54:07.213] [Forge Version Check/INFO] [net.minecraftforge.fml.VersionChecker/]: [rrls] Found status: UP_TO_DATE Current: 4.0.6.1+mc1.20.1-forge Target: null
[01Feb2026 06:54:07.916] [main/INFO] [com.mojang.authlib.yggdrasil.YggdrasilAuthenticationService/]: Environment: authHost='https://authserver.mojang.com', accountsHost='https://api.mojang.com', sessionHost='https://sessionserver.mojang.com', servicesHost='https://api.minecraftservices.com', name='PROD'
[01Feb2026 06:54:08.975] [main/DEBUG] [net.minecraftforge.registries.ObjectHolderRef/]: Unable to lookup virtuarealcraft:curse_flame for public static net.minecraft.world.effect.MobEffect com.atsuishio.superbwarfare.compat.CompatHolder.VRC_CURSE_FLAME. This means the object wasn't registered. It's likely just mod options.
[01Feb2026 06:54:09.019] [main/DEBUG] [mixin/]: Mixing access.PackRepositoryAccessor from platform-common.mixins.json into net.minecraft.server.packs.repository.PackRepository
[01Feb2026 06:54:09.023] [main/WARN] [net.minecraft.server.packs.VanillaPackResourcesBuilder/]: Assets URL 'union:/workspaces/test-aja/libraries/net/minecraft/server/1.20.1-20230612.114412/server-1.20.1-20230612.114412-srg.jar%23197!/assets/.mcassetsroot' uses unexpected schema
[01Feb2026 06:54:09.024] [main/WARN] [net.minecraft.server.packs.VanillaPackResourcesBuilder/]: Assets URL 'union:/workspaces/test-aja/libraries/net/minecraft/server/1.20.1-20230612.114412/server-1.20.1-20230612.114412-srg.jar%23197!/data/.mcassetsroot' uses unexpected schema
[01Feb2026 06:54:09.069] [main/DEBUG] [net.minecraftforge.fml.config.ConfigTracker/CONFIG]: Config file tacz-pre.toml for minecraft tracking
[01Feb2026 06:54:09.070] [main/DEBUG] [net.minecraftforge.fml.config.ConfigFileTypeHandler/CONFIG]: Built TOML config for /workspaces/test-aja/tacz/tacz-pre.toml
[01Feb2026 06:54:09.070] [main/DEBUG] [net.minecraftforge.fml.config.ConfigFileTypeHandler/CONFIG]: Loaded TOML config file /workspaces/test-aja/tacz/tacz-pre.toml
[01Feb2026 06:54:09.070] [main/DEBUG] [net.minecraftforge.fml.config.ConfigFileTypeHandler/CONFIG]: Watching TOML config file /workspaces/test-aja/tacz/tacz-pre.toml for changes
[01Feb2026 06:54:09.071] [Thread-2/DEBUG] [net.minecraftforge.fml.config.ConfigFileTypeHandler/CONFIG]: Config file tacz-pre.toml changed, sending notifies
[01Feb2026 06:54:09.071] [Thread-2/DEBUG] [net.minecraftforge.fml.config.ConfigFileTypeHandler/CONFIG]: Config file tacz-pre.toml changed, sending notifies
[01Feb2026 06:54:14.199] [main/INFO] [tacz/GunPackFinder]: Start scanning for gun packs in /workspaces/test-aja/tacz
[01Feb2026 06:54:14.203] [main/INFO] [tacz/GunPackFinder]: - Applied Armorer-v1.1.4.1-for114+.zip, Main namespace: applied_armorer
[01Feb2026 06:54:14.204] [main/INFO] [tacz/GunPackFinder]: - ARIPS_ver.1.3.0.zip, Main namespace: arip
[01Feb2026 06:54:14.204] [main/INFO] [tacz/GunPackFinder]: - The Division pack_ver.0.3.3.zip, Main namespace: gz
[01Feb2026 06:54:14.205] [main/INFO] [tacz/GunPackFinder]: - [Tacz1.1.5+]EMX-Arms GunsPack ver1.1.5.zip.zip, Main namespace: emitech
[01Feb2026 06:54:14.205] [main/INFO] [tacz/GunPackFinder]: - tacz_default_gun, Main namespace: tacz
[01Feb2026 06:54:14.207] [main/INFO] [tacz/GunPackFinder]: - [Tacz1.1.7+]CIBR_GunsPack_v0.3_1.1.7.zip, Main namespace: cib
[01Feb2026 06:54:14.208] [main/ERROR] [tacz/GunPackFinder]: Failed to load extension from ZIP Gucci Attachments-v0.1.1.r-0607-152243.zip. Error: No gunpack.meta.json found
[01Feb2026 06:54:14.209] [main/INFO] [tacz/GunPackFinder]: - Cyber Armorer-1.1.5_for114.zip, Main namespace: cyber_armorer
[01Feb2026 06:54:14.211] [main/ERROR] [tacz/GunPackFinder]: Failed to load extension from ZIP TTI_Gunpack-v1.0.0.zip. Error: No gunpack.meta.json found
[01Feb2026 06:54:14.211] [main/INFO] [tacz/GunPackFinder]: Found 7 possible gunpack(s) and added them to resource set.
[01Feb2026 06:54:14.497] [main/DEBUG] [net.minecraftforge.server.ServerLifecycleHooks/CORE]: Generating PackInfo named mod:doubledoors for mod file /workspaces/test-aja/mods/doubledoors-1.20.1-7.2.jar
[01Feb2026 06:54:14.497] [main/DEBUG] [net.minecraftforge.server.ServerLifecycleHooks/CORE]: Generating PackInfo named mod:kuma_api for mod file 
[01Feb2026 06:54:14.497] [main/DEBUG] [net.minecraftforge.server.ServerLifecycleHooks/CORE]: Generating PackInfo named mod:almanac for mod file /workspaces/test-aja/mods/almanac-1.20.x-forge-1.0.2.jar
[01Feb2026 06:54:14.498] [main/DEBUG] [net.minecraftforge.server.ServerLifecycleHooks/CORE]: Generating PackInfo named mod:openpartiesandclaims for mod file /workspaces/test-aja/mods/open-parties-and-claims-forge-1.20.1-0.25.8.jar
[01Feb2026 06:54:14.498] [main/DEBUG] [net.minecraftforge.server.ServerLifecycleHooks/CORE]: Generating PackInfo named mod:geckolib for mod file /workspaces/test-aja/mods/geckolib-forge-1.20.1-4.8.2.jar
[01Feb2026 06:54:14.498] [main/DEBUG] [net.minecraftforge.server.ServerLifecycleHooks/CORE]: Generating PackInfo named mod:undeadnights for mod file /workspaces/test-aja/mods/UndeadNights-2.1.0-Forge-mc1.20.1.jar
[01Feb2026 06:54:14.498] [main/DEBUG] [net.minecraftforge.server.ServerLifecycleHooks/CORE]: Generating PackInfo named mod:jei for mod file /workspaces/test-aja/mods/jei-1.20.1-forge-15.20.0.129.jar
[01Feb2026 06:54:14.498] [main/DEBUG] [net.minecraftforge.server.ServerLifecycleHooks/CORE]: Generating PackInfo named mod:xaerolib for mod file 
[01Feb2026 06:54:14.498] [main/DEBUG] [net.minecraftforge.server.ServerLifecycleHooks/CORE]: Generating PackInfo named mod:tacz for mod file /workspaces/test-aja/mods/tacz-1.20.1-1.1.7-hotfix.jar
[01Feb2026 06:54:14.499] [main/DEBUG] [net.minecraftforge.server.ServerLifecycleHooks/CORE]: Generating PackInfo named mod:dynamiclights for mod file /workspaces/test-aja/mods/dynamiclights-v1.9-mc1.17-1.21.9-mod.jar
[01Feb2026 06:54:14.499] [main/DEBUG] [net.minecraftforge.server.ServerLifecycleHooks/CORE]: Generating PackInfo named mod:sophisticatedcore for mod file /workspaces/test-aja/mods/sophisticatedcore-1.20.1-1.3.0.1439.jar
[01Feb2026 06:54:14.499] [main/DEBUG] [net.minecraftforge.server.ServerLifecycleHooks/CORE]: Generating PackInfo named mod:underground_bunkers for mod file /workspaces/test-aja/mods/UndergroundBunkers-1.0.5-1.20.x-forge.jar
[01Feb2026 06:54:14.499] [main/DEBUG] [net.minecraftforge.server.ServerLifecycleHooks/CORE]: Generating PackInfo named mod:waystones for mod file /workspaces/test-aja/mods/waystones-forge-1.20.1-14.1.18.jar
[01Feb2026 06:54:14.499] [main/DEBUG] [net.minecraftforge.server.ServerLifecycleHooks/CORE]: Generating PackInfo named mod:clumps for mod file /workspaces/test-aja/mods/Clumps-forge-1.20.1-12.0.0.4.jar
[01Feb2026 06:54:14.500] [main/DEBUG] [net.minecraftforge.server.ServerLifecycleHooks/CORE]: Generating PackInfo named mod:xaeroworldmap for mod file /workspaces/test-aja/mods/xaeroworldmap-forge-1.20.1-1.40.6.jar
[01Feb2026 06:54:14.500] [main/DEBUG] [net.minecraftforge.server.ServerLifecycleHooks/CORE]: Generating PackInfo named mod:mixinextras for mod file 
[01Feb2026 06:54:14.501] [main/DEBUG] [net.minecraftforge.server.ServerLifecycleHooks/CORE]: Generating PackInfo named mod:mr_veinminer for mod file /workspaces/test-aja/mods/veinminer-1.1.0.jar
[01Feb2026 06:54:14.501] [main/DEBUG] [net.minecraftforge.server.ServerLifecycleHooks/CORE]: Generating PackInfo named mod:sophisticatedbackpacks for mod file /workspaces/test-aja/mods/sophisticatedbackpacks-1.20.1-3.24.20.1500.jar
[01Feb2026 06:54:14.501] [main/DEBUG] [net.minecraftforge.server.ServerLifecycleHooks/CORE]: Generating PackInfo named mod:midnightlib for mod file /workspaces/test-aja/mods/midnightlib-forge-1.9.2+1.20.1.jar
[01Feb2026 06:54:14.501] [main/DEBUG] [net.minecraftforge.server.ServerLifecycleHooks/CORE]: Generating PackInfo named mod:mutantszombies for mod file /workspaces/test-aja/mods/MutantsZombies-1.3.2-Forge-mc1.20.1.jar
[01Feb2026 06:54:14.501] [main/DEBUG] [net.minecraftforge.server.ServerLifecycleHooks/CORE]: Generating PackInfo named mod:superbwarfare for mod file /workspaces/test-aja/mods/superbwarfare-1.20.1-0.8.8-final-6a6b54795.jar
[01Feb2026 06:54:14.502] [main/DEBUG] [net.minecraftforge.server.ServerLifecycleHooks/CORE]: Generating PackInfo named mod:balm for mod file /workspaces/test-aja/mods/balm-forge-1.20.1-7.3.38-all.jar
[01Feb2026 06:54:14.502] [main/DEBUG] [net.minecraftforge.server.ServerLifecycleHooks/CORE]: Generating PackInfo named mod:carryon for mod file /workspaces/test-aja/mods/carryon-forge-1.20.1-2.1.2.7.jar
[01Feb2026 06:54:14.502] [main/DEBUG] [net.minecraftforge.server.ServerLifecycleHooks/CORE]: Generating PackInfo named mod:memoryleakfix for mod file /workspaces/test-aja/mods/memoryleakfix-forge-1.17+-1.1.5.jar
[01Feb2026 06:54:14.502] [main/DEBUG] [net.minecraftforge.server.ServerLifecycleHooks/CORE]: Generating PackInfo named mod:forge for mod file /workspaces/test-aja/libraries/net/minecraftforge/forge/1.20.1-47.4.10/forge-1.20.1-47.4.10-universal.jar
[01Feb2026 06:54:14.502] [main/DEBUG] [net.minecraftforge.server.ServerLifecycleHooks/CORE]: Generating PackInfo named mod:sona for mod file /workspaces/test-aja/mods/Sona-1.20.1-forge-1.4.2.jar
[01Feb2026 06:54:14.502] [main/DEBUG] [net.minecraftforge.server.ServerLifecycleHooks/CORE]: Generating PackInfo named mod:zombiekit for mod file /workspaces/test-aja/mods/Zombie Survival Kit-1.20.1-forge-2.1.8.jar
[01Feb2026 06:54:14.503] [main/DEBUG] [net.minecraftforge.server.ServerLifecycleHooks/CORE]: Generating PackInfo named mod:chovys_apocalypse_mod for mod file /workspaces/test-aja/mods/chovys_apocalypse_mod-1.9.jar
[01Feb2026 06:54:14.503] [main/DEBUG] [net.minecraftforge.server.ServerLifecycleHooks/CORE]: Generating PackInfo named mod:infectious for mod file /workspaces/test-aja/mods/Infectious-forge-1.20.1-1.7.jar
[01Feb2026 06:54:14.503] [main/DEBUG] [net.minecraftforge.server.ServerLifecycleHooks/CORE]: Generating PackInfo named mod:libipn for mod file /workspaces/test-aja/mods/libIPN-forge-1.20-4.0.2.jar
[01Feb2026 06:54:14.503] [main/DEBUG] [net.minecraftforge.server.ServerLifecycleHooks/CORE]: Generating PackInfo named mod:nochatreports for mod file /workspaces/test-aja/mods/NoChatReports-FORGE-1.20.1-v2.2.2.jar
[01Feb2026 06:54:14.503] [main/DEBUG] [net.minecraftforge.server.ServerLifecycleHooks/CORE]: Generating PackInfo named mod:jade for mod file /workspaces/test-aja/mods/Jade-1.20.1-Forge-11.13.2.jar
[01Feb2026 06:54:14.504] [main/DEBUG] [net.minecraftforge.server.ServerLifecycleHooks/CORE]: Generating PackInfo named mod:chunky for mod file /workspaces/test-aja/mods/Chunky-1.3.146.jar
[01Feb2026 06:54:14.504] [main/DEBUG] [net.minecraftforge.server.ServerLifecycleHooks/CORE]: Generating PackInfo named mod:platform for mod file /workspaces/test-aja/mods/Platform-forge-1.20.1-1.2.11.3.jar
[01Feb2026 06:54:14.504] [main/DEBUG] [net.minecraftforge.server.ServerLifecycleHooks/CORE]: Generating PackInfo named mod:kotlinforforge for mod file 
[01Feb2026 06:54:14.504] [main/DEBUG] [net.minecraftforge.server.ServerLifecycleHooks/CORE]: Generating PackInfo named mod:rottencreatures for mod file /workspaces/test-aja/mods/rottencreatures-forge-1.20.1-1.1.0.jar
[01Feb2026 06:54:14.504] [main/DEBUG] [net.minecraftforge.server.ServerLifecycleHooks/CORE]: Generating PackInfo named mod:curios for mod file /workspaces/test-aja/mods/curios-forge-5.14.1+1.20.1.jar
[01Feb2026 06:54:14.504] [main/DEBUG] [net.minecraftforge.server.ServerLifecycleHooks/CORE]: Generating PackInfo named mod:xaerominimap for mod file /workspaces/test-aja/mods/xaerominimap-forge-1.20.1-25.3.5.jar
[01Feb2026 06:54:14.505] [main/DEBUG] [net.minecraftforge.server.ServerLifecycleHooks/CORE]: Generating PackInfo named mod:collective for mod file /workspaces/test-aja/mods/collective-1.20.1-8.13.jar
[01Feb2026 06:54:14.505] [main/DEBUG] [net.minecraftforge.server.ServerLifecycleHooks/CORE]: Generating PackInfo named mod:sit for mod file /workspaces/test-aja/mods/sit-1.20.1-1.3.5.jar
[01Feb2026 06:54:14.505] [main/DEBUG] [net.minecraftforge.server.ServerLifecycleHooks/CORE]: Generating PackInfo named mod:lostcities for mod file /workspaces/test-aja/mods/lostcities-1.20-7.4.11.jar
[01Feb2026 06:54:14.505] [main/DEBUG] [net.minecraftforge.server.ServerLifecycleHooks/CORE]: Generating PackInfo named mod:inventoryprofilesnext for mod file /workspaces/test-aja/mods/InventoryProfilesNext-forge-1.20-1.10.19.jar
[01Feb2026 06:54:14.505] [main/DEBUG] [net.minecraftforge.server.ServerLifecycleHooks/CORE]: Generating PackInfo named mod:automobility for mod file /workspaces/test-aja/mods/automobility-0.4.2+1.20.1-forge.jar
[01Feb2026 06:54:14.505] [main/DEBUG] [net.minecraftforge.server.ServerLifecycleHooks/CORE]: Generating PackInfo named mod:architectury for mod file /workspaces/test-aja/mods/architectury-9.2.14-forge.jar
[01Feb2026 06:54:14.506] [main/DEBUG] [net.minecraftforge.server.ServerLifecycleHooks/CORE]: Generating PackInfo named mod:zombie_variants for mod file /workspaces/test-aja/mods/zombie_variants-forge-1.0.3-1.20.1.jar
[01Feb2026 06:54:14.506] [main/DEBUG] [net.minecraftforge.server.ServerLifecycleHooks/CORE]: Generating PackInfo named mod:appleskin for mod file /workspaces/test-aja/mods/appleskin-forge-mc1.20.1-2.5.1.jar
[01Feb2026 06:54:14.506] [main/DEBUG] [net.minecraftforge.server.ServerLifecycleHooks/CORE]: Generating PackInfo named mod:ferritecore for mod file /workspaces/test-aja/mods/ferritecore-6.0.1-forge.jar
[01Feb2026 06:54:14.506] [main/DEBUG] [net.minecraftforge.server.ServerLifecycleHooks/CORE]: Generating PackInfo named mod:rrls for mod file /workspaces/test-aja/mods/rrls-4.0.6.1+mc1.20.1-forge.jar
[01Feb2026 06:54:14.507] [main/DEBUG] [net.minecraftforge.server.ServerLifecycleHooks/CORE]: Generating PackInfo named mod:jadeaddons for mod file /workspaces/test-aja/mods/JadeAddons-1.20.1-Forge-5.5.0.jar
[01Feb2026 06:54:14.507] [main/DEBUG] [net.minecraftforge.server.ServerLifecycleHooks/CORE]: Generating PackInfo named mod:fallingtree for mod file /workspaces/test-aja/mods/FallingTree-1.20.1-4.3.4.jar
[01Feb2026 06:54:14.507] [main/DEBUG] [net.minecraftforge.server.ServerLifecycleHooks/CORE]: Generating PackInfo named mod:simply_traps for mod file /workspaces/test-aja/mods/simply_traps-1.7-forge-1.20.1.jar
[01Feb2026 06:54:14.507] [main/DEBUG] [net.minecraftforge.server.ServerLifecycleHooks/CORE]: Generating PackInfo named mod:skinrestorer for mod file /workspaces/test-aja/mods/skinrestorer-2.5.0+1.20-forge.jar
[01Feb2026 06:54:15.020] [main/DEBUG] [mixin/]: Mixing common.OverworldBiomeBuilderMixin from platform-common.mixins.json into net.minecraft.world.level.biome.OverworldBiomeBuilder
[01Feb2026 06:54:15.431] [main/DEBUG] [mixin/]: Mixing PrimaryLevelDataMixin from collective_forge.mixins.json into net.minecraft.world.level.storage.PrimaryLevelData
[01Feb2026 06:54:15.450] [main/DEBUG] [mixin/]: Mixing MixinLootDataManager from architectury.mixins.json into net.minecraft.world.level.storage.loot.LootDataManager
[01Feb2026 06:54:15.465] [main/DEBUG] [mixin/]: Mixing LootPoolMixin from platform.mixins.json into net.minecraft.world.level.storage.loot.LootPool
[01Feb2026 06:54:15.471] [main/DEBUG] [mixin/]: Mixing CommandsMixin from almanac.mixins.json into net.minecraft.commands.Commands
[01Feb2026 06:54:15.587] [main/DEBUG] [mixin/]: Mixing MsgCommandMixin from sona.mixins.json into net.minecraft.server.commands.MsgCommand
[01Feb2026 06:54:15.587] [main/DEBUG] [mixin/]: Renaming synthetic method lambda$onSendMessage$1(Lnet/minecraft/server/level/ServerPlayer;Lnet/minecraft/server/level/ServerPlayer;)Z to md63ae9b$lambda$onSendMessage$1$0 in sona.mixins.json:MsgCommandMixin
[01Feb2026 06:54:15.587] [main/DEBUG] [mixin/]: Renaming synthetic method lambda$onSendMessage$0(Lnet/minecraft/server/level/ServerPlayer;ILnet/minecraft/server/level/ServerPlayer;)Z to md63ae9b$lambda$onSendMessage$0$1 in sona.mixins.json:MsgCommandMixin
[01Feb2026 06:54:15.619] [main/DEBUG] [net.minecraftforge.coremod.transformer.CoreModBaseTransformer/COREMOD]: Transforming net/minecraft/server/commands/SummonCommand
[01Feb2026 06:54:16.060] [Worker-Main-1/DEBUG] [mixin/]: Mixing MixinNbtPredicate from curios.mixins.json into net.minecraft.advancements.critereon.NbtPredicate
[01Feb2026 06:54:16.076] [Worker-Main-1/DEBUG] [net.minecraftforge.coremod.transformer.CoreModBaseTransformer/COREMOD]: Transforming net/minecraft/world/entity/raid/Raid
[01Feb2026 06:54:16.162] [Worker-Main-1/DEBUG] [mixin/]: Mixing MixinRaid from openpartiesandclaims.mixins.json into net.minecraft.world.entity.raid.Raid
[01Feb2026 06:54:16.163] [Worker-Main-3/ERROR] [net.minecraft.server.packs.resources.SimpleJsonResourceReloadListener/]: Couldn't parse data file atea:attachments/muzzle_rotex5i from atea:recipes/attachments/muzzle_rotex5i.json
com.google.gson.JsonParseException: com.google.gson.stream.MalformedJsonException: Unterminated array at line 15 column 6 path $.materials[2]
	at net.minecraft.util.GsonHelper.m_13780_(GsonHelper.java:526) ~[server-1.20.1-20230612.114412-srg.jar%23197!/:?]
	at net.minecraft.util.GsonHelper.m_263475_(GsonHelper.java:531) ~[server-1.20.1-20230612.114412-srg.jar%23197!/:?]
	at net.minecraft.util.GsonHelper.m_13776_(GsonHelper.java:581) ~[server-1.20.1-20230612.114412-srg.jar%23197!/:?]
	at net.minecraft.server.packs.resources.SimpleJsonResourceReloadListener.m_278771_(SimpleJsonResourceReloadListener.java:41) ~[server-1.20.1-20230612.114412-srg.jar%23197!/:?]
	at net.minecraft.server.packs.resources.SimpleJsonResourceReloadListener.m_5944_(SimpleJsonResourceReloadListener.java:29) ~[server-1.20.1-20230612.114412-srg.jar%23197!/:?]
	at net.minecraft.server.packs.resources.SimpleJsonResourceReloadListener.m_5944_(SimpleJsonResourceReloadListener.java:17) ~[server-1.20.1-20230612.114412-srg.jar%23197!/:?]
	at net.minecraft.server.packs.resources.SimplePreparableReloadListener.m_10786_(SimplePreparableReloadListener.java:11) ~[server-1.20.1-20230612.114412-srg.jar%23197!/:?]
	at java.util.concurrent.CompletableFuture$AsyncSupply.run(CompletableFuture.java:1789) ~[?:?]
	at java.util.concurrent.CompletableFuture$AsyncSupply.exec(CompletableFuture.java:1781) ~[?:?]
	at java.util.concurrent.ForkJoinTask.doExec(ForkJoinTask.java:511) ~[?:?]
	at java.util.concurrent.ForkJoinPool$WorkQueue.topLevelExec(ForkJoinPool.java:1450) ~[?:?]
	at java.util.concurrent.ForkJoinPool.runWorker(ForkJoinPool.java:2019) ~[?:?]
	at java.util.concurrent.ForkJoinWorkerThread.run(ForkJoinWorkerThread.java:187) ~[?:?]
Caused by: com.google.gson.stream.MalformedJsonException: Unterminated array at line 15 column 6 path $.materials[2]
	at com.google.gson.stream.JsonReader.syntaxError(JsonReader.java:1657) ~[gson-2.10.jar%2372!/:?]
	at com.google.gson.stream.JsonReader.doPeek(JsonReader.java:485) ~[gson-2.10.jar%2372!/:?]
	at com.google.gson.stream.JsonReader.hasNext(JsonReader.java:422) ~[gson-2.10.jar%2372!/:?]
	at com.google.gson.internal.bind.TypeAdapters$28.read(TypeAdapters.java:779) ~[gson-2.10.jar%2372!/:?]
	at com.google.gson.internal.bind.TypeAdapters$28.read(TypeAdapters.java:725) ~[gson-2.10.jar%2372!/:?]
	at com.google.gson.internal.bind.TypeAdapters$34$1.read(TypeAdapters.java:1007) ~[gson-2.10.jar%2372!/:?]
	at net.minecraft.util.GsonHelper.m_13780_(GsonHelper.java:524) ~[server-1.20.1-20230612.114412-srg.jar%23197!/:?]
	... 12 more
[01Feb2026 06:54:16.172] [Worker-Main-3/ERROR] [net.minecraft.server.packs.resources.SimpleJsonResourceReloadListener/]: Couldn't parse data file arip:attachments/tacit from arip:recipes/attachments/tacit.json
com.google.gson.JsonParseException: com.google.gson.stream.MalformedJsonException: Unterminated array at line 9 column 14 path $.materials[2]
	at net.minecraft.util.GsonHelper.m_13780_(GsonHelper.java:526) ~[server-1.20.1-20230612.114412-srg.jar%23197!/:?]
	at net.minecraft.util.GsonHelper.m_263475_(GsonHelper.java:531) ~[server-1.20.1-20230612.114412-srg.jar%23197!/:?]
	at net.minecraft.util.GsonHelper.m_13776_(GsonHelper.java:581) ~[server-1.20.1-20230612.114412-srg.jar%23197!/:?]
	at net.minecraft.server.packs.resources.SimpleJsonResourceReloadListener.m_278771_(SimpleJsonResourceReloadListener.java:41) ~[server-1.20.1-20230612.114412-srg.jar%23197!/:?]
	at net.minecraft.server.packs.resources.SimpleJsonResourceReloadListener.m_5944_(SimpleJsonResourceReloadListener.java:29) ~[server-1.20.1-20230612.114412-srg.jar%23197!/:?]
	at net.minecraft.server.packs.resources.SimpleJsonResourceReloadListener.m_5944_(SimpleJsonResourceReloadListener.java:17) ~[server-1.20.1-20230612.114412-srg.jar%23197!/:?]
	at net.minecraft.server.packs.resources.SimplePreparableReloadListener.m_10786_(SimplePreparableReloadListener.java:11) ~[server-1.20.1-20230612.114412-srg.jar%23197!/:?]
	at java.util.concurrent.CompletableFuture$AsyncSupply.run(CompletableFuture.java:1789) ~[?:?]
	at java.util.concurrent.CompletableFuture$AsyncSupply.exec(CompletableFuture.java:1781) ~[?:?]
	at java.util.concurrent.ForkJoinTask.doExec(ForkJoinTask.java:511) ~[?:?]
	at java.util.concurrent.ForkJoinPool$WorkQueue.topLevelExec(ForkJoinPool.java:1450) ~[?:?]
	at java.util.concurrent.ForkJoinPool.runWorker(ForkJoinPool.java:2019) ~[?:?]
	at java.util.concurrent.ForkJoinWorkerThread.run(ForkJoinWorkerThread.java:187) ~[?:?]
Caused by: com.google.gson.stream.MalformedJsonException: Unterminated array at line 9 column 14 path $.materials[2]
	at com.google.gson.stream.JsonReader.syntaxError(JsonReader.java:1657) ~[gson-2.10.jar%2372!/:?]
	at com.google.gson.stream.JsonReader.doPeek(JsonReader.java:485) ~[gson-2.10.jar%2372!/:?]
	at com.google.gson.stream.JsonReader.hasNext(JsonReader.java:422) ~[gson-2.10.jar%2372!/:?]
	at com.google.gson.internal.bind.TypeAdapters$28.read(TypeAdapters.java:779) ~[gson-2.10.jar%2372!/:?]
	at com.google.gson.internal.bind.TypeAdapters$28.read(TypeAdapters.java:725) ~[gson-2.10.jar%2372!/:?]
	at com.google.gson.internal.bind.TypeAdapters$34$1.read(TypeAdapters.java:1007) ~[gson-2.10.jar%2372!/:?]
	at net.minecraft.util.GsonHelper.m_13780_(GsonHelper.java:524) ~[server-1.20.1-20230612.114412-srg.jar%23197!/:?]
	... 12 more
[01Feb2026 06:54:16.318] [Worker-Main-3/ERROR] [net.minecraft.server.packs.resources.SimpleJsonResourceReloadListener/]: Couldn't parse data file zugzwang:tacz/gun/g36k from zugzwang:recipes/tacz/gun/g36k.json
com.google.gson.JsonParseException: com.google.gson.stream.MalformedJsonException: Unterminated object at line 7 column 9 path $.materials[0].item.tag
	at net.minecraft.util.GsonHelper.m_13780_(GsonHelper.java:526) ~[server-1.20.1-20230612.114412-srg.jar%23197!/:?]
	at net.minecraft.util.GsonHelper.m_263475_(GsonHelper.java:531) ~[server-1.20.1-20230612.114412-srg.jar%23197!/:?]
	at net.minecraft.util.GsonHelper.m_13776_(GsonHelper.java:581) ~[server-1.20.1-20230612.114412-srg.jar%23197!/:?]
	at net.minecraft.server.packs.resources.SimpleJsonResourceReloadListener.m_278771_(SimpleJsonResourceReloadListener.java:41) ~[server-1.20.1-20230612.114412-srg.jar%23197!/:?]
	at net.minecraft.server.packs.resources.SimpleJsonResourceReloadListener.m_5944_(SimpleJsonResourceReloadListener.java:29) ~[server-1.20.1-20230612.114412-srg.jar%23197!/:?]
	at net.minecraft.server.packs.resources.SimpleJsonResourceReloadListener.m_5944_(SimpleJsonResourceReloadListener.java:17) ~[server-1.20.1-20230612.114412-srg.jar%23197!/:?]
	at net.minecraft.server.packs.resources.SimplePreparableReloadListener.m_10786_(SimplePreparableReloadListener.java:11) ~[server-1.20.1-20230612.114412-srg.jar%23197!/:?]
	at java.util.concurrent.CompletableFuture$AsyncSupply.run(CompletableFuture.java:1789) ~[?:?]
	at java.util.concurrent.CompletableFuture$AsyncSupply.exec(CompletableFuture.java:1781) ~[?:?]
	at java.util.concurrent.ForkJoinTask.doExec(ForkJoinTask.java:511) ~[?:?]
	at java.util.concurrent.ForkJoinPool$WorkQueue.topLevelExec(ForkJoinPool.java:1450) ~[?:?]
	at java.util.concurrent.ForkJoinPool.runWorker(ForkJoinPool.java:2019) ~[?:?]
	at java.util.concurrent.ForkJoinWorkerThread.run(ForkJoinWorkerThread.java:187) ~[?:?]
Caused by: com.google.gson.stream.MalformedJsonException: Unterminated object at line 7 column 9 path $.materials[0].item.tag
	at com.google.gson.stream.JsonReader.syntaxError(JsonReader.java:1657) ~[gson-2.10.jar%2372!/:?]
	at com.google.gson.stream.JsonReader.doPeek(JsonReader.java:500) ~[gson-2.10.jar%2372!/:?]
	at com.google.gson.stream.JsonReader.hasNext(JsonReader.java:422) ~[gson-2.10.jar%2372!/:?]
	at com.google.gson.internal.bind.TypeAdapters$28.read(TypeAdapters.java:779) ~[gson-2.10.jar%2372!/:?]
	at com.google.gson.internal.bind.TypeAdapters$28.read(TypeAdapters.java:725) ~[gson-2.10.jar%2372!/:?]
	at com.google.gson.internal.bind.TypeAdapters$34$1.read(TypeAdapters.java:1007) ~[gson-2.10.jar%2372!/:?]
	at net.minecraft.util.GsonHelper.m_13780_(GsonHelper.java:524) ~[server-1.20.1-20230612.114412-srg.jar%23197!/:?]
	... 12 more
[01Feb2026 06:54:16.320] [Worker-Main-3/ERROR] [net.minecraft.server.packs.resources.SimpleJsonResourceReloadListener/]: Couldn't parse data file zugzwang:tacz/gun/qbz_95 from zugzwang:recipes/tacz/gun/qbz_95.json
com.google.gson.JsonParseException: com.google.gson.stream.MalformedJsonException: Unterminated object at line 8 column 4 path $.materials[0].count
	at net.minecraft.util.GsonHelper.m_13780_(GsonHelper.java:526) ~[server-1.20.1-20230612.114412-srg.jar%23197!/:?]
	at net.minecraft.util.GsonHelper.m_263475_(GsonHelper.java:531) ~[server-1.20.1-20230612.114412-srg.jar%23197!/:?]
	at net.minecraft.util.GsonHelper.m_13776_(GsonHelper.java:581) ~[server-1.20.1-20230612.114412-srg.jar%23197!/:?]
	at net.minecraft.server.packs.resources.SimpleJsonResourceReloadListener.m_278771_(SimpleJsonResourceReloadListener.java:41) ~[server-1.20.1-20230612.114412-srg.jar%23197!/:?]
	at net.minecraft.server.packs.resources.SimpleJsonResourceReloadListener.m_5944_(SimpleJsonResourceReloadListener.java:29) ~[server-1.20.1-20230612.114412-srg.jar%23197!/:?]
	at net.minecraft.server.packs.resources.SimpleJsonResourceReloadListener.m_5944_(SimpleJsonResourceReloadListener.java:17) ~[server-1.20.1-20230612.114412-srg.jar%23197!/:?]
	at net.minecraft.server.packs.resources.SimplePreparableReloadListener.m_10786_(SimplePreparableReloadListener.java:11) ~[server-1.20.1-20230612.114412-srg.jar%23197!/:?]
	at java.util.concurrent.CompletableFuture$AsyncSupply.run(CompletableFuture.java:1789) ~[?:?]
	at java.util.concurrent.CompletableFuture$AsyncSupply.exec(CompletableFuture.java:1781) ~[?:?]
	at java.util.concurrent.ForkJoinTask.doExec(ForkJoinTask.java:511) ~[?:?]
	at java.util.concurrent.ForkJoinPool$WorkQueue.topLevelExec(ForkJoinPool.java:1450) ~[?:?]
	at java.util.concurrent.ForkJoinPool.runWorker(ForkJoinPool.java:2019) ~[?:?]
	at java.util.concurrent.ForkJoinWorkerThread.run(ForkJoinWorkerThread.java:187) ~[?:?]
Caused by: com.google.gson.stream.MalformedJsonException: Unterminated object at line 8 column 4 path $.materials[0].count
	at com.google.gson.stream.JsonReader.syntaxError(JsonReader.java:1657) ~[gson-2.10.jar%2372!/:?]
	at com.google.gson.stream.JsonReader.doPeek(JsonReader.java:500) ~[gson-2.10.jar%2372!/:?]
	at com.google.gson.stream.JsonReader.hasNext(JsonReader.java:422) ~[gson-2.10.jar%2372!/:?]
	at com.google.gson.internal.bind.TypeAdapters$28.read(TypeAdapters.java:779) ~[gson-2.10.jar%2372!/:?]
	at com.google.gson.internal.bind.TypeAdapters$28.read(TypeAdapters.java:725) ~[gson-2.10.jar%2372!/:?]
	at com.google.gson.internal.bind.TypeAdapters$34$1.read(TypeAdapters.java:1007) ~[gson-2.10.jar%2372!/:?]
	at net.minecraft.util.GsonHelper.m_13780_(GsonHelper.java:524) ~[server-1.20.1-20230612.114412-srg.jar%23197!/:?]
	... 12 more
[01Feb2026 06:54:16.403] [Worker-Main-2/ERROR] [net.minecraftforge.common.ForgeHooks/]: Couldn't parse element loot_tables:superbwarfare:grant_manual
com.google.gson.JsonSyntaxException: Expected name to be an item, was unknown string 'patchouli:guide_book'
	at net.minecraft.util.GsonHelper.m_13866_(GsonHelper.java:145) ~[server-1.20.1-20230612.114412-srg.jar%23197!/:?]
	at java.util.Optional.orElseThrow(Optional.java:403) ~[?:?]
	at net.minecraft.util.GsonHelper.m_13874_(GsonHelper.java:145) ~[server-1.20.1-20230612.114412-srg.jar%23197!/:?]
	at net.minecraft.util.GsonHelper.m_13909_(GsonHelper.java:153) ~[server-1.20.1-20230612.114412-srg.jar%23197!/:?]
	at net.minecraft.world.level.storage.loot.entries.LootItem$Serializer.m_7267_(LootItem.java:55) ~[server-1.20.1-20230612.114412-srg.jar%23197!/:?]
	at net.minecraft.world.level.storage.loot.entries.LootItem$Serializer.m_7267_(LootItem.java:40) ~[server-1.20.1-20230612.114412-srg.jar%23197!/:?]
	at net.minecraft.world.level.storage.loot.entries.LootPoolSingletonContainer$Serializer.m_5921_(LootPoolSingletonContainer.java:151) ~[server-1.20.1-20230612.114412-srg.jar%23197!/:?]
	at net.minecraft.world.level.storage.loot.entries.LootPoolSingletonContainer$Serializer.m_5921_(LootPoolSingletonContainer.java:129) ~[server-1.20.1-20230612.114412-srg.jar%23197!/:?]
	at net.minecraft.world.level.storage.loot.entries.LootPoolEntryContainer$Serializer.m_7561_(LootPoolEntryContainer.java:86) ~[server-1.20.1-20230612.114412-srg.jar%23197!/:?]
	at net.minecraft.world.level.storage.loot.entries.LootPoolEntryContainer$Serializer.m_7561_(LootPoolEntryContainer.java:74) ~[server-1.20.1-20230612.114412-srg.jar%23197!/:?]
	at net.minecraft.world.level.storage.loot.GsonAdapterFactory$JsonAdapter.deserialize(GsonAdapterFactory.java:102) ~[server-1.20.1-20230612.114412-srg.jar%23197!/:?]
	at com.google.gson.internal.bind.TreeTypeAdapter.read(TreeTypeAdapter.java:76) ~[gson-2.10.jar%2372!/:?]
	at com.google.gson.internal.bind.TypeAdapterRuntimeTypeWrapper.read(TypeAdapterRuntimeTypeWrapper.java:40) ~[gson-2.10.jar%2372!/:?]
	at com.google.gson.internal.bind.ArrayTypeAdapter.read(ArrayTypeAdapter.java:72) ~[gson-2.10.jar%2372!/:?]
	at com.google.gson.Gson.fromJson(Gson.java:1214) ~[gson-2.10.jar%2372!/:?]
	at com.google.gson.Gson.fromJson(Gson.java:1319) ~[gson-2.10.jar%2372!/:?]
	at com.google.gson.Gson.fromJson(Gson.java:1290) ~[gson-2.10.jar%2372!/:?]
	at com.google.gson.internal.bind.TreeTypeAdapter$GsonContextImpl.deserialize(TreeTypeAdapter.java:179) ~[gson-2.10.jar%2372!/:?]
	at net.minecraft.util.GsonHelper.m_13808_(GsonHelper.java:463) ~[server-1.20.1-20230612.114412-srg.jar%23197!/:?]
	at net.minecraft.util.GsonHelper.m_13836_(GsonHelper.java:471) ~[server-1.20.1-20230612.114412-srg.jar%23197!/:?]
	at net.minecraft.world.level.storage.loot.LootPool$Serializer.deserialize(LootPool.java:192) ~[server-1.20.1-20230612.114412-srg.jar%23197!/:?]
	at net.minecraft.world.level.storage.loot.LootPool$Serializer.deserialize(LootPool.java:189) ~[server-1.20.1-20230612.114412-srg.jar%23197!/:?]
	at com.google.gson.internal.bind.TreeTypeAdapter.read(TreeTypeAdapter.java:76) ~[gson-2.10.jar%2372!/:?]
	at com.google.gson.internal.bind.TypeAdapterRuntimeTypeWrapper.read(TypeAdapterRuntimeTypeWrapper.java:40) ~[gson-2.10.jar%2372!/:?]
	at com.google.gson.internal.bind.ArrayTypeAdapter.read(ArrayTypeAdapter.java:72) ~[gson-2.10.jar%2372!/:?]
	at com.google.gson.Gson.fromJson(Gson.java:1214) ~[gson-2.10.jar%2372!/:?]
	at com.google.gson.Gson.fromJson(Gson.java:1319) ~[gson-2.10.jar%2372!/:?]
	at com.google.gson.Gson.fromJson(Gson.java:1290) ~[gson-2.10.jar%2372!/:?]
	at com.google.gson.internal.bind.TreeTypeAdapter$GsonContextImpl.deserialize(TreeTypeAdapter.java:179) ~[gson-2.10.jar%2372!/:?]
	at net.minecraft.util.GsonHelper.m_13808_(GsonHelper.java:463) ~[server-1.20.1-20230612.114412-srg.jar%23197!/:?]
	at net.minecraft.util.GsonHelper.m_13845_(GsonHelper.java:481) ~[server-1.20.1-20230612.114412-srg.jar%23197!/:?]
	at net.minecraft.world.level.storage.loot.LootTable$Serializer.deserialize(LootTable.java:294) ~[server-1.20.1-20230612.114412-srg.jar%23197!/:?]
	at net.minecraft.world.level.storage.loot.LootTable$Serializer.deserialize(LootTable.java:291) ~[server-1.20.1-20230612.114412-srg.jar%23197!/:?]
	at com.google.gson.internal.bind.TreeTypeAdapter.read(TreeTypeAdapter.java:76) ~[gson-2.10.jar%2372!/:?]
	at com.google.gson.Gson.fromJson(Gson.java:1214) ~[gson-2.10.jar%2372!/:?]
	at com.google.gson.Gson.fromJson(Gson.java:1319) ~[gson-2.10.jar%2372!/:?]
	at com.google.gson.Gson.fromJson(Gson.java:1261) ~[gson-2.10.jar%2372!/:?]
	at net.minecraftforge.common.ForgeHooks.loadLootTable(ForgeHooks.java:872) ~[forge-1.20.1-47.4.10-universal.jar%23202!/:?]
	at net.minecraftforge.common.ForgeHooks.lambda$getLootTableDeserializer$3(ForgeHooks.java:849) ~[forge-1.20.1-47.4.10-universal.jar%23202!/:?]
	at net.minecraft.world.level.storage.loot.LootDataType.deserialize(LootDataType.java:45) ~[server-1.20.1-20230612.114412-srg.jar%23197!/:?]
	at net.minecraft.world.level.storage.loot.LootDataManager.lambda$scheduleElementParse$4(LootDataManager.java:56) ~[server-1.20.1-20230612.114412-srg.jar%23197!/:?]
	at java.util.HashMap.forEach(HashMap.java:1430) ~[?:?]
	at net.minecraft.world.level.storage.loot.LootDataManager.m_278660_(LootDataManager.java:55) ~[server-1.20.1-20230612.114412-srg.jar%23197!/:?]
	at java.util.concurrent.CompletableFuture$AsyncRun.run(CompletableFuture.java:1825) ~[?:?]
	at java.util.concurrent.CompletableFuture$AsyncRun.exec(CompletableFuture.java:1817) ~[?:?]
	at java.util.concurrent.ForkJoinTask.doExec(ForkJoinTask.java:511) ~[?:?]
	at java.util.concurrent.ForkJoinPool$WorkQueue.topLevelExec(ForkJoinPool.java:1450) ~[?:?]
	at java.util.concurrent.ForkJoinPool.runWorker(ForkJoinPool.java:2019) ~[?:?]
	at java.util.concurrent.ForkJoinWorkerThread.run(ForkJoinWorkerThread.java:187) ~[?:?]
[01Feb2026 06:54:16.656] [Worker-Main-2/ERROR] [net.minecraftforge.common.ForgeHooks/]: Couldn't parse element loot_tables:zombiekit:grant_book_on_first_join
com.google.gson.JsonSyntaxException: Expected name to be an item, was unknown string 'patchouli:guide_book'
	at net.minecraft.util.GsonHelper.m_13866_(GsonHelper.java:145) ~[server-1.20.1-20230612.114412-srg.jar%23197!/:?]
	at java.util.Optional.orElseThrow(Optional.java:403) ~[?:?]
	at net.minecraft.util.GsonHelper.m_13874_(GsonHelper.java:145) ~[server-1.20.1-20230612.114412-srg.jar%23197!/:?]
	at net.minecraft.util.GsonHelper.m_13909_(GsonHelper.java:153) ~[server-1.20.1-20230612.114412-srg.jar%23197!/:?]
	at net.minecraft.world.level.storage.loot.entries.LootItem$Serializer.m_7267_(LootItem.java:55) ~[server-1.20.1-20230612.114412-srg.jar%23197!/:?]
	at net.minecraft.world.level.storage.loot.entries.LootItem$Serializer.m_7267_(LootItem.java:40) ~[server-1.20.1-20230612.114412-srg.jar%23197!/:?]
	at net.minecraft.world.level.storage.loot.entries.LootPoolSingletonContainer$Serializer.m_5921_(LootPoolSingletonContainer.java:151) ~[server-1.20.1-20230612.114412-srg.jar%23197!/:?]
	at net.minecraft.world.level.storage.loot.entries.LootPoolSingletonContainer$Serializer.m_5921_(LootPoolSingletonContainer.java:129) ~[server-1.20.1-20230612.114412-srg.jar%23197!/:?]
	at net.minecraft.world.level.storage.loot.entries.LootPoolEntryContainer$Serializer.m_7561_(LootPoolEntryContainer.java:86) ~[server-1.20.1-20230612.114412-srg.jar%23197!/:?]
	at net.minecraft.world.level.storage.loot.entries.LootPoolEntryContainer$Serializer.m_7561_(LootPoolEntryContainer.java:74) ~[server-1.20.1-20230612.114412-srg.jar%23197!/:?]
	at net.minecraft.world.level.storage.loot.GsonAdapterFactory$JsonAdapter.deserialize(GsonAdapterFactory.java:102) ~[server-1.20.1-20230612.114412-srg.jar%23197!/:?]
	at com.google.gson.internal.bind.TreeTypeAdapter.read(TreeTypeAdapter.java:76) ~[gson-2.10.jar%2372!/:?]
	at com.google.gson.internal.bind.TypeAdapterRuntimeTypeWrapper.read(TypeAdapterRuntimeTypeWrapper.java:40) ~[gson-2.10.jar%2372!/:?]
	at com.google.gson.internal.bind.ArrayTypeAdapter.read(ArrayTypeAdapter.java:72) ~[gson-2.10.jar%2372!/:?]
	at com.google.gson.Gson.fromJson(Gson.java:1214) ~[gson-2.10.jar%2372!/:?]
	at com.google.gson.Gson.fromJson(Gson.java:1319) ~[gson-2.10.jar%2372!/:?]
	at com.google.gson.Gson.fromJson(Gson.java:1290) ~[gson-2.10.jar%2372!/:?]
	at com.google.gson.internal.bind.TreeTypeAdapter$GsonContextImpl.deserialize(TreeTypeAdapter.java:179) ~[gson-2.10.jar%2372!/:?]
	at net.minecraft.util.GsonHelper.m_13808_(GsonHelper.java:463) ~[server-1.20.1-20230612.114412-srg.jar%23197!/:?]
	at net.minecraft.util.GsonHelper.m_13836_(GsonHelper.java:471) ~[server-1.20.1-20230612.114412-srg.jar%23197!/:?]
	at net.minecraft.world.level.storage.loot.LootPool$Serializer.deserialize(LootPool.java:192) ~[server-1.20.1-20230612.114412-srg.jar%23197!/:?]
	at net.minecraft.world.level.storage.loot.LootPool$Serializer.deserialize(LootPool.java:189) ~[server-1.20.1-20230612.114412-srg.jar%23197!/:?]
	at com.google.gson.internal.bind.TreeTypeAdapter.read(TreeTypeAdapter.java:76) ~[gson-2.10.jar%2372!/:?]
	at com.google.gson.internal.bind.TypeAdapterRuntimeTypeWrapper.read(TypeAdapterRuntimeTypeWrapper.java:40) ~[gson-2.10.jar%2372!/:?]
	at com.google.gson.internal.bind.ArrayTypeAdapter.read(ArrayTypeAdapter.java:72) ~[gson-2.10.jar%2372!/:?]
	at com.google.gson.Gson.fromJson(Gson.java:1214) ~[gson-2.10.jar%2372!/:?]
	at com.google.gson.Gson.fromJson(Gson.java:1319) ~[gson-2.10.jar%2372!/:?]
	at com.google.gson.Gson.fromJson(Gson.java:1290) ~[gson-2.10.jar%2372!/:?]
	at com.google.gson.internal.bind.TreeTypeAdapter$GsonContextImpl.deserialize(TreeTypeAdapter.java:179) ~[gson-2.10.jar%2372!/:?]
	at net.minecraft.util.GsonHelper.m_13808_(GsonHelper.java:463) ~[server-1.20.1-20230612.114412-srg.jar%23197!/:?]
	at net.minecraft.util.GsonHelper.m_13845_(GsonHelper.java:481) ~[server-1.20.1-20230612.114412-srg.jar%23197!/:?]
	at net.minecraft.world.level.storage.loot.LootTable$Serializer.deserialize(LootTable.java:294) ~[server-1.20.1-20230612.114412-srg.jar%23197!/:?]
	at net.minecraft.world.level.storage.loot.LootTable$Serializer.deserialize(LootTable.java:291) ~[server-1.20.1-20230612.114412-srg.jar%23197!/:?]
	at com.google.gson.internal.bind.TreeTypeAdapter.read(TreeTypeAdapter.java:76) ~[gson-2.10.jar%2372!/:?]
	at com.google.gson.Gson.fromJson(Gson.java:1214) ~[gson-2.10.jar%2372!/:?]
	at com.google.gson.Gson.fromJson(Gson.java:1319) ~[gson-2.10.jar%2372!/:?]
	at com.google.gson.Gson.fromJson(Gson.java:1261) ~[gson-2.10.jar%2372!/:?]
	at net.minecraftforge.common.ForgeHooks.loadLootTable(ForgeHooks.java:872) ~[forge-1.20.1-47.4.10-universal.jar%23202!/:?]
	at net.minecraftforge.common.ForgeHooks.lambda$getLootTableDeserializer$3(ForgeHooks.java:849) ~[forge-1.20.1-47.4.10-universal.jar%23202!/:?]
	at net.minecraft.world.level.storage.loot.LootDataType.deserialize(LootDataType.java:45) ~[server-1.20.1-20230612.114412-srg.jar%23197!/:?]
	at net.minecraft.world.level.storage.loot.LootDataManager.lambda$scheduleElementParse$4(LootDataManager.java:56) ~[server-1.20.1-20230612.114412-srg.jar%23197!/:?]
	at java.util.HashMap.forEach(HashMap.java:1430) ~[?:?]
	at net.minecraft.world.level.storage.loot.LootDataManager.m_278660_(LootDataManager.java:55) ~[server-1.20.1-20230612.114412-srg.jar%23197!/:?]
	at java.util.concurrent.CompletableFuture$AsyncRun.run(CompletableFuture.java:1825) ~[?:?]
	at java.util.concurrent.CompletableFuture$AsyncRun.exec(CompletableFuture.java:1817) ~[?:?]
	at java.util.concurrent.ForkJoinTask.doExec(ForkJoinTask.java:511) ~[?:?]
	at java.util.concurrent.ForkJoinPool$WorkQueue.topLevelExec(ForkJoinPool.java:1450) ~[?:?]
	at java.util.concurrent.ForkJoinPool.runWorker(ForkJoinPool.java:2019) ~[?:?]
	at java.util.concurrent.ForkJoinWorkerThread.run(ForkJoinWorkerThread.java:187) ~[?:?]
[01Feb2026 06:54:16.737] [main/WARN] [net.minecraft.world.level.storage.loot.LootDataManager/]: Found loot table element validation problem in {loot_tables:minecraft:entities/bat}.pools[0].entries[0].functions[1]: Parameters [<parameter minecraft:tool>] are not provided in this context
[01Feb2026 06:54:16.762] [main/ERROR] [net.minecraft.world.item.crafting.RecipeManager/]: Parsing error loading recipe ciblr:melee/batons
com.google.gson.JsonSyntaxException: Unknown item 'lrtactical:melee'
	at net.minecraftforge.common.crafting.CraftingHelper.getItem(CraftingHelper.java:160) ~[forge-1.20.1-47.4.10-universal.jar%23202!/:?]
	at net.minecraftforge.common.crafting.CraftingHelper.getItemStack(CraftingHelper.java:186) ~[forge-1.20.1-47.4.10-universal.jar%23202!/:?]
	at net.minecraftforge.common.crafting.CraftingHelper.getItemStack(CraftingHelper.java:153) ~[forge-1.20.1-47.4.10-universal.jar%23202!/:?]
	at com.tacz.guns.resource.serialize.GunSmithTableResultSerializer.deserialize(GunSmithTableResultSerializer.java:61) ~[tacz-1.20.1-1.1.7-hotfix.jar%23187!/:1.1.7-hotfix]
	at com.tacz.guns.resource.serialize.GunSmithTableResultSerializer.deserialize(GunSmithTableResultSerializer.java:19) ~[tacz-1.20.1-1.1.7-hotfix.jar%23187!/:1.1.7-hotfix]
	at com.google.gson.internal.bind.TreeTypeAdapter.read(TreeTypeAdapter.java:76) ~[gson-2.10.jar%2372!/:?]
	at com.google.gson.internal.bind.ReflectiveTypeAdapterFactory$1.readIntoField(ReflectiveTypeAdapterFactory.java:212) ~[gson-2.10.jar%2372!/:?]
	at com.google.gson.internal.bind.ReflectiveTypeAdapterFactory$FieldReflectionAdapter.readField(ReflectiveTypeAdapterFactory.java:431) ~[gson-2.10.jar%2372!/:?]
	at com.google.gson.internal.bind.ReflectiveTypeAdapterFactory$Adapter.read(ReflectiveTypeAdapterFactory.java:391) ~[gson-2.10.jar%2372!/:?]
	at com.google.gson.Gson.fromJson(Gson.java:1214) ~[gson-2.10.jar%2372!/:?]
	at com.google.gson.Gson.fromJson(Gson.java:1319) ~[gson-2.10.jar%2372!/:?]
	at com.google.gson.Gson.fromJson(Gson.java:1261) ~[gson-2.10.jar%2372!/:?]
	at com.tacz.guns.crafting.GunSmithTableSerializer.fromJson(GunSmithTableSerializer.java:24) ~[tacz-1.20.1-1.1.7-hotfix.jar%23187!/:1.1.7-hotfix]
	at com.tacz.guns.crafting.GunSmithTableSerializer.m_6729_(GunSmithTableSerializer.java:20) ~[tacz-1.20.1-1.1.7-hotfix.jar%23187!/:1.1.7-hotfix]
	at net.minecraftforge.common.extensions.IForgeRecipeSerializer.fromJson(IForgeRecipeSerializer.java:23) ~[forge-1.20.1-47.4.10-universal.jar%23202!/:?]
	at net.minecraft.world.item.crafting.RecipeManager.fromJson(RecipeManager.java:171) ~[server-1.20.1-20230612.114412-srg.jar%23197!/:?]
	at net.minecraft.world.item.crafting.RecipeManager.m_5787_(RecipeManager.java:67) ~[server-1.20.1-20230612.114412-srg.jar%23197!/:?]
	at net.minecraft.world.item.crafting.RecipeManager.m_5787_(RecipeManager.java:34) ~[server-1.20.1-20230612.114412-srg.jar%23197!/:?]
	at net.minecraft.server.packs.resources.SimplePreparableReloadListener.m_10789_(SimplePreparableReloadListener.java:13) ~[server-1.20.1-20230612.114412-srg.jar%23197!/:?]
	at java.util.concurrent.CompletableFuture$UniAccept.tryFire(CompletableFuture.java:739) ~[?:?]
	at java.util.concurrent.CompletableFuture$Completion.run(CompletableFuture.java:503) ~[?:?]
	at net.minecraft.server.packs.resources.SimpleReloadInstance.m_143940_(SimpleReloadInstance.java:69) ~[server-1.20.1-20230612.114412-srg.jar%23197!/:?]
	at net.minecraft.Util.m_214652_(Util.java:783) ~[server-1.20.1-20230612.114412-srg.jar%23197!/:?]
	at net.minecraft.Util.m_214679_(Util.java:772) ~[server-1.20.1-20230612.114412-srg.jar%23197!/:?]
	at net.minecraft.server.Main.main(Main.java:166) ~[server-1.20.1-20230612.114412-srg.jar%23197!/:?]
	at jdk.internal.reflect.DirectMethodHandleAccessor.invoke(DirectMethodHandleAccessor.java:104) ~[?:?]
	at java.lang.reflect.Method.invoke(Method.java:565) ~[?:?]
	at net.minecraftforge.fml.loading.targets.CommonLaunchHandler.runTarget(CommonLaunchHandler.java:111) ~[fmlloader-1.20.1-47.4.10.jar%2369!/:?]
	at net.minecraftforge.fml.loading.targets.CommonLaunchHandler.serverService(CommonLaunchHandler.java:103) ~[fmlloader-1.20.1-47.4.10.jar%2369!/:?]
	at net.minecraftforge.fml.loading.targets.CommonServerLaunchHandler.lambda$makeService$0(CommonServerLaunchHandler.java:27) ~[fmlloader-1.20.1-47.4.10.jar%2369!/:?]
	at cpw.mods.modlauncher.LaunchServiceHandlerDecorator.launch(LaunchServiceHandlerDecorator.java:30) ~[modlauncher-10.0.9.jar%2355!/:?]
	at cpw.mods.modlauncher.LaunchServiceHandler.launch(LaunchServiceHandler.java:53) ~[modlauncher-10.0.9.jar%2355!/:?]
	at cpw.mods.modlauncher.LaunchServiceHandler.launch(LaunchServiceHandler.java:71) ~[modlauncher-10.0.9.jar%2355!/:?]
	at cpw.mods.modlauncher.Launcher.run(Launcher.java:108) ~[modlauncher-10.0.9.jar%2355!/:?]
	at cpw.mods.modlauncher.Launcher.main(Launcher.java:78) ~[modlauncher-10.0.9.jar%2355!/:?]
	at cpw.mods.modlauncher.BootstrapLaunchConsumer.accept(BootstrapLaunchConsumer.java:26) ~[modlauncher-10.0.9.jar%2355!/:?]
	at cpw.mods.modlauncher.BootstrapLaunchConsumer.accept(BootstrapLaunchConsumer.java:23) ~[modlauncher-10.0.9.jar%2355!/:?]
	at cpw.mods.bootstraplauncher.BootstrapLauncher.main(BootstrapLauncher.java:141) ~[bootstraplauncher-1.1.2.jar:?]
[01Feb2026 06:54:16.792] [main/ERROR] [net.minecraft.world.item.crafting.RecipeManager/]: Parsing error loading recipe ciblr:melee/95_bayonet
com.google.gson.JsonSyntaxException: Unknown item 'lrtactical:melee'
	at net.minecraftforge.common.crafting.CraftingHelper.getItem(CraftingHelper.java:160) ~[forge-1.20.1-47.4.10-universal.jar%23202!/:?]
	at net.minecraftforge.common.crafting.CraftingHelper.getItemStack(CraftingHelper.java:186) ~[forge-1.20.1-47.4.10-universal.jar%23202!/:?]
	at net.minecraftforge.common.crafting.CraftingHelper.getItemStack(CraftingHelper.java:153) ~[forge-1.20.1-47.4.10-universal.jar%23202!/:?]
	at com.tacz.guns.resource.serialize.GunSmithTableResultSerializer.deserialize(GunSmithTableResultSerializer.java:61) ~[tacz-1.20.1-1.1.7-hotfix.jar%23187!/:1.1.7-hotfix]
	at com.tacz.guns.resource.serialize.GunSmithTableResultSerializer.deserialize(GunSmithTableResultSerializer.java:19) ~[tacz-1.20.1-1.1.7-hotfix.jar%23187!/:1.1.7-hotfix]
	at com.google.gson.internal.bind.TreeTypeAdapter.read(TreeTypeAdapter.java:76) ~[gson-2.10.jar%2372!/:?]
	at com.google.gson.internal.bind.ReflectiveTypeAdapterFactory$1.readIntoField(ReflectiveTypeAdapterFactory.java:212) ~[gson-2.10.jar%2372!/:?]
	at com.google.gson.internal.bind.ReflectiveTypeAdapterFactory$FieldReflectionAdapter.readField(ReflectiveTypeAdapterFactory.java:431) ~[gson-2.10.jar%2372!/:?]
	at com.google.gson.internal.bind.ReflectiveTypeAdapterFactory$Adapter.read(ReflectiveTypeAdapterFactory.java:391) ~[gson-2.10.jar%2372!/:?]
	at com.google.gson.Gson.fromJson(Gson.java:1214) ~[gson-2.10.jar%2372!/:?]
	at com.google.gson.Gson.fromJson(Gson.java:1319) ~[gson-2.10.jar%2372!/:?]
	at com.google.gson.Gson.fromJson(Gson.java:1261) ~[gson-2.10.jar%2372!/:?]
	at com.tacz.guns.crafting.GunSmithTableSerializer.fromJson(GunSmithTableSerializer.java:24) ~[tacz-1.20.1-1.1.7-hotfix.jar%23187!/:1.1.7-hotfix]
	at com.tacz.guns.crafting.GunSmithTableSerializer.m_6729_(GunSmithTableSerializer.java:20) ~[tacz-1.20.1-1.1.7-hotfix.jar%23187!/:1.1.7-hotfix]
	at net.minecraftforge.common.extensions.IForgeRecipeSerializer.fromJson(IForgeRecipeSerializer.java:23) ~[forge-1.20.1-47.4.10-universal.jar%23202!/:?]
	at net.minecraft.world.item.crafting.RecipeManager.fromJson(RecipeManager.java:171) ~[server-1.20.1-20230612.114412-srg.jar%23197!/:?]
	at net.minecraft.world.item.crafting.RecipeManager.m_5787_(RecipeManager.java:67) ~[server-1.20.1-20230612.114412-srg.jar%23197!/:?]
	at net.minecraft.world.item.crafting.RecipeManager.m_5787_(RecipeManager.java:34) ~[server-1.20.1-20230612.114412-srg.jar%23197!/:?]
	at net.minecraft.server.packs.resources.SimplePreparableReloadListener.m_10789_(SimplePreparableReloadListener.java:13) ~[server-1.20.1-20230612.114412-srg.jar%23197!/:?]
	at java.util.concurrent.CompletableFuture$UniAccept.tryFire(CompletableFuture.java:739) ~[?:?]
	at java.util.concurrent.CompletableFuture$Completion.run(CompletableFuture.java:503) ~[?:?]
	at net.minecraft.server.packs.resources.SimpleReloadInstance.m_143940_(SimpleReloadInstance.java:69) ~[server-1.20.1-20230612.114412-srg.jar%23197!/:?]
	at net.minecraft.Util.m_214652_(Util.java:783) ~[server-1.20.1-20230612.114412-srg.jar%23197!/:?]
	at net.minecraft.Util.m_214679_(Util.java:772) ~[server-1.20.1-20230612.114412-srg.jar%23197!/:?]
	at net.minecraft.server.Main.main(Main.java:166) ~[server-1.20.1-20230612.114412-srg.jar%23197!/:?]
	at jdk.internal.reflect.DirectMethodHandleAccessor.invoke(DirectMethodHandleAccessor.java:104) ~[?:?]
	at java.lang.reflect.Method.invoke(Method.java:565) ~[?:?]
	at net.minecraftforge.fml.loading.targets.CommonLaunchHandler.runTarget(CommonLaunchHandler.java:111) ~[fmlloader-1.20.1-47.4.10.jar%2369!/:?]
	at net.minecraftforge.fml.loading.targets.CommonLaunchHandler.serverService(CommonLaunchHandler.java:103) ~[fmlloader-1.20.1-47.4.10.jar%2369!/:?]
	at net.minecraftforge.fml.loading.targets.CommonServerLaunchHandler.lambda$makeService$0(CommonServerLaunchHandler.java:27) ~[fmlloader-1.20.1-47.4.10.jar%2369!/:?]
	at cpw.mods.modlauncher.LaunchServiceHandlerDecorator.launch(LaunchServiceHandlerDecorator.java:30) ~[modlauncher-10.0.9.jar%2355!/:?]
	at cpw.mods.modlauncher.LaunchServiceHandler.launch(LaunchServiceHandler.java:53) ~[modlauncher-10.0.9.jar%2355!/:?]
	at cpw.mods.modlauncher.LaunchServiceHandler.launch(LaunchServiceHandler.java:71) ~[modlauncher-10.0.9.jar%2355!/:?]
	at cpw.mods.modlauncher.Launcher.run(Launcher.java:108) ~[modlauncher-10.0.9.jar%2355!/:?]
	at cpw.mods.modlauncher.Launcher.main(Launcher.java:78) ~[modlauncher-10.0.9.jar%2355!/:?]
	at cpw.mods.modlauncher.BootstrapLaunchConsumer.accept(BootstrapLaunchConsumer.java:26) ~[modlauncher-10.0.9.jar%2355!/:?]
	at cpw.mods.modlauncher.BootstrapLaunchConsumer.accept(BootstrapLaunchConsumer.java:23) ~[modlauncher-10.0.9.jar%2355!/:?]
	at cpw.mods.bootstraplauncher.BootstrapLauncher.main(BootstrapLauncher.java:141) ~[bootstraplauncher-1.1.2.jar:?]
[01Feb2026 06:54:16.795] [main/ERROR] [net.minecraft.world.item.crafting.RecipeManager/]: Parsing error loading recipe ciblr:melee/191_bayonet
com.google.gson.JsonSyntaxException: Unknown item 'lrtactical:melee'
	at net.minecraftforge.common.crafting.CraftingHelper.getItem(CraftingHelper.java:160) ~[forge-1.20.1-47.4.10-universal.jar%23202!/:?]
	at net.minecraftforge.common.crafting.CraftingHelper.getItemStack(CraftingHelper.java:186) ~[forge-1.20.1-47.4.10-universal.jar%23202!/:?]
	at net.minecraftforge.common.crafting.CraftingHelper.getItemStack(CraftingHelper.java:153) ~[forge-1.20.1-47.4.10-universal.jar%23202!/:?]
	at com.tacz.guns.resource.serialize.GunSmithTableResultSerializer.deserialize(GunSmithTableResultSerializer.java:61) ~[tacz-1.20.1-1.1.7-hotfix.jar%23187!/:1.1.7-hotfix]
	at com.tacz.guns.resource.serialize.GunSmithTableResultSerializer.deserialize(GunSmithTableResultSerializer.java:19) ~[tacz-1.20.1-1.1.7-hotfix.jar%23187!/:1.1.7-hotfix]
	at com.google.gson.internal.bind.TreeTypeAdapter.read(TreeTypeAdapter.java:76) ~[gson-2.10.jar%2372!/:?]
	at com.google.gson.internal.bind.ReflectiveTypeAdapterFactory$1.readIntoField(ReflectiveTypeAdapterFactory.java:212) ~[gson-2.10.jar%2372!/:?]
	at com.google.gson.internal.bind.ReflectiveTypeAdapterFactory$FieldReflectionAdapter.readField(ReflectiveTypeAdapterFactory.java:431) ~[gson-2.10.jar%2372!/:?]
	at com.google.gson.internal.bind.ReflectiveTypeAdapterFactory$Adapter.read(ReflectiveTypeAdapterFactory.java:391) ~[gson-2.10.jar%2372!/:?]
	at com.google.gson.Gson.fromJson(Gson.java:1214) ~[gson-2.10.jar%2372!/:?]
	at com.google.gson.Gson.fromJson(Gson.java:1319) ~[gson-2.10.jar%2372!/:?]
	at com.google.gson.Gson.fromJson(Gson.java:1261) ~[gson-2.10.jar%2372!/:?]
	at com.tacz.guns.crafting.GunSmithTableSerializer.fromJson(GunSmithTableSerializer.java:24) ~[tacz-1.20.1-1.1.7-hotfix.jar%23187!/:1.1.7-hotfix]
	at com.tacz.guns.crafting.GunSmithTableSerializer.m_6729_(GunSmithTableSerializer.java:20) ~[tacz-1.20.1-1.1.7-hotfix.jar%23187!/:1.1.7-hotfix]
	at net.minecraftforge.common.extensions.IForgeRecipeSerializer.fromJson(IForgeRecipeSerializer.java:23) ~[forge-1.20.1-47.4.10-universal.jar%23202!/:?]
	at net.minecraft.world.item.crafting.RecipeManager.fromJson(RecipeManager.java:171) ~[server-1.20.1-20230612.114412-srg.jar%23197!/:?]
	at net.minecraft.world.item.crafting.RecipeManager.m_5787_(RecipeManager.java:67) ~[server-1.20.1-20230612.114412-srg.jar%23197!/:?]
	at net.minecraft.world.item.crafting.RecipeManager.m_5787_(RecipeManager.java:34) ~[server-1.20.1-20230612.114412-srg.jar%23197!/:?]
	at net.minecraft.server.packs.resources.SimplePreparableReloadListener.m_10789_(SimplePreparableReloadListener.java:13) ~[server-1.20.1-20230612.114412-srg.jar%23197!/:?]
	at java.util.concurrent.CompletableFuture$UniAccept.tryFire(CompletableFuture.java:739) ~[?:?]
	at java.util.concurrent.CompletableFuture$Completion.run(CompletableFuture.java:503) ~[?:?]
	at net.minecraft.server.packs.resources.SimpleReloadInstance.m_143940_(SimpleReloadInstance.java:69) ~[server-1.20.1-20230612.114412-srg.jar%23197!/:?]
	at net.minecraft.Util.m_214652_(Util.java:783) ~[server-1.20.1-20230612.114412-srg.jar%23197!/:?]
	at net.minecraft.Util.m_214679_(Util.java:772) ~[server-1.20.1-20230612.114412-srg.jar%23197!/:?]
	at net.minecraft.server.Main.main(Main.java:166) ~[server-1.20.1-20230612.114412-srg.jar%23197!/:?]
	at jdk.internal.reflect.DirectMethodHandleAccessor.invoke(DirectMethodHandleAccessor.java:104) ~[?:?]
	at java.lang.reflect.Method.invoke(Method.java:565) ~[?:?]
	at net.minecraftforge.fml.loading.targets.CommonLaunchHandler.runTarget(CommonLaunchHandler.java:111) ~[fmlloader-1.20.1-47.4.10.jar%2369!/:?]
	at net.minecraftforge.fml.loading.targets.CommonLaunchHandler.serverService(CommonLaunchHandler.java:103) ~[fmlloader-1.20.1-47.4.10.jar%2369!/:?]
	at net.minecraftforge.fml.loading.targets.CommonServerLaunchHandler.lambda$makeService$0(CommonServerLaunchHandler.java:27) ~[fmlloader-1.20.1-47.4.10.jar%2369!/:?]
	at cpw.mods.modlauncher.LaunchServiceHandlerDecorator.launch(LaunchServiceHandlerDecorator.java:30) ~[modlauncher-10.0.9.jar%2355!/:?]
	at cpw.mods.modlauncher.LaunchServiceHandler.launch(LaunchServiceHandler.java:53) ~[modlauncher-10.0.9.jar%2355!/:?]
	at cpw.mods.modlauncher.LaunchServiceHandler.launch(LaunchServiceHandler.java:71) ~[modlauncher-10.0.9.jar%2355!/:?]
	at cpw.mods.modlauncher.Launcher.run(Launcher.java:108) ~[modlauncher-10.0.9.jar%2355!/:?]
	at cpw.mods.modlauncher.Launcher.main(Launcher.java:78) ~[modlauncher-10.0.9.jar%2355!/:?]
	at cpw.mods.modlauncher.BootstrapLaunchConsumer.accept(BootstrapLaunchConsumer.java:26) ~[modlauncher-10.0.9.jar%2355!/:?]
	at cpw.mods.modlauncher.BootstrapLaunchConsumer.accept(BootstrapLaunchConsumer.java:23) ~[modlauncher-10.0.9.jar%2355!/:?]
	at cpw.mods.bootstraplauncher.BootstrapLauncher.main(BootstrapLauncher.java:141) ~[bootstraplauncher-1.1.2.jar:?]
[01Feb2026 06:54:16.802] [main/ERROR] [net.minecraft.world.item.crafting.RecipeManager/]: Parsing error loading recipe create:mixing/saltpeter
com.google.gson.JsonSyntaxException: Invalid or unsupported recipe type 'create:mixing'
	at net.minecraft.world.item.crafting.RecipeManager.m_220253_(RecipeManager.java:170) ~[server-1.20.1-20230612.114412-srg.jar%23197!/:?]
	at java.util.Optional.orElseThrow(Optional.java:403) ~[?:?]
	at net.minecraft.world.item.crafting.RecipeManager.fromJson(RecipeManager.java:169) ~[server-1.20.1-20230612.114412-srg.jar%23197!/:?]
	at net.minecraft.world.item.crafting.RecipeManager.m_5787_(RecipeManager.java:67) ~[server-1.20.1-20230612.114412-srg.jar%23197!/:?]
	at net.minecraft.world.item.crafting.RecipeManager.m_5787_(RecipeManager.java:34) ~[server-1.20.1-20230612.114412-srg.jar%23197!/:?]
	at net.minecraft.server.packs.resources.SimplePreparableReloadListener.m_10789_(SimplePreparableReloadListener.java:13) ~[server-1.20.1-20230612.114412-srg.jar%23197!/:?]
	at java.util.concurrent.CompletableFuture$UniAccept.tryFire(CompletableFuture.java:739) ~[?:?]
	at java.util.concurrent.CompletableFuture$Completion.run(CompletableFuture.java:503) ~[?:?]
	at net.minecraft.server.packs.resources.SimpleReloadInstance.m_143940_(SimpleReloadInstance.java:69) ~[server-1.20.1-20230612.114412-srg.jar%23197!/:?]
	at net.minecraft.Util.m_214652_(Util.java:783) ~[server-1.20.1-20230612.114412-srg.jar%23197!/:?]
	at net.minecraft.Util.m_214679_(Util.java:772) ~[server-1.20.1-20230612.114412-srg.jar%23197!/:?]
	at net.minecraft.server.Main.main(Main.java:166) ~[server-1.20.1-20230612.114412-srg.jar%23197!/:?]
	at jdk.internal.reflect.DirectMethodHandleAccessor.invoke(DirectMethodHandleAccessor.java:104) ~[?:?]
	at java.lang.reflect.Method.invoke(Method.java:565) ~[?:?]
	at net.minecraftforge.fml.loading.targets.CommonLaunchHandler.runTarget(CommonLaunchHandler.java:111) ~[fmlloader-1.20.1-47.4.10.jar%2369!/:?]
	at net.minecraftforge.fml.loading.targets.CommonLaunchHandler.serverService(CommonLaunchHandler.java:103) ~[fmlloader-1.20.1-47.4.10.jar%2369!/:?]
	at net.minecraftforge.fml.loading.targets.CommonServerLaunchHandler.lambda$makeService$0(CommonServerLaunchHandler.java:27) ~[fmlloader-1.20.1-47.4.10.jar%2369!/:?]
	at cpw.mods.modlauncher.LaunchServiceHandlerDecorator.launch(LaunchServiceHandlerDecorator.java:30) ~[modlauncher-10.0.9.jar%2355!/:?]
	at cpw.mods.modlauncher.LaunchServiceHandler.launch(LaunchServiceHandler.java:53) ~[modlauncher-10.0.9.jar%2355!/:?]
	at cpw.mods.modlauncher.LaunchServiceHandler.launch(LaunchServiceHandler.java:71) ~[modlauncher-10.0.9.jar%2355!/:?]
	at cpw.mods.modlauncher.Launcher.run(Launcher.java:108) ~[modlauncher-10.0.9.jar%2355!/:?]
	at cpw.mods.modlauncher.Launcher.main(Launcher.java:78) ~[modlauncher-10.0.9.jar%2355!/:?]
	at cpw.mods.modlauncher.BootstrapLaunchConsumer.accept(BootstrapLaunchConsumer.java:26) ~[modlauncher-10.0.9.jar%2355!/:?]
	at cpw.mods.modlauncher.BootstrapLaunchConsumer.accept(BootstrapLaunchConsumer.java:23) ~[modlauncher-10.0.9.jar%2355!/:?]
	at cpw.mods.bootstraplauncher.BootstrapLauncher.main(BootstrapLauncher.java:141) ~[bootstraplauncher-1.1.2.jar:?]
[01Feb2026 06:54:16.827] [main/ERROR] [net.minecraft.world.item.crafting.RecipeManager/]: Parsing error loading recipe ciblr:melee/81_bayonet
com.google.gson.JsonSyntaxException: Unknown item 'lrtactical:melee'
	at net.minecraftforge.common.crafting.CraftingHelper.getItem(CraftingHelper.java:160) ~[forge-1.20.1-47.4.10-universal.jar%23202!/:?]
	at net.minecraftforge.common.crafting.CraftingHelper.getItemStack(CraftingHelper.java:186) ~[forge-1.20.1-47.4.10-universal.jar%23202!/:?]
	at net.minecraftforge.common.crafting.CraftingHelper.getItemStack(CraftingHelper.java:153) ~[forge-1.20.1-47.4.10-universal.jar%23202!/:?]
	at com.tacz.guns.resource.serialize.GunSmithTableResultSerializer.deserialize(GunSmithTableResultSerializer.java:61) ~[tacz-1.20.1-1.1.7-hotfix.jar%23187!/:1.1.7-hotfix]
	at com.tacz.guns.resource.serialize.GunSmithTableResultSerializer.deserialize(GunSmithTableResultSerializer.java:19) ~[tacz-1.20.1-1.1.7-hotfix.jar%23187!/:1.1.7-hotfix]
	at com.google.gson.internal.bind.TreeTypeAdapter.read(TreeTypeAdapter.java:76) ~[gson-2.10.jar%2372!/:?]
	at com.google.gson.internal.bind.ReflectiveTypeAdapterFactory$1.readIntoField(ReflectiveTypeAdapterFactory.java:212) ~[gson-2.10.jar%2372!/:?]
	at com.google.gson.internal.bind.ReflectiveTypeAdapterFactory$FieldReflectionAdapter.readField(ReflectiveTypeAdapterFactory.java:431) ~[gson-2.10.jar%2372!/:?]
	at com.google.gson.internal.bind.ReflectiveTypeAdapterFactory$Adapter.read(ReflectiveTypeAdapterFactory.java:391) ~[gson-2.10.jar%2372!/:?]
	at com.google.gson.Gson.fromJson(Gson.java:1214) ~[gson-2.10.jar%2372!/:?]
	at com.google.gson.Gson.fromJson(Gson.java:1319) ~[gson-2.10.jar%2372!/:?]
	at com.google.gson.Gson.fromJson(Gson.java:1261) ~[gson-2.10.jar%2372!/:?]
	at com.tacz.guns.crafting.GunSmithTableSerializer.fromJson(GunSmithTableSerializer.java:24) ~[tacz-1.20.1-1.1.7-hotfix.jar%23187!/:1.1.7-hotfix]
	at com.tacz.guns.crafting.GunSmithTableSerializer.m_6729_(GunSmithTableSerializer.java:20) ~[tacz-1.20.1-1.1.7-hotfix.jar%23187!/:1.1.7-hotfix]
	at net.minecraftforge.common.extensions.IForgeRecipeSerializer.fromJson(IForgeRecipeSerializer.java:23) ~[forge-1.20.1-47.4.10-universal.jar%23202!/:?]
	at net.minecraft.world.item.crafting.RecipeManager.fromJson(RecipeManager.java:171) ~[server-1.20.1-20230612.114412-srg.jar%23197!/:?]
	at net.minecraft.world.item.crafting.RecipeManager.m_5787_(RecipeManager.java:67) ~[server-1.20.1-20230612.114412-srg.jar%23197!/:?]
	at net.minecraft.world.item.crafting.RecipeManager.m_5787_(RecipeManager.java:34) ~[server-1.20.1-20230612.114412-srg.jar%23197!/:?]
	at net.minecraft.server.packs.resources.SimplePreparableReloadListener.m_10789_(SimplePreparableReloadListener.java:13) ~[server-1.20.1-20230612.114412-srg.jar%23197!/:?]
	at java.util.concurrent.CompletableFuture$UniAccept.tryFire(CompletableFuture.java:739) ~[?:?]
	at java.util.concurrent.CompletableFuture$Completion.run(CompletableFuture.java:503) ~[?:?]
	at net.minecraft.server.packs.resources.SimpleReloadInstance.m_143940_(SimpleReloadInstance.java:69) ~[server-1.20.1-20230612.114412-srg.jar%23197!/:?]
	at net.minecraft.Util.m_214652_(Util.java:783) ~[server-1.20.1-20230612.114412-srg.jar%23197!/:?]
	at net.minecraft.Util.m_214679_(Util.java:772) ~[server-1.20.1-20230612.114412-srg.jar%23197!/:?]
	at net.minecraft.server.Main.main(Main.java:166) ~[server-1.20.1-20230612.114412-srg.jar%23197!/:?]
	at jdk.internal.reflect.DirectMethodHandleAccessor.invoke(DirectMethodHandleAccessor.java:104) ~[?:?]
	at java.lang.reflect.Method.invoke(Method.java:565) ~[?:?]
	at net.minecraftforge.fml.loading.targets.CommonLaunchHandler.runTarget(CommonLaunchHandler.java:111) ~[fmlloader-1.20.1-47.4.10.jar%2369!/:?]
	at net.minecraftforge.fml.loading.targets.CommonLaunchHandler.serverService(CommonLaunchHandler.java:103) ~[fmlloader-1.20.1-47.4.10.jar%2369!/:?]
	at net.minecraftforge.fml.loading.targets.CommonServerLaunchHandler.lambda$makeService$0(CommonServerLaunchHandler.java:27) ~[fmlloader-1.20.1-47.4.10.jar%2369!/:?]
	at cpw.mods.modlauncher.LaunchServiceHandlerDecorator.launch(LaunchServiceHandlerDecorator.java:30) ~[modlauncher-10.0.9.jar%2355!/:?]
	at cpw.mods.modlauncher.LaunchServiceHandler.launch(LaunchServiceHandler.java:53) ~[modlauncher-10.0.9.jar%2355!/:?]
	at cpw.mods.modlauncher.LaunchServiceHandler.launch(LaunchServiceHandler.java:71) ~[modlauncher-10.0.9.jar%2355!/:?]
	at cpw.mods.modlauncher.Launcher.run(Launcher.java:108) ~[modlauncher-10.0.9.jar%2355!/:?]
	at cpw.mods.modlauncher.Launcher.main(Launcher.java:78) ~[modlauncher-10.0.9.jar%2355!/:?]
	at cpw.mods.modlauncher.BootstrapLaunchConsumer.accept(BootstrapLaunchConsumer.java:26) ~[modlauncher-10.0.9.jar%2355!/:?]
	at cpw.mods.modlauncher.BootstrapLaunchConsumer.accept(BootstrapLaunchConsumer.java:23) ~[modlauncher-10.0.9.jar%2355!/:?]
	at cpw.mods.bootstraplauncher.BootstrapLauncher.main(BootstrapLauncher.java:141) ~[bootstraplauncher-1.1.2.jar:?]
[01Feb2026 06:54:16.842] [main/ERROR] [net.minecraft.world.item.crafting.RecipeManager/]: Parsing error loading recipe ciblr:melee/katana
com.google.gson.JsonSyntaxException: Unknown item 'lrtactical:melee'
	at net.minecraftforge.common.crafting.CraftingHelper.getItem(CraftingHelper.java:160) ~[forge-1.20.1-47.4.10-universal.jar%23202!/:?]
	at net.minecraftforge.common.crafting.CraftingHelper.getItemStack(CraftingHelper.java:186) ~[forge-1.20.1-47.4.10-universal.jar%23202!/:?]
	at net.minecraftforge.common.crafting.CraftingHelper.getItemStack(CraftingHelper.java:153) ~[forge-1.20.1-47.4.10-universal.jar%23202!/:?]
	at com.tacz.guns.resource.serialize.GunSmithTableResultSerializer.deserialize(GunSmithTableResultSerializer.java:61) ~[tacz-1.20.1-1.1.7-hotfix.jar%23187!/:1.1.7-hotfix]
	at com.tacz.guns.resource.serialize.GunSmithTableResultSerializer.deserialize(GunSmithTableResultSerializer.java:19) ~[tacz-1.20.1-1.1.7-hotfix.jar%23187!/:1.1.7-hotfix]
	at com.google.gson.internal.bind.TreeTypeAdapter.read(TreeTypeAdapter.java:76) ~[gson-2.10.jar%2372!/:?]
	at com.google.gson.internal.bind.ReflectiveTypeAdapterFactory$1.readIntoField(ReflectiveTypeAdapterFactory.java:212) ~[gson-2.10.jar%2372!/:?]
	at com.google.gson.internal.bind.ReflectiveTypeAdapterFactory$FieldReflectionAdapter.readField(ReflectiveTypeAdapterFactory.java:431) ~[gson-2.10.jar%2372!/:?]
	at com.google.gson.internal.bind.ReflectiveTypeAdapterFactory$Adapter.read(ReflectiveTypeAdapterFactory.java:391) ~[gson-2.10.jar%2372!/:?]
	at com.google.gson.Gson.fromJson(Gson.java:1214) ~[gson-2.10.jar%2372!/:?]
	at com.google.gson.Gson.fromJson(Gson.java:1319) ~[gson-2.10.jar%2372!/:?]
	at com.google.gson.Gson.fromJson(Gson.java:1261) ~[gson-2.10.jar%2372!/:?]
	at com.tacz.guns.crafting.GunSmithTableSerializer.fromJson(GunSmithTableSerializer.java:24) ~[tacz-1.20.1-1.1.7-hotfix.jar%23187!/:1.1.7-hotfix]
	at com.tacz.guns.crafting.GunSmithTableSerializer.m_6729_(GunSmithTableSerializer.java:20) ~[tacz-1.20.1-1.1.7-hotfix.jar%23187!/:1.1.7-hotfix]
	at net.minecraftforge.common.extensions.IForgeRecipeSerializer.fromJson(IForgeRecipeSerializer.java:23) ~[forge-1.20.1-47.4.10-universal.jar%23202!/:?]
	at net.minecraft.world.item.crafting.RecipeManager.fromJson(RecipeManager.java:171) ~[server-1.20.1-20230612.114412-srg.jar%23197!/:?]
	at net.minecraft.world.item.crafting.RecipeManager.m_5787_(RecipeManager.java:67) ~[server-1.20.1-20230612.114412-srg.jar%23197!/:?]
	at net.minecraft.world.item.crafting.RecipeManager.m_5787_(RecipeManager.java:34) ~[server-1.20.1-20230612.114412-srg.jar%23197!/:?]
	at net.minecraft.server.packs.resources.SimplePreparableReloadListener.m_10789_(SimplePreparableReloadListener.java:13) ~[server-1.20.1-20230612.114412-srg.jar%23197!/:?]
	at java.util.concurrent.CompletableFuture$UniAccept.tryFire(CompletableFuture.java:739) ~[?:?]
	at java.util.concurrent.CompletableFuture$Completion.run(CompletableFuture.java:503) ~[?:?]
	at net.minecraft.server.packs.resources.SimpleReloadInstance.m_143940_(SimpleReloadInstance.java:69) ~[server-1.20.1-20230612.114412-srg.jar%23197!/:?]
	at net.minecraft.Util.m_214652_(Util.java:783) ~[server-1.20.1-20230612.114412-srg.jar%23197!/:?]
	at net.minecraft.Util.m_214679_(Util.java:772) ~[server-1.20.1-20230612.114412-srg.jar%23197!/:?]
	at net.minecraft.server.Main.main(Main.java:166) ~[server-1.20.1-20230612.114412-srg.jar%23197!/:?]
	at jdk.internal.reflect.DirectMethodHandleAccessor.invoke(DirectMethodHandleAccessor.java:104) ~[?:?]
	at java.lang.reflect.Method.invoke(Method.java:565) ~[?:?]
	at net.minecraftforge.fml.loading.targets.CommonLaunchHandler.runTarget(CommonLaunchHandler.java:111) ~[fmlloader-1.20.1-47.4.10.jar%2369!/:?]
	at net.minecraftforge.fml.loading.targets.CommonLaunchHandler.serverService(CommonLaunchHandler.java:103) ~[fmlloader-1.20.1-47.4.10.jar%2369!/:?]
	at net.minecraftforge.fml.loading.targets.CommonServerLaunchHandler.lambda$makeService$0(CommonServerLaunchHandler.java:27) ~[fmlloader-1.20.1-47.4.10.jar%2369!/:?]
	at cpw.mods.modlauncher.LaunchServiceHandlerDecorator.launch(LaunchServiceHandlerDecorator.java:30) ~[modlauncher-10.0.9.jar%2355!/:?]
	at cpw.mods.modlauncher.LaunchServiceHandler.launch(LaunchServiceHandler.java:53) ~[modlauncher-10.0.9.jar%2355!/:?]
	at cpw.mods.modlauncher.LaunchServiceHandler.launch(LaunchServiceHandler.java:71) ~[modlauncher-10.0.9.jar%2355!/:?]
	at cpw.mods.modlauncher.Launcher.run(Launcher.java:108) ~[modlauncher-10.0.9.jar%2355!/:?]
	at cpw.mods.modlauncher.Launcher.main(Launcher.java:78) ~[modlauncher-10.0.9.jar%2355!/:?]
	at cpw.mods.modlauncher.BootstrapLaunchConsumer.accept(BootstrapLaunchConsumer.java:26) ~[modlauncher-10.0.9.jar%2355!/:?]
	at cpw.mods.modlauncher.BootstrapLaunchConsumer.accept(BootstrapLaunchConsumer.java:23) ~[modlauncher-10.0.9.jar%2355!/:?]
	at cpw.mods.bootstraplauncher.BootstrapLauncher.main(BootstrapLauncher.java:141) ~[bootstraplauncher-1.1.2.jar:?]
[01Feb2026 06:54:16.871] [main/ERROR] [net.minecraft.world.item.crafting.RecipeManager/]: Parsing error loading recipe ciblr:throwable/type86
com.google.gson.JsonSyntaxException: Unknown item 'lrtactical:throwable'
	at net.minecraftforge.common.crafting.CraftingHelper.getItem(CraftingHelper.java:160) ~[forge-1.20.1-47.4.10-universal.jar%23202!/:?]
	at net.minecraftforge.common.crafting.CraftingHelper.getItemStack(CraftingHelper.java:186) ~[forge-1.20.1-47.4.10-universal.jar%23202!/:?]
	at net.minecraftforge.common.crafting.CraftingHelper.getItemStack(CraftingHelper.java:153) ~[forge-1.20.1-47.4.10-universal.jar%23202!/:?]
	at com.tacz.guns.resource.serialize.GunSmithTableResultSerializer.deserialize(GunSmithTableResultSerializer.java:61) ~[tacz-1.20.1-1.1.7-hotfix.jar%23187!/:1.1.7-hotfix]
	at com.tacz.guns.resource.serialize.GunSmithTableResultSerializer.deserialize(GunSmithTableResultSerializer.java:19) ~[tacz-1.20.1-1.1.7-hotfix.jar%23187!/:1.1.7-hotfix]
	at com.google.gson.internal.bind.TreeTypeAdapter.read(TreeTypeAdapter.java:76) ~[gson-2.10.jar%2372!/:?]
	at com.google.gson.internal.bind.ReflectiveTypeAdapterFactory$1.readIntoField(ReflectiveTypeAdapterFactory.java:212) ~[gson-2.10.jar%2372!/:?]
	at com.google.gson.internal.bind.ReflectiveTypeAdapterFactory$FieldReflectionAdapter.readField(ReflectiveTypeAdapterFactory.java:431) ~[gson-2.10.jar%2372!/:?]
	at com.google.gson.internal.bind.ReflectiveTypeAdapterFactory$Adapter.read(ReflectiveTypeAdapterFactory.java:391) ~[gson-2.10.jar%2372!/:?]
	at com.google.gson.Gson.fromJson(Gson.java:1214) ~[gson-2.10.jar%2372!/:?]
	at com.google.gson.Gson.fromJson(Gson.java:1319) ~[gson-2.10.jar%2372!/:?]
	at com.google.gson.Gson.fromJson(Gson.java:1261) ~[gson-2.10.jar%2372!/:?]
	at com.tacz.guns.crafting.GunSmithTableSerializer.fromJson(GunSmithTableSerializer.java:24) ~[tacz-1.20.1-1.1.7-hotfix.jar%23187!/:1.1.7-hotfix]
	at com.tacz.guns.crafting.GunSmithTableSerializer.m_6729_(GunSmithTableSerializer.java:20) ~[tacz-1.20.1-1.1.7-hotfix.jar%23187!/:1.1.7-hotfix]
	at net.minecraftforge.common.extensions.IForgeRecipeSerializer.fromJson(IForgeRecipeSerializer.java:23) ~[forge-1.20.1-47.4.10-universal.jar%23202!/:?]
	at net.minecraft.world.item.crafting.RecipeManager.fromJson(RecipeManager.java:171) ~[server-1.20.1-20230612.114412-srg.jar%23197!/:?]
	at net.minecraft.world.item.crafting.RecipeManager.m_5787_(RecipeManager.java:67) ~[server-1.20.1-20230612.114412-srg.jar%23197!/:?]
	at net.minecraft.world.item.crafting.RecipeManager.m_5787_(RecipeManager.java:34) ~[server-1.20.1-20230612.114412-srg.jar%23197!/:?]
	at net.minecraft.server.packs.resources.SimplePreparableReloadListener.m_10789_(SimplePreparableReloadListener.java:13) ~[server-1.20.1-20230612.114412-srg.jar%23197!/:?]
	at java.util.concurrent.CompletableFuture$UniAccept.tryFire(CompletableFuture.java:739) ~[?:?]
	at java.util.concurrent.CompletableFuture$Completion.run(CompletableFuture.java:503) ~[?:?]
	at net.minecraft.server.packs.resources.SimpleReloadInstance.m_143940_(SimpleReloadInstance.java:69) ~[server-1.20.1-20230612.114412-srg.jar%23197!/:?]
	at net.minecraft.Util.m_214652_(Util.java:783) ~[server-1.20.1-20230612.114412-srg.jar%23197!/:?]
	at net.minecraft.Util.m_214679_(Util.java:772) ~[server-1.20.1-20230612.114412-srg.jar%23197!/:?]
	at net.minecraft.server.Main.main(Main.java:166) ~[server-1.20.1-20230612.114412-srg.jar%23197!/:?]
	at jdk.internal.reflect.DirectMethodHandleAccessor.invoke(DirectMethodHandleAccessor.java:104) ~[?:?]
	at java.lang.reflect.Method.invoke(Method.java:565) ~[?:?]
	at net.minecraftforge.fml.loading.targets.CommonLaunchHandler.runTarget(CommonLaunchHandler.java:111) ~[fmlloader-1.20.1-47.4.10.jar%2369!/:?]
	at net.minecraftforge.fml.loading.targets.CommonLaunchHandler.serverService(CommonLaunchHandler.java:103) ~[fmlloader-1.20.1-47.4.10.jar%2369!/:?]
	at net.minecraftforge.fml.loading.targets.CommonServerLaunchHandler.lambda$makeService$0(CommonServerLaunchHandler.java:27) ~[fmlloader-1.20.1-47.4.10.jar%2369!/:?]
	at cpw.mods.modlauncher.LaunchServiceHandlerDecorator.launch(LaunchServiceHandlerDecorator.java:30) ~[modlauncher-10.0.9.jar%2355!/:?]
	at cpw.mods.modlauncher.LaunchServiceHandler.launch(LaunchServiceHandler.java:53) ~[modlauncher-10.0.9.jar%2355!/:?]
	at cpw.mods.modlauncher.LaunchServiceHandler.launch(LaunchServiceHandler.java:71) ~[modlauncher-10.0.9.jar%2355!/:?]
	at cpw.mods.modlauncher.Launcher.run(Launcher.java:108) ~[modlauncher-10.0.9.jar%2355!/:?]
	at cpw.mods.modlauncher.Launcher.main(Launcher.java:78) ~[modlauncher-10.0.9.jar%2355!/:?]
	at cpw.mods.modlauncher.BootstrapLaunchConsumer.accept(BootstrapLaunchConsumer.java:26) ~[modlauncher-10.0.9.jar%2355!/:?]
	at cpw.mods.modlauncher.BootstrapLaunchConsumer.accept(BootstrapLaunchConsumer.java:23) ~[modlauncher-10.0.9.jar%2355!/:?]
	at cpw.mods.bootstraplauncher.BootstrapLauncher.main(BootstrapLauncher.java:141) ~[bootstraplauncher-1.1.2.jar:?]
[01Feb2026 06:54:16.882] [main/ERROR] [net.minecraft.world.item.crafting.RecipeManager/]: Parsing error loading recipe ciblr:throwable/dsy151
com.google.gson.JsonSyntaxException: Unknown item 'lrtactical:throwable'
	at net.minecraftforge.common.crafting.CraftingHelper.getItem(CraftingHelper.java:160) ~[forge-1.20.1-47.4.10-universal.jar%23202!/:?]
	at net.minecraftforge.common.crafting.CraftingHelper.getItemStack(CraftingHelper.java:186) ~[forge-1.20.1-47.4.10-universal.jar%23202!/:?]
	at net.minecraftforge.common.crafting.CraftingHelper.getItemStack(CraftingHelper.java:153) ~[forge-1.20.1-47.4.10-universal.jar%23202!/:?]
	at com.tacz.guns.resource.serialize.GunSmithTableResultSerializer.deserialize(GunSmithTableResultSerializer.java:61) ~[tacz-1.20.1-1.1.7-hotfix.jar%23187!/:1.1.7-hotfix]
	at com.tacz.guns.resource.serialize.GunSmithTableResultSerializer.deserialize(GunSmithTableResultSerializer.java:19) ~[tacz-1.20.1-1.1.7-hotfix.jar%23187!/:1.1.7-hotfix]
	at com.google.gson.internal.bind.TreeTypeAdapter.read(TreeTypeAdapter.java:76) ~[gson-2.10.jar%2372!/:?]
	at com.google.gson.internal.bind.ReflectiveTypeAdapterFactory$1.readIntoField(ReflectiveTypeAdapterFactory.java:212) ~[gson-2.10.jar%2372!/:?]
	at com.google.gson.internal.bind.ReflectiveTypeAdapterFactory$FieldReflectionAdapter.readField(ReflectiveTypeAdapterFactory.java:431) ~[gson-2.10.jar%2372!/:?]
	at com.google.gson.internal.bind.ReflectiveTypeAdapterFactory$Adapter.read(ReflectiveTypeAdapterFactory.java:391) ~[gson-2.10.jar%2372!/:?]
	at com.google.gson.Gson.fromJson(Gson.java:1214) ~[gson-2.10.jar%2372!/:?]
	at com.google.gson.Gson.fromJson(Gson.java:1319) ~[gson-2.10.jar%2372!/:?]
	at com.google.gson.Gson.fromJson(Gson.java:1261) ~[gson-2.10.jar%2372!/:?]
	at com.tacz.guns.crafting.GunSmithTableSerializer.fromJson(GunSmithTableSerializer.java:24) ~[tacz-1.20.1-1.1.7-hotfix.jar%23187!/:1.1.7-hotfix]
	at com.tacz.guns.crafting.GunSmithTableSerializer.m_6729_(GunSmithTableSerializer.java:20) ~[tacz-1.20.1-1.1.7-hotfix.jar%23187!/:1.1.7-hotfix]
	at net.minecraftforge.common.extensions.IForgeRecipeSerializer.fromJson(IForgeRecipeSerializer.java:23) ~[forge-1.20.1-47.4.10-universal.jar%23202!/:?]
	at net.minecraft.world.item.crafting.RecipeManager.fromJson(RecipeManager.java:171) ~[server-1.20.1-20230612.114412-srg.jar%23197!/:?]
	at net.minecraft.world.item.crafting.RecipeManager.m_5787_(RecipeManager.java:67) ~[server-1.20.1-20230612.114412-srg.jar%23197!/:?]
	at net.minecraft.world.item.crafting.RecipeManager.m_5787_(RecipeManager.java:34) ~[server-1.20.1-20230612.114412-srg.jar%23197!/:?]
	at net.minecraft.server.packs.resources.SimplePreparableReloadListener.m_10789_(SimplePreparableReloadListener.java:13) ~[server-1.20.1-20230612.114412-srg.jar%23197!/:?]
	at java.util.concurrent.CompletableFuture$UniAccept.tryFire(CompletableFuture.java:739) ~[?:?]
	at java.util.concurrent.CompletableFuture$Completion.run(CompletableFuture.java:503) ~[?:?]
	at net.minecraft.server.packs.resources.SimpleReloadInstance.m_143940_(SimpleReloadInstance.java:69) ~[server-1.20.1-20230612.114412-srg.jar%23197!/:?]
	at net.minecraft.Util.m_214652_(Util.java:783) ~[server-1.20.1-20230612.114412-srg.jar%23197!/:?]
	at net.minecraft.Util.m_214679_(Util.java:772) ~[server-1.20.1-20230612.114412-srg.jar%23197!/:?]
	at net.minecraft.server.Main.main(Main.java:166) ~[server-1.20.1-20230612.114412-srg.jar%23197!/:?]
	at jdk.internal.reflect.DirectMethodHandleAccessor.invoke(DirectMethodHandleAccessor.java:104) ~[?:?]
	at java.lang.reflect.Method.invoke(Method.java:565) ~[?:?]
	at net.minecraftforge.fml.loading.targets.CommonLaunchHandler.runTarget(CommonLaunchHandler.java:111) ~[fmlloader-1.20.1-47.4.10.jar%2369!/:?]
	at net.minecraftforge.fml.loading.targets.CommonLaunchHandler.serverService(CommonLaunchHandler.java:103) ~[fmlloader-1.20.1-47.4.10.jar%2369!/:?]
	at net.minecraftforge.fml.loading.targets.CommonServerLaunchHandler.lambda$makeService$0(CommonServerLaunchHandler.java:27) ~[fmlloader-1.20.1-47.4.10.jar%2369!/:?]
	at cpw.mods.modlauncher.LaunchServiceHandlerDecorator.launch(LaunchServiceHandlerDecorator.java:30) ~[modlauncher-10.0.9.jar%2355!/:?]
	at cpw.mods.modlauncher.LaunchServiceHandler.launch(LaunchServiceHandler.java:53) ~[modlauncher-10.0.9.jar%2355!/:?]
	at cpw.mods.modlauncher.LaunchServiceHandler.launch(LaunchServiceHandler.java:71) ~[modlauncher-10.0.9.jar%2355!/:?]
	at cpw.mods.modlauncher.Launcher.run(Launcher.java:108) ~[modlauncher-10.0.9.jar%2355!/:?]
	at cpw.mods.modlauncher.Launcher.main(Launcher.java:78) ~[modlauncher-10.0.9.jar%2355!/:?]
	at cpw.mods.modlauncher.BootstrapLaunchConsumer.accept(BootstrapLaunchConsumer.java:26) ~[modlauncher-10.0.9.jar%2355!/:?]
	at cpw.mods.modlauncher.BootstrapLaunchConsumer.accept(BootstrapLaunchConsumer.java:23) ~[modlauncher-10.0.9.jar%2355!/:?]
	at cpw.mods.bootstraplauncher.BootstrapLauncher.main(BootstrapLauncher.java:141) ~[bootstraplauncher-1.1.2.jar:?]
[01Feb2026 06:54:16.909] [main/INFO] [net.minecraft.world.item.crafting.RecipeManager/]: Loaded 11 recipes
[01Feb2026 06:54:17.088] [main/INFO] [net.minecraft.advancements.AdvancementList/]: Loaded 1778 advancements
[01Feb2026 06:54:17.431] [main/ERROR] [tacz/BlockDataLoader]: Failed to load data file ciblr:cib_smith_table
com.google.gson.JsonSyntaxException: Unknown item 'lrtactical:melee'
	at net.minecraftforge.common.crafting.CraftingHelper.getItem(CraftingHelper.java:160) ~[forge-1.20.1-47.4.10-universal.jar%23202!/:?]
	at net.minecraftforge.common.crafting.CraftingHelper.getItemStack(CraftingHelper.java:186) ~[forge-1.20.1-47.4.10-universal.jar%23202!/:?]
	at net.minecraftforge.common.crafting.CraftingHelper.getItemStack(CraftingHelper.java:153) ~[forge-1.20.1-47.4.10-universal.jar%23202!/:?]
	at com.tacz.guns.resource.pojo.data.block.TabConfig$Deserializer.deserialize(TabConfig.java:70) ~[tacz-1.20.1-1.1.7-hotfix.jar%23187!/:1.1.7-hotfix]
	at com.tacz.guns.resource.pojo.data.block.TabConfig$Deserializer.deserialize(TabConfig.java:59) ~[tacz-1.20.1-1.1.7-hotfix.jar%23187!/:1.1.7-hotfix]
	at com.google.gson.internal.bind.TreeTypeAdapter.read(TreeTypeAdapter.java:76) ~[gson-2.10.jar%2372!/:?]
	at com.google.gson.internal.bind.TypeAdapterRuntimeTypeWrapper.read(TypeAdapterRuntimeTypeWrapper.java:40) ~[gson-2.10.jar%2372!/:?]
	at com.google.gson.internal.bind.CollectionTypeAdapterFactory$Adapter.read(CollectionTypeAdapterFactory.java:82) ~[gson-2.10.jar%2372!/:?]
	at com.google.gson.internal.bind.CollectionTypeAdapterFactory$Adapter.read(CollectionTypeAdapterFactory.java:61) ~[gson-2.10.jar%2372!/:?]
	at com.google.gson.internal.bind.ReflectiveTypeAdapterFactory$1.readIntoField(ReflectiveTypeAdapterFactory.java:212) ~[gson-2.10.jar%2372!/:?]
	at com.google.gson.internal.bind.ReflectiveTypeAdapterFactory$FieldReflectionAdapter.readField(ReflectiveTypeAdapterFactory.java:431) ~[gson-2.10.jar%2372!/:?]
	at com.google.gson.internal.bind.ReflectiveTypeAdapterFactory$Adapter.read(ReflectiveTypeAdapterFactory.java:391) ~[gson-2.10.jar%2372!/:?]
	at com.google.gson.Gson.fromJson(Gson.java:1214) ~[gson-2.10.jar%2372!/:?]
	at com.google.gson.Gson.fromJson(Gson.java:1319) ~[gson-2.10.jar%2372!/:?]
	at com.google.gson.Gson.fromJson(Gson.java:1261) ~[gson-2.10.jar%2372!/:?]
	at com.tacz.guns.resource.manager.JsonDataManager.parseJson(JsonDataManager.java:69) ~[tacz-1.20.1-1.1.7-hotfix.jar%23187!/:1.1.7-hotfix]
	at com.tacz.guns.resource.manager.JsonDataManager.apply(JsonDataManager.java:58) ~[tacz-1.20.1-1.1.7-hotfix.jar%23187!/:1.1.7-hotfix]
	at com.tacz.guns.resource.manager.CommonDataManager.apply(CommonDataManager.java:35) ~[tacz-1.20.1-1.1.7-hotfix.jar%23187!/:1.1.7-hotfix]
	at com.tacz.guns.resource.manager.CommonDataManager.m_5787_(CommonDataManager.java:19) ~[tacz-1.20.1-1.1.7-hotfix.jar%23187!/:1.1.7-hotfix]
	at net.minecraft.server.packs.resources.SimplePreparableReloadListener.m_10789_(SimplePreparableReloadListener.java:13) ~[server-1.20.1-20230612.114412-srg.jar%23197!/:?]
	at java.util.concurrent.CompletableFuture$UniAccept.tryFire(CompletableFuture.java:739) ~[?:?]
	at java.util.concurrent.CompletableFuture$Completion.run(CompletableFuture.java:503) ~[?:?]
	at net.minecraft.server.packs.resources.SimpleReloadInstance.m_143940_(SimpleReloadInstance.java:69) ~[server-1.20.1-20230612.114412-srg.jar%23197!/:?]
	at net.minecraft.Util.m_214652_(Util.java:783) ~[server-1.20.1-20230612.114412-srg.jar%23197!/:?]
	at net.minecraft.Util.m_214679_(Util.java:772) ~[server-1.20.1-20230612.114412-srg.jar%23197!/:?]
	at net.minecraft.server.Main.main(Main.java:166) ~[server-1.20.1-20230612.114412-srg.jar%23197!/:?]
	at jdk.internal.reflect.DirectMethodHandleAccessor.invoke(DirectMethodHandleAccessor.java:104) ~[?:?]
	at java.lang.reflect.Method.invoke(Method.java:565) ~[?:?]
	at net.minecraftforge.fml.loading.targets.CommonLaunchHandler.runTarget(CommonLaunchHandler.java:111) ~[fmlloader-1.20.1-47.4.10.jar%2369!/:?]
	at net.minecraftforge.fml.loading.targets.CommonLaunchHandler.serverService(CommonLaunchHandler.java:103) ~[fmlloader-1.20.1-47.4.10.jar%2369!/:?]
	at net.minecraftforge.fml.loading.targets.CommonServerLaunchHandler.lambda$makeService$0(CommonServerLaunchHandler.java:27) ~[fmlloader-1.20.1-47.4.10.jar%2369!/:?]
	at cpw.mods.modlauncher.LaunchServiceHandlerDecorator.launch(LaunchServiceHandlerDecorator.java:30) ~[modlauncher-10.0.9.jar%2355!/:?]
	at cpw.mods.modlauncher.LaunchServiceHandler.launch(LaunchServiceHandler.java:53) ~[modlauncher-10.0.9.jar%2355!/:?]
	at cpw.mods.modlauncher.LaunchServiceHandler.launch(LaunchServiceHandler.java:71) ~[modlauncher-10.0.9.jar%2355!/:?]
	at cpw.mods.modlauncher.Launcher.run(Launcher.java:108) ~[modlauncher-10.0.9.jar%2355!/:?]
	at cpw.mods.modlauncher.Launcher.main(Launcher.java:78) ~[modlauncher-10.0.9.jar%2355!/:?]
	at cpw.mods.modlauncher.BootstrapLaunchConsumer.accept(BootstrapLaunchConsumer.java:26) ~[modlauncher-10.0.9.jar%2355!/:?]
	at cpw.mods.modlauncher.BootstrapLaunchConsumer.accept(BootstrapLaunchConsumer.java:23) ~[modlauncher-10.0.9.jar%2355!/:?]
	at cpw.mods.bootstraplauncher.BootstrapLauncher.main(BootstrapLauncher.java:141) ~[bootstraplauncher-1.1.2.jar:?]
[01Feb2026 06:54:17.461] [main/ERROR] [tacz/BlockIndexLoader]: Failed to load data file ciblr:cib_smith_table
com.google.gson.JsonParseException: there is no corresponding data file
	at com.tacz.guns.resource.serialize.CommonBlockIndexSerializer.deserialize(CommonBlockIndexSerializer.java:19) ~[tacz-1.20.1-1.1.7-hotfix.jar%23187!/:1.1.7-hotfix]
	at com.tacz.guns.resource.serialize.CommonBlockIndexSerializer.deserialize(CommonBlockIndexSerializer.java:12) ~[tacz-1.20.1-1.1.7-hotfix.jar%23187!/:1.1.7-hotfix]
	at com.google.gson.internal.bind.TreeTypeAdapter.read(TreeTypeAdapter.java:76) ~[gson-2.10.jar%2372!/:?]
	at com.google.gson.Gson.fromJson(Gson.java:1214) ~[gson-2.10.jar%2372!/:?]
	at com.google.gson.Gson.fromJson(Gson.java:1319) ~[gson-2.10.jar%2372!/:?]
	at com.google.gson.Gson.fromJson(Gson.java:1261) ~[gson-2.10.jar%2372!/:?]
	at com.tacz.guns.resource.manager.JsonDataManager.parseJson(JsonDataManager.java:69) ~[tacz-1.20.1-1.1.7-hotfix.jar%23187!/:1.1.7-hotfix]
	at com.tacz.guns.resource.manager.JsonDataManager.apply(JsonDataManager.java:58) ~[tacz-1.20.1-1.1.7-hotfix.jar%23187!/:1.1.7-hotfix]
	at com.tacz.guns.resource.manager.CommonDataManager.apply(CommonDataManager.java:35) ~[tacz-1.20.1-1.1.7-hotfix.jar%23187!/:1.1.7-hotfix]
	at com.tacz.guns.resource.manager.CommonDataManager.m_5787_(CommonDataManager.java:19) ~[tacz-1.20.1-1.1.7-hotfix.jar%23187!/:1.1.7-hotfix]
	at net.minecraft.server.packs.resources.SimplePreparableReloadListener.m_10789_(SimplePreparableReloadListener.java:13) ~[server-1.20.1-20230612.114412-srg.jar%23197!/:?]
	at java.util.concurrent.CompletableFuture$UniAccept.tryFire(CompletableFuture.java:739) ~[?:?]
	at java.util.concurrent.CompletableFuture$Completion.run(CompletableFuture.java:503) ~[?:?]
	at net.minecraft.server.packs.resources.SimpleReloadInstance.m_143940_(SimpleReloadInstance.java:69) ~[server-1.20.1-20230612.114412-srg.jar%23197!/:?]
	at net.minecraft.Util.m_214652_(Util.java:783) ~[server-1.20.1-20230612.114412-srg.jar%23197!/:?]
	at net.minecraft.Util.m_214679_(Util.java:772) ~[server-1.20.1-20230612.114412-srg.jar%23197!/:?]
	at net.minecraft.server.Main.main(Main.java:166) ~[server-1.20.1-20230612.114412-srg.jar%23197!/:?]
	at jdk.internal.reflect.DirectMethodHandleAccessor.invoke(DirectMethodHandleAccessor.java:104) ~[?:?]
	at java.lang.reflect.Method.invoke(Method.java:565) ~[?:?]
	at net.minecraftforge.fml.loading.targets.CommonLaunchHandler.runTarget(CommonLaunchHandler.java:111) ~[fmlloader-1.20.1-47.4.10.jar%2369!/:?]
	at net.minecraftforge.fml.loading.targets.CommonLaunchHandler.serverService(CommonLaunchHandler.java:103) ~[fmlloader-1.20.1-47.4.10.jar%2369!/:?]
	at net.minecraftforge.fml.loading.targets.CommonServerLaunchHandler.lambda$makeService$0(CommonServerLaunchHandler.java:27) ~[fmlloader-1.20.1-47.4.10.jar%2369!/:?]
	at cpw.mods.modlauncher.LaunchServiceHandlerDecorator.launch(LaunchServiceHandlerDecorator.java:30) ~[modlauncher-10.0.9.jar%2355!/:?]
	at cpw.mods.modlauncher.LaunchServiceHandler.launch(LaunchServiceHandler.java:53) ~[modlauncher-10.0.9.jar%2355!/:?]
	at cpw.mods.modlauncher.LaunchServiceHandler.launch(LaunchServiceHandler.java:71) ~[modlauncher-10.0.9.jar%2355!/:?]
	at cpw.mods.modlauncher.Launcher.run(Launcher.java:108) ~[modlauncher-10.0.9.jar%2355!/:?]
	at cpw.mods.modlauncher.Launcher.main(Launcher.java:78) ~[modlauncher-10.0.9.jar%2355!/:?]
	at cpw.mods.modlauncher.BootstrapLaunchConsumer.accept(BootstrapLaunchConsumer.java:26) ~[modlauncher-10.0.9.jar%2355!/:?]
	at cpw.mods.modlauncher.BootstrapLaunchConsumer.accept(BootstrapLaunchConsumer.java:23) ~[modlauncher-10.0.9.jar%2355!/:?]
	at cpw.mods.bootstraplauncher.BootstrapLauncher.main(BootstrapLauncher.java:141) ~[bootstraplauncher-1.1.2.jar:?]
[01Feb2026 06:54:17.467] [main/DEBUG] [sophisticatedbackpacks/]: Started loading registry data from sophisticatedbackpacks:compat/woot/block_tools 
[01Feb2026 06:54:17.467] [main/DEBUG] [sophisticatedbackpacks/]: Started loading registry data from sophisticatedbackpacks:compat/fluxnetworks/block_tools 
[01Feb2026 06:54:17.467] [main/DEBUG] [sophisticatedbackpacks/]: Started loading registry data from sophisticatedbackpacks:compat/mob_grinding_utils/entity_tools 
[01Feb2026 06:54:17.467] [main/DEBUG] [sophisticatedbackpacks/]: Started loading registry data from sophisticatedbackpacks:compat/astralsorcery/block_tools 
[01Feb2026 06:54:17.467] [main/DEBUG] [sophisticatedbackpacks/]: Started loading registry data from sophisticatedbackpacks:compat/immersivepetroleum/block_tools 
[01Feb2026 06:54:17.468] [main/DEBUG] [sophisticatedbackpacks/]: Started loading registry data from sophisticatedbackpacks:compat/immersiveengineering/block_tools 
[01Feb2026 06:54:17.468] [main/DEBUG] [sophisticatedbackpacks/]: Started loading registry data from sophisticatedbackpacks:compat/pedestals/block_tools 
[01Feb2026 06:54:17.468] [main/DEBUG] [sophisticatedbackpacks/]: Started loading registry data from sophisticatedbackpacks:compat/platforms/block_tools 
[01Feb2026 06:54:17.468] [main/DEBUG] [sophisticatedbackpacks/]: Started loading registry data from sophisticatedbackpacks:compat/rftoolsutility/entity_tools 
[01Feb2026 06:54:17.468] [main/DEBUG] [sophisticatedbackpacks/]: Started loading registry data from sophisticatedbackpacks:compat/compactmachines/block_tools 
[01Feb2026 06:54:17.468] [main/DEBUG] [sophisticatedbackpacks/]: Started loading registry data from sophisticatedbackpacks:compat/mcwwindows/block_tools 
[01Feb2026 06:54:17.468] [main/DEBUG] [sophisticatedbackpacks/]: Started loading registry data from sophisticatedbackpacks:compat/integrateddynamics/block_tools 
[01Feb2026 06:54:17.468] [main/DEBUG] [sophisticatedbackpacks/]: Started loading registry data from sophisticatedbackpacks:entity_tools 
[01Feb2026 06:54:17.475] [main/DEBUG] [sophisticatedbackpacks/]: Finished loading registry data for sophisticatedbackpacks:entity_tools
[01Feb2026 06:54:17.477] [main/DEBUG] [sophisticatedbackpacks/]: Started loading registry data from sophisticatedbackpacks:compat/mekanism/block_tools 
[01Feb2026 06:54:17.477] [main/DEBUG] [sophisticatedbackpacks/]: Started loading registry data from sophisticatedbackpacks:compat/powah/block_tools 
[01Feb2026 06:54:17.477] [main/DEBUG] [sophisticatedbackpacks/]: Started loading registry data from sophisticatedbackpacks:compat/apotheosis/entity_tools 
[01Feb2026 06:54:17.477] [main/DEBUG] [sophisticatedbackpacks/]: Started loading registry data from sophisticatedbackpacks:compat/bloodmagic/block_tools 
[01Feb2026 06:54:17.477] [main/DEBUG] [sophisticatedbackpacks/]: Started loading registry data from sophisticatedbackpacks:compat/immersiveposts/block_tools 
[01Feb2026 06:54:17.477] [main/DEBUG] [sophisticatedbackpacks/]: Started loading registry data from sophisticatedbackpacks:compat/rats/entity_tools 
[01Feb2026 06:54:17.477] [main/DEBUG] [sophisticatedbackpacks/]: Started loading registry data from sophisticatedbackpacks:compat/framedcompactdrawers/block_tools 
[01Feb2026 06:54:17.478] [main/DEBUG] [sophisticatedbackpacks/]: Started loading registry data from sophisticatedbackpacks:compat/iceandfire/entity_tools 
[01Feb2026 06:54:17.478] [main/DEBUG] [sophisticatedbackpacks/]: Started loading registry data from sophisticatedbackpacks:compat/storagedrawers/block_tools 
[01Feb2026 06:54:17.478] [main/DEBUG] [sophisticatedbackpacks/]: Started loading registry data from sophisticatedbackpacks:compat/mcwroofs/block_tools 
[01Feb2026 06:54:17.478] [main/DEBUG] [sophisticatedbackpacks/]: Started loading registry data from sophisticatedbackpacks:compat/morphtool/block_tools 
[01Feb2026 06:54:17.478] [main/DEBUG] [sophisticatedbackpacks/]: Started loading registry data from sophisticatedbackpacks:compat/botania/block_tools 
[01Feb2026 06:54:17.478] [main/DEBUG] [sophisticatedbackpacks/]: Started loading registry data from sophisticatedbackpacks:compat/pneumaticraft/block_tools 
[01Feb2026 06:54:17.478] [main/DEBUG] [sophisticatedbackpacks/]: Started loading registry data from sophisticatedbackpacks:compat/shrink/entity_tools 
[01Feb2026 06:54:17.478] [main/DEBUG] [sophisticatedbackpacks/]: Started loading registry data from sophisticatedbackpacks:compat/blockcarpentry/block_tools 
[01Feb2026 06:54:17.478] [main/DEBUG] [sophisticatedbackpacks/]: Started loading registry data from sophisticatedbackpacks:compat/pipez/block_tools 
[01Feb2026 06:54:17.478] [main/DEBUG] [sophisticatedbackpacks/]: Started loading registry data from sophisticatedbackpacks:compat/transport/block_tools 
[01Feb2026 06:54:17.479] [main/DEBUG] [sophisticatedbackpacks/]: Started loading registry data from sophisticatedbackpacks:compat/thermal/block_tools 
[01Feb2026 06:54:17.479] [main/DEBUG] [sophisticatedbackpacks/]: Started loading registry data from sophisticatedbackpacks:block_tools 
[01Feb2026 06:54:17.479] [main/DEBUG] [sophisticatedbackpacks/]: Finished loading registry data for sophisticatedbackpacks:block_tools
[01Feb2026 06:54:17.479] [main/DEBUG] [sophisticatedbackpacks/]: Started loading registry data from sophisticatedbackpacks:compat/create/block_tools 
[01Feb2026 06:54:17.479] [main/DEBUG] [sophisticatedbackpacks/]: Started loading registry data from sophisticatedbackpacks:compat/farmersdelight/entity_tools 
[01Feb2026 06:54:17.479] [main/DEBUG] [sophisticatedbackpacks/]: Started loading registry data from sophisticatedbackpacks:compat/refinedstorage/block_tools 
[01Feb2026 06:54:17.479] [main/DEBUG] [sophisticatedbackpacks/]: Started loading registry data from sophisticatedbackpacks:compat/chiselsandbits/block_tools 
[01Feb2026 06:54:17.479] [main/DEBUG] [sophisticatedbackpacks/]: Started loading registry data from sophisticatedbackpacks:compat/farmersdelight/block_tools 
[01Feb2026 06:54:17.479] [main/DEBUG] [sophisticatedbackpacks/]: Started loading registry data from sophisticatedbackpacks:compat/resourcefulbees/entity_tools 
[01Feb2026 06:54:17.479] [main/DEBUG] [sophisticatedbackpacks/]: Started loading registry data from sophisticatedbackpacks:compat/tetra/swords 
[01Feb2026 06:54:17.479] [main/DEBUG] [sophisticatedbackpacks/]: Started loading registry data from sophisticatedbackpacks:swords 
[01Feb2026 06:54:17.479] [main/DEBUG] [sophisticatedbackpacks/]: Finished loading registry data for sophisticatedbackpacks:swords
[01Feb2026 06:54:17.479] [main/DEBUG] [sophisticatedbackpacks/]: Started loading registry data from sophisticatedbackpacks:compat/mythicbotany/block_tools 
[01Feb2026 06:54:17.479] [main/DEBUG] [sophisticatedbackpacks/]: Started loading registry data from sophisticatedbackpacks:compat/resourcefulbees/block_tools 
[01Feb2026 06:54:17.479] [main/DEBUG] [sophisticatedbackpacks/]: Started loading registry data from sophisticatedbackpacks:compat/syp/entity_tools 
[01Feb2026 06:54:17.479] [main/DEBUG] [sophisticatedbackpacks/]: Started loading registry data from sophisticatedbackpacks:compat/eidolon/block_tools 
[01Feb2026 06:54:17.479] [main/DEBUG] [sophisticatedbackpacks/]: Started loading registry data from sophisticatedbackpacks:compat/rftoolsbase/block_tools 
[01Feb2026 06:54:17.491] [main/INFO] [top.theillusivec4.curios.Curios/]: Loaded 12 curio slots
[01Feb2026 06:54:17.498] [main/INFO] [top.theillusivec4.curios.Curios/]: Loaded 1 curio entities
[01Feb2026 06:54:18.472] [main/DEBUG] [net.minecraftforge.common.ForgeHooks/WP]: Gathering id map for writing to world save world
[01Feb2026 06:54:18.489] [main/DEBUG] [net.minecraftforge.common.ForgeHooks/WP]: ID Map collection complete world
[01Feb2026 06:54:18.539] [Server thread/INFO] [net.minecraft.server.dedicated.DedicatedServer/]: Starting minecraft server version 1.20.1
[01Feb2026 06:54:18.539] [Server thread/INFO] [net.minecraft.server.dedicated.DedicatedServer/]: Loading properties
[01Feb2026 06:54:18.540] [Server thread/INFO] [net.minecraft.server.dedicated.DedicatedServer/]: Default game type: SURVIVAL
[01Feb2026 06:54:18.540] [Server thread/INFO] [net.minecraft.server.MinecraftServer/]: Generating keypair
[01Feb2026 06:54:18.849] [Server thread/INFO] [net.minecraft.server.dedicated.DedicatedServer/]: Starting Minecraft server on *:25565
[01Feb2026 06:54:18.850] [Server thread/DEBUG] [net.minecraftforge.network.DualStackUtils/]: Detected IPv6 address: "0:0:0:0:0:0:0:0"
[01Feb2026 06:54:18.857] [Server thread/DEBUG] [io.netty.util.internal.NativeLibraryLoader/]: -Dio.netty.native.workdir: /tmp (io.netty.tmpdir)
[01Feb2026 06:54:18.857] [Server thread/DEBUG] [io.netty.util.internal.NativeLibraryLoader/]: -Dio.netty.native.deleteLibAfterLoading: true
[01Feb2026 06:54:18.857] [Server thread/DEBUG] [io.netty.util.internal.NativeLibraryLoader/]: -Dio.netty.native.tryPatchShadedId: true
[01Feb2026 06:54:18.857] [Server thread/DEBUG] [io.netty.util.internal.NativeLibraryLoader/]: -Dio.netty.native.detectNativeLibraryDuplicates: true
[01Feb2026 06:54:18.866] [Server thread/DEBUG] [io.netty.util.internal.NativeLibraryLoader/]: Successfully loaded the library /tmp/libnetty_transport_native_epoll_x86_647255689804571423578.so
[01Feb2026 06:54:18.869] [Server thread/DEBUG] [io.netty.util.NetUtil/]: -Djava.net.preferIPv4Stack: false
[01Feb2026 06:54:18.869] [Server thread/DEBUG] [io.netty.util.NetUtil/]: -Djava.net.preferIPv6Addresses: true
[01Feb2026 06:54:18.870] [Server thread/DEBUG] [io.netty.util.NetUtilInitializations/]: Loopback interface: lo (lo, 0:0:0:0:0:0:0:1%lo)
[01Feb2026 06:54:18.871] [Server thread/DEBUG] [io.netty.util.NetUtil/]: /proc/sys/net/core/somaxconn: 4096
[01Feb2026 06:54:18.875] [Server thread/INFO] [net.minecraft.server.network.ServerConnectionListener/]: Using epoll channel type
[01Feb2026 06:54:18.891] [Server thread/DEBUG] [io.netty.channel.MultithreadEventLoopGroup/]: -Dio.netty.eventLoopThreads: 8
[01Feb2026 06:54:18.903] [Server thread/DEBUG] [io.netty.util.internal.InternalThreadLocalMap/]: -Dio.netty.threadLocalMap.stringBuilder.initialSize: 1024
[01Feb2026 06:54:18.903] [Server thread/DEBUG] [io.netty.util.internal.InternalThreadLocalMap/]: -Dio.netty.threadLocalMap.stringBuilder.maxSize: 4096
[01Feb2026 06:54:18.911] [Server thread/DEBUG] [io.netty.util.internal.PlatformDependent/]: org.jctools-core.MpscChunkedArrayQueue: available
[01Feb2026 06:54:18.920] [Server thread/DEBUG] [io.netty.channel.DefaultChannelId/]: -Dio.netty.processId: 58666 (auto-detected)
[01Feb2026 06:54:18.921] [Server thread/DEBUG] [io.netty.channel.DefaultChannelId/]: -Dio.netty.machineId: 60:45:bd:ff:fe:1d:5f:02 (auto-detected)
[01Feb2026 06:54:18.941] [Server thread/DEBUG] [io.netty.buffer.PooledByteBufAllocator/]: -Dio.netty.allocator.numHeapArenas: 8
[01Feb2026 06:54:18.941] [Server thread/DEBUG] [io.netty.buffer.PooledByteBufAllocator/]: -Dio.netty.allocator.numDirectArenas: 8
[01Feb2026 06:54:18.941] [Server thread/DEBUG] [io.netty.buffer.PooledByteBufAllocator/]: -Dio.netty.allocator.pageSize: 8192
[01Feb2026 06:54:18.941] [Server thread/DEBUG] [io.netty.buffer.PooledByteBufAllocator/]: -Dio.netty.allocator.maxOrder: 9
[01Feb2026 06:54:18.941] [Server thread/DEBUG] [io.netty.buffer.PooledByteBufAllocator/]: -Dio.netty.allocator.chunkSize: 4194304
[01Feb2026 06:54:18.941] [Server thread/DEBUG] [io.netty.buffer.PooledByteBufAllocator/]: -Dio.netty.allocator.smallCacheSize: 256
[01Feb2026 06:54:18.941] [Server thread/DEBUG] [io.netty.buffer.PooledByteBufAllocator/]: -Dio.netty.allocator.normalCacheSize: 64
[01Feb2026 06:54:18.942] [Server thread/DEBUG] [io.netty.buffer.PooledByteBufAllocator/]: -Dio.netty.allocator.maxCachedBufferCapacity: 32768
[01Feb2026 06:54:18.942] [Server thread/DEBUG] [io.netty.buffer.PooledByteBufAllocator/]: -Dio.netty.allocator.cacheTrimInterval: 8192
[01Feb2026 06:54:18.942] [Server thread/DEBUG] [io.netty.buffer.PooledByteBufAllocator/]: -Dio.netty.allocator.cacheTrimIntervalMillis: 0
[01Feb2026 06:54:18.942] [Server thread/DEBUG] [io.netty.buffer.PooledByteBufAllocator/]: -Dio.netty.allocator.useCacheForAllThreads: false
[01Feb2026 06:54:18.942] [Server thread/DEBUG] [io.netty.buffer.PooledByteBufAllocator/]: -Dio.netty.allocator.maxCachedByteBuffersPerChunk: 1023
[01Feb2026 06:54:18.948] [Server thread/DEBUG] [io.netty.buffer.ByteBufUtil/]: -Dio.netty.allocator.type: pooled
[01Feb2026 06:54:18.948] [Server thread/DEBUG] [io.netty.buffer.ByteBufUtil/]: -Dio.netty.threadLocalDirectBufferSize: 0
[01Feb2026 06:54:18.948] [Server thread/DEBUG] [io.netty.buffer.ByteBufUtil/]: -Dio.netty.maxThreadLocalCharBufferSize: 16384
[01Feb2026 06:54:18.956] [Server thread/WARN] [net.minecraft.server.dedicated.DedicatedServer/]: **** SERVER IS RUNNING IN OFFLINE/INSECURE MODE!
[01Feb2026 06:54:18.956] [Server thread/WARN] [net.minecraft.server.dedicated.DedicatedServer/]: The server will make no attempt to authenticate usernames. Beware.
[01Feb2026 06:54:18.957] [Server thread/WARN] [net.minecraft.server.dedicated.DedicatedServer/]: While this makes the game possible to play without internet access, it also opens up the ability for hackers to connect with any username they choose.
[01Feb2026 06:54:18.957] [Server thread/WARN] [net.minecraft.server.dedicated.DedicatedServer/]: To change this, set "online-mode" to "true" in the server.properties file.
[01Feb2026 06:54:18.972] [Server thread/DEBUG] [net.minecraftforge.fml.config.ConfigTracker/CONFIG]: Loading configs type SERVER
[01Feb2026 06:54:18.972] [Server thread/DEBUG] [net.minecraftforge.fml.config.ConfigFileTypeHandler/CONFIG]: Built TOML config for ./world/serverconfig/jei-server.toml
[01Feb2026 06:54:18.972] [Server thread/DEBUG] [net.minecraftforge.fml.config.ConfigFileTypeHandler/CONFIG]: Loaded TOML config file ./world/serverconfig/jei-server.toml
[01Feb2026 06:54:18.973] [Server thread/DEBUG] [net.minecraftforge.fml.config.ConfigFileTypeHandler/CONFIG]: Watching TOML config file ./world/serverconfig/jei-server.toml for changes
[01Feb2026 06:54:18.973] [Thread-2/DEBUG] [net.minecraftforge.fml.config.ConfigFileTypeHandler/CONFIG]: Config file jei-server.toml changed, sending notifies
[01Feb2026 06:54:18.973] [Server thread/DEBUG] [net.minecraftforge.fml.config.ConfigFileTypeHandler/CONFIG]: Built TOML config for ./world/serverconfig/undeadnights-server.toml
[01Feb2026 06:54:18.973] [Thread-2/DEBUG] [net.minecraftforge.fml.config.ConfigFileTypeHandler/CONFIG]: Config file jei-server.toml changed, sending notifies
[01Feb2026 06:54:18.974] [Server thread/DEBUG] [net.minecraftforge.fml.config.ConfigFileTypeHandler/CONFIG]: Loaded TOML config file ./world/serverconfig/undeadnights-server.toml
[01Feb2026 06:54:18.974] [Server thread/DEBUG] [net.minecraftforge.fml.config.ConfigFileTypeHandler/CONFIG]: Watching TOML config file ./world/serverconfig/undeadnights-server.toml for changes
[01Feb2026 06:54:18.974] [Server thread/INFO] [net.petemc.undeadnights.UndeadNights/]: Loading undeadnights server config
[01Feb2026 06:54:18.975] [Thread-2/DEBUG] [net.minecraftforge.fml.config.ConfigFileTypeHandler/CONFIG]: Config file undeadnights-server.toml changed, sending notifies
[01Feb2026 06:54:18.975] [Server thread/DEBUG] [net.minecraftforge.fml.config.ConfigFileTypeHandler/CONFIG]: Built TOML config for ./world/serverconfig/tacz-server.toml
[01Feb2026 06:54:18.975] [Thread-2/INFO] [net.petemc.undeadnights.UndeadNights/]: Loading undeadnights server config
[01Feb2026 06:54:18.975] [Server thread/DEBUG] [net.minecraftforge.fml.config.ConfigFileTypeHandler/CONFIG]: Loaded TOML config file ./world/serverconfig/tacz-server.toml
[01Feb2026 06:54:18.976] [Server thread/DEBUG] [net.minecraftforge.fml.config.ConfigFileTypeHandler/CONFIG]: Watching TOML config file ./world/serverconfig/tacz-server.toml for changes
[01Feb2026 06:54:18.976] [Thread-2/DEBUG] [net.minecraftforge.fml.config.ConfigFileTypeHandler/CONFIG]: Config file undeadnights-server.toml changed, sending notifies
[01Feb2026 06:54:18.976] [Thread-2/INFO] [net.petemc.undeadnights.UndeadNights/]: Loading undeadnights server config
[01Feb2026 06:54:18.978] [Thread-2/DEBUG] [net.minecraftforge.fml.config.ConfigFileTypeHandler/CONFIG]: Config file tacz-server.toml changed, sending notifies
[01Feb2026 06:54:18.978] [Server thread/DEBUG] [net.minecraftforge.fml.config.ConfigFileTypeHandler/CONFIG]: Built TOML config for ./world/serverconfig/mutantszombies-server.toml
[01Feb2026 06:54:18.979] [Server thread/DEBUG] [net.minecraftforge.fml.config.ConfigFileTypeHandler/CONFIG]: Loaded TOML config file ./world/serverconfig/mutantszombies-server.toml
[01Feb2026 06:54:18.979] [Thread-2/DEBUG] [net.minecraftforge.fml.config.ConfigFileTypeHandler/CONFIG]: Config file tacz-server.toml changed, sending notifies
[01Feb2026 06:54:18.979] [Server thread/DEBUG] [net.minecraftforge.fml.config.ConfigFileTypeHandler/CONFIG]: Watching TOML config file ./world/serverconfig/mutantszombies-server.toml for changes
[01Feb2026 06:54:18.979] [Server thread/INFO] [net.petemc.mutantszombies.MutantsZombies/]: Loading mutantszombies server config
[01Feb2026 06:54:18.979] [Server thread/DEBUG] [net.minecraftforge.fml.config.ConfigFileTypeHandler/CONFIG]: Built TOML config for ./world/serverconfig/sophisticatedbackpacks-server.toml
[01Feb2026 06:54:18.980] [Thread-2/DEBUG] [net.minecraftforge.fml.config.ConfigFileTypeHandler/CONFIG]: Config file mutantszombies-server.toml changed, sending notifies
[01Feb2026 06:54:18.980] [Thread-2/INFO] [net.petemc.mutantszombies.MutantsZombies/]: Loading mutantszombies server config
[01Feb2026 06:54:18.981] [Server thread/DEBUG] [net.minecraftforge.fml.config.ConfigFileTypeHandler/CONFIG]: Loaded TOML config file ./world/serverconfig/sophisticatedbackpacks-server.toml
[01Feb2026 06:54:18.982] [Server thread/DEBUG] [net.minecraftforge.fml.config.ConfigFileTypeHandler/CONFIG]: Watching TOML config file ./world/serverconfig/sophisticatedbackpacks-server.toml for changes
[01Feb2026 06:54:18.985] [Thread-2/DEBUG] [net.minecraftforge.fml.config.ConfigFileTypeHandler/CONFIG]: Config file sophisticatedbackpacks-server.toml changed, sending notifies
[01Feb2026 06:54:18.986] [Server thread/DEBUG] [net.minecraftforge.fml.config.ConfigFileTypeHandler/CONFIG]: Built TOML config for ./world/serverconfig/superbwarfare-server.toml
[01Feb2026 06:54:18.987] [Server thread/DEBUG] [net.minecraftforge.fml.config.ConfigFileTypeHandler/CONFIG]: Loaded TOML config file ./world/serverconfig/superbwarfare-server.toml
[01Feb2026 06:54:18.987] [Server thread/DEBUG] [net.minecraftforge.fml.config.ConfigFileTypeHandler/CONFIG]: Watching TOML config file ./world/serverconfig/superbwarfare-server.toml for changes
[01Feb2026 06:54:18.988] [Thread-2/DEBUG] [net.minecraftforge.fml.config.ConfigFileTypeHandler/CONFIG]: Config file sophisticatedbackpacks-server.toml changed, sending notifies
[01Feb2026 06:54:18.989] [Thread-2/DEBUG] [net.minecraftforge.fml.config.ConfigFileTypeHandler/CONFIG]: Config file superbwarfare-server.toml changed, sending notifies
[01Feb2026 06:54:18.989] [Server thread/DEBUG] [net.minecraftforge.fml.config.ConfigFileTypeHandler/CONFIG]: Built TOML config for ./world/serverconfig/forge-server.toml
[01Feb2026 06:54:18.990] [Server thread/DEBUG] [net.minecraftforge.fml.config.ConfigFileTypeHandler/CONFIG]: Loaded TOML config file ./world/serverconfig/forge-server.toml
[01Feb2026 06:54:18.990] [Server thread/DEBUG] [net.minecraftforge.fml.config.ConfigFileTypeHandler/CONFIG]: Watching TOML config file ./world/serverconfig/forge-server.toml for changes
[01Feb2026 06:54:18.990] [Server thread/DEBUG] [net.minecraftforge.common.ForgeConfig/FORGEMOD]: Loaded forge config file forge-server.toml
[01Feb2026 06:54:18.990] [Thread-2/DEBUG] [net.minecraftforge.fml.config.ConfigFileTypeHandler/CONFIG]: Config file superbwarfare-server.toml changed, sending notifies
[01Feb2026 06:54:18.991] [Server thread/DEBUG] [net.minecraftforge.fml.config.ConfigFileTypeHandler/CONFIG]: Built TOML config for ./world/serverconfig/curios-server.toml
[01Feb2026 06:54:18.991] [Thread-2/DEBUG] [net.minecraftforge.fml.config.ConfigFileTypeHandler/CONFIG]: Config file forge-server.toml changed, sending notifies
[01Feb2026 06:54:18.991] [Server thread/DEBUG] [net.minecraftforge.fml.config.ConfigFileTypeHandler/CONFIG]: Loaded TOML config file ./world/serverconfig/curios-server.toml
[01Feb2026 06:54:18.991] [Server thread/DEBUG] [net.minecraftforge.fml.config.ConfigFileTypeHandler/CONFIG]: Watching TOML config file ./world/serverconfig/curios-server.toml for changes
[01Feb2026 06:54:18.992] [Thread-2/DEBUG] [net.minecraftforge.common.ForgeConfig/FORGEMOD]: Forge config just got changed on the file system!
[01Feb2026 06:54:18.992] [Thread-2/DEBUG] [net.minecraftforge.fml.config.ConfigFileTypeHandler/CONFIG]: Config file curios-server.toml changed, sending notifies
[01Feb2026 06:54:18.992] [Server thread/DEBUG] [net.minecraftforge.fml.config.ConfigFileTypeHandler/CONFIG]: Built TOML config for ./world/serverconfig/sit-server.toml
[01Feb2026 06:54:18.992] [Thread-2/DEBUG] [net.minecraftforge.fml.config.ConfigFileTypeHandler/CONFIG]: Config file curios-server.toml changed, sending notifies
[01Feb2026 06:54:18.992] [Server thread/DEBUG] [net.minecraftforge.fml.config.ConfigFileTypeHandler/CONFIG]: Loaded TOML config file ./world/serverconfig/sit-server.toml
[01Feb2026 06:54:18.992] [Server thread/DEBUG] [net.minecraftforge.fml.config.ConfigFileTypeHandler/CONFIG]: Watching TOML config file ./world/serverconfig/sit-server.toml for changes
[01Feb2026 06:54:18.993] [Thread-2/DEBUG] [net.minecraftforge.fml.config.ConfigFileTypeHandler/CONFIG]: Config file sit-server.toml changed, sending notifies
[01Feb2026 06:54:18.993] [Server thread/DEBUG] [net.minecraftforge.fml.config.ConfigFileTypeHandler/CONFIG]: Built TOML config for ./world/serverconfig/lostcities-server.toml
[01Feb2026 06:54:18.993] [Thread-2/DEBUG] [net.minecraftforge.fml.config.ConfigFileTypeHandler/CONFIG]: Config file sit-server.toml changed, sending notifies
[01Feb2026 06:54:18.993] [Server thread/DEBUG] [net.minecraftforge.fml.config.ConfigFileTypeHandler/CONFIG]: Loaded TOML config file ./world/serverconfig/lostcities-server.toml
[01Feb2026 06:54:18.993] [Server thread/DEBUG] [net.minecraftforge.fml.config.ConfigFileTypeHandler/CONFIG]: Watching TOML config file ./world/serverconfig/lostcities-server.toml for changes
[01Feb2026 06:54:18.994] [Thread-2/DEBUG] [net.minecraftforge.fml.config.ConfigFileTypeHandler/CONFIG]: Config file lostcities-server.toml changed, sending notifies
[01Feb2026 06:54:18.994] [Thread-2/DEBUG] [net.minecraftforge.fml.config.ConfigFileTypeHandler/CONFIG]: Config file lostcities-server.toml changed, sending notifies
[01Feb2026 06:54:18.994] [Server thread/DEBUG] [net.minecraftforge.fml.config.ConfigFileTypeHandler/CONFIG]: Built TOML config for ./world/serverconfig/openpartiesandclaims-server.toml
[01Feb2026 06:54:18.997] [Server thread/DEBUG] [net.minecraftforge.fml.config.ConfigFileTypeHandler/CONFIG]: Loaded TOML config file ./world/serverconfig/openpartiesandclaims-server.toml
[01Feb2026 06:54:18.997] [Server thread/DEBUG] [net.minecraftforge.fml.config.ConfigFileTypeHandler/CONFIG]: Watching TOML config file ./world/serverconfig/openpartiesandclaims-server.toml for changes
[01Feb2026 06:54:19.000] [Thread-2/DEBUG] [net.minecraftforge.fml.config.ConfigFileTypeHandler/CONFIG]: Config file openpartiesandclaims-server.toml changed, sending notifies
[01Feb2026 06:54:19.003] [Thread-2/DEBUG] [net.minecraftforge.fml.config.ConfigFileTypeHandler/CONFIG]: Config file openpartiesandclaims-server.toml changed, sending notifies
[01Feb2026 06:54:19.074] [Server thread/DEBUG] [platform/]: Found existing server config directory directory : ./world/serverconfig
[01Feb2026 06:54:19.074] [Server thread/DEBUG] [com.blackgear.platform.core.util.config.ConfigTracker/]: Loading configs type SERVER
[01Feb2026 06:54:19.085] [Server thread/INFO] [xaero.pac.OpenPartiesAndClaims/]: Initializing Open Parties and Claims for the server...
[01Feb2026 06:54:19.097] [Server thread/INFO] [xaero.pac.OpenPartiesAndClaims/]: Loading server info!
[01Feb2026 06:54:19.150] [Server thread/INFO] [xaero.pac.OpenPartiesAndClaims/]: Loading player configs...
[01Feb2026 06:54:19.186] [Server thread/INFO] [xaero.pac.OpenPartiesAndClaims/]: Loaded player configs!
[01Feb2026 06:54:19.187] [Server thread/INFO] [xaero.pac.OpenPartiesAndClaims/]: Loading parties...
[01Feb2026 06:54:19.188] [Server thread/INFO] [xaero.pac.OpenPartiesAndClaims/]: Loaded parties!
[01Feb2026 06:54:19.189] [Server thread/INFO] [xaero.pac.OpenPartiesAndClaims/]: Fixing party inconsistencies...
[01Feb2026 06:54:19.228] [Server thread/INFO] [xaero.pac.OpenPartiesAndClaims/]: Registered party system for OPAC: default
[01Feb2026 06:54:19.229] [Server thread/INFO] [xaero.pac.OpenPartiesAndClaims/]: Registered permission system for OPAC: permission_api
[01Feb2026 06:54:19.230] [Server thread/INFO] [net.minecraft.server.dedicated.DedicatedServer/]: Preparing level "world"
[01Feb2026 06:54:19.236] [Server thread/DEBUG] [net.minecraftforge.coremod.transformer.CoreModBaseTransformer/COREMOD]: Transforming net/minecraft/world/level/levelgen/PhantomSpawner
[01Feb2026 06:54:19.242] [Server thread/DEBUG] [net.minecraftforge.coremod.transformer.CoreModBaseTransformer/COREMOD]: Transforming net/minecraft/world/level/levelgen/PatrolSpawner
[01Feb2026 06:54:19.247] [Server thread/DEBUG] [net.minecraftforge.coremod.transformer.CoreModBaseTransformer/COREMOD]: Transforming net/minecraft/world/entity/npc/CatSpawner
[01Feb2026 06:54:19.252] [Server thread/DEBUG] [net.minecraftforge.coremod.transformer.CoreModBaseTransformer/COREMOD]: Transforming net/minecraft/world/entity/ai/village/VillageSiege
[01Feb2026 06:54:19.282] [Server thread/DEBUG] [mixin/]: Mixing PersistentEntitySectionManagerMixin from undeadnights.mixins.json into net.minecraft.world.level.entity.PersistentEntitySectionManager
[01Feb2026 06:54:19.296] [Server thread/DEBUG] [mixin/]: Mixing ChunkMapAccessor from skinrestorer.mixins.json into net.minecraft.server.level.ChunkMap
[01Feb2026 06:54:26.254] [Server thread/INFO] [net.minecraft.server.MinecraftServer/]: Preparing start region for dimension minecraft:overworld
[01Feb2026 06:54:27.350] [Server thread/DEBUG] [mixin/]: Mixing MixinChunkSerializer from architectury.mixins.json into net.minecraft.world.level.chunk.storage.ChunkSerializer
[01Feb2026 06:54:27.556] [Server thread/DEBUG] [mixin/]: Mixing LevelChunkSectionMixin from sona.mixins.json into net.minecraft.world.level.chunk.LevelChunkSection
[01Feb2026 06:54:29.394] [Server thread/DEBUG] [net.minecraftforge.coremod.transformer.CoreModBaseTransformer/COREMOD]: Transforming net/minecraft/world/level/levelgen/structure/templatesystem/StructureTemplate
[01Feb2026 06:54:30.304] [Worker-Main-3/INFO] [net.minecraft.server.level.progress.LoggerChunkProgressListener/]: Preparing spawn area: 0%
[01Feb2026 06:54:30.326] [Worker-Main-1/INFO] [net.minecraft.server.level.progress.LoggerChunkProgressListener/]: Preparing spawn area: 0%
[01Feb2026 06:54:30.337] [Worker-Main-1/INFO] [net.minecraft.server.level.progress.LoggerChunkProgressListener/]: Preparing spawn area: 0%
[01Feb2026 06:54:30.339] [Worker-Main-3/INFO] [net.minecraft.server.level.progress.LoggerChunkProgressListener/]: Preparing spawn area: 0%
[01Feb2026 06:54:30.344] [Worker-Main-3/INFO] [net.minecraft.server.level.progress.LoggerChunkProgressListener/]: Preparing spawn area: 0%
[01Feb2026 06:54:30.350] [Worker-Main-3/INFO] [net.minecraft.server.level.progress.LoggerChunkProgressListener/]: Preparing spawn area: 0%
[01Feb2026 06:54:31.465] [Worker-Main-2/INFO] [net.minecraft.server.level.progress.LoggerChunkProgressListener/]: Preparing spawn area: 0%
[01Feb2026 06:54:31.470] [Worker-Main-3/INFO] [net.minecraft.server.level.progress.LoggerChunkProgressListener/]: Preparing spawn area: 0%
[01Feb2026 06:54:31.479] [Worker-Main-2/INFO] [net.minecraft.server.level.progress.LoggerChunkProgressListener/]: Preparing spawn area: 0%
[01Feb2026 06:54:31.481] [Worker-Main-3/INFO] [net.minecraft.server.level.progress.LoggerChunkProgressListener/]: Preparing spawn area: 0%
[01Feb2026 06:54:31.485] [Worker-Main-1/INFO] [net.minecraft.server.level.progress.LoggerChunkProgressListener/]: Preparing spawn area: 0%
[01Feb2026 06:54:31.778] [Worker-Main-3/INFO] [net.minecraft.server.level.progress.LoggerChunkProgressListener/]: Preparing spawn area: 0%
[01Feb2026 06:54:32.259] [Worker-Main-1/INFO] [net.minecraft.server.level.progress.LoggerChunkProgressListener/]: Preparing spawn area: 0%
[01Feb2026 06:54:32.704] [Server thread/DEBUG] [mixin/]: Mixing ProjectileUtilMixin from mixins.superbwarfare.json into net.minecraft.world.entity.projectile.ProjectileUtil
[01Feb2026 06:54:32.756] [Worker-Main-1/INFO] [net.minecraft.server.level.progress.LoggerChunkProgressListener/]: Preparing spawn area: 39%
[01Feb2026 06:54:32.969] [Server thread/DEBUG] [mixin/]: Mixing InvWrapperMixin from sona.mixins.json into net.minecraftforge.items.wrapper.InvWrapper
[01Feb2026 06:54:33.256] [Worker-Main-1/INFO] [net.minecraft.server.level.progress.LoggerChunkProgressListener/]: Preparing spawn area: 83%
[01Feb2026 06:54:33.491] [Server thread/INFO] [net.minecraft.server.level.progress.LoggerChunkProgressListener/]: Time elapsed: 7235 ms
[01Feb2026 06:54:33.493] [Server thread/INFO] [net.minecraft.server.dedicated.DedicatedServer/]: Done (14.521s)! For help, type "help"
[01Feb2026 06:54:33.509] [Server thread/DEBUG] [net.minecraftforge.network.DualStackUtils/]: Detected IPv6 address: "0:0:0:0:0:0:0:0"
[01Feb2026 06:54:33.590] [Server thread/DEBUG] [net.minecraftforge.common.ForgeI18n/CORE]: Loading I18N data entries: 8455
[01Feb2026 06:54:33.597] [Server thread/INFO] [net.minecraftforge.server.permission.PermissionAPI/]: Successfully initialized permission handler forge:default_handler
[01Feb2026 06:54:33.597] [Server thread/INFO] [net.petemc.undeadnights.UndeadNights/]: Initializing the UndeadNights Mod (server starting)
[01Feb2026 06:54:33.641] [Server thread/INFO] [xaero.pac.OpenPartiesAndClaims/]: Loading claims...
[01Feb2026 06:54:33.670] [Server thread/INFO] [xaero.pac.OpenPartiesAndClaims/]: Loaded claims in 28ms
[01Feb2026 06:54:33.670] [Server thread/WARN] [xaero.pac.OpenPartiesAndClaims/]: The configured permission system "prometheus" isn't registered!
[01Feb2026 06:54:33.671] [Server thread/INFO] [xaero.pac.OpenPartiesAndClaims/]: Configured OPAC to use the following permission system: permission_api
[01Feb2026 06:54:33.671] [Server thread/WARN] [xaero.pac.OpenPartiesAndClaims/]: The configured primary party system "argonauts_guilds" isn't registered!
[01Feb2026 06:54:33.671] [Server thread/INFO] [xaero.pac.OpenPartiesAndClaims/]: Configured OPAC to use the following party system as primary: default
[01Feb2026 06:54:33.672] [Server thread/INFO] [dynamiclights/]: [Dynamic Lights] Sending global config to world ...
[01Feb2026 06:54:33.684] [Server thread/INFO] [mixin/]: Mixing common.MixinServerStatus from mixins/common/nochatreports.mixins.json into net.minecraft.network.protocol.status.ServerStatus
[01Feb2026 06:54:33.753] [Server thread/DEBUG] [xaero.pac.OpenPartiesAndClaims/]: Checking for expired parties...
[01Feb2026 06:54:33.754] [Server thread/DEBUG] [xaero.pac.OpenPartiesAndClaims/]: Expiration iteration has finished!
[01Feb2026 06:54:33.798] [Server thread/DEBUG] [net.minecraftforge.coremod.transformer.CoreModBaseTransformer/COREMOD]: Transforming net/minecraft/world/level/NaturalSpawner
[01Feb2026 06:54:33.823] [Server thread/DEBUG] [mixin/]: Mixing SpawnHelperMix from zombie_variants.mixins.json into net.minecraft.world.level.NaturalSpawner
[01Feb2026 06:54:33.832] [Server thread/DEBUG] [mixin/]: Mixing SpawnStateMixin from sona.mixins.json into net.minecraft.world.level.NaturalSpawner$SpawnState
[01Feb2026 06:54:33.857] [Server thread/DEBUG] [mixin/]: Mixing TrackedEntityAccessorInvoker from skinrestorer.mixins.json into net.minecraft.server.level.ChunkMap$TrackedEntity
[01Feb2026 06:54:33.890] [Server thread/DEBUG] [xaero.pac.OpenPartiesAndClaims/]: Checking for expired player claims...
[01Feb2026 06:54:33.891] [Server thread/DEBUG] [xaero.pac.OpenPartiesAndClaims/]: Expiration iteration has finished!
[01Feb2026 06:54:34.150] [Server thread/DEBUG] [mixin/]: Mixing MixinBehaviorUtils from openpartiesandclaims.mixins.json into net.minecraft.world.entity.ai.behavior.BehaviorUtils
[01Feb2026 06:57:39.229] [Server thread/DEBUG] [xaero.pac.OpenPartiesAndClaims/]: Saving claims!
[01Feb2026 06:59:33.689] [Server thread/DEBUG] [net.minecraftforge.common.ForgeHooks/WP]: Gathering id map for writing to world save world
[01Feb2026 06:59:33.748] [Server thread/DEBUG] [net.minecraftforge.common.ForgeHooks/WP]: ID Map collection complete world
[01Feb2026 07:00:59.179] [Server thread/DEBUG] [xaero.pac.OpenPartiesAndClaims/]: Saving player configs...
[01Feb2026 07:01:45.856] [Netty Epoll Server IO #1/DEBUG] [mixin/]: Mixing ClientboundSetPassengersPacketMixin from mixins.superbwarfare.json into net.minecraft.network.protocol.game.ClientboundSetPassengersPacket
[01Feb2026 07:01:45.873] [Netty Epoll Server IO #1/INFO] [mixin/]: Mixing server.MixinServerboundChatCommandPacket from mixins/common/nochatreports.mixins.json into net.minecraft.network.protocol.game.ServerboundChatCommandPacket
[01Feb2026 07:01:45.876] [Netty Epoll Server IO #1/INFO] [mixin/]: Mixing server.MixinServerboundChatPacket from mixins/common/nochatreports.mixins.json into net.minecraft.network.protocol.game.ServerboundChatPacket
[01Feb2026 07:01:45.878] [Netty Epoll Server IO #1/INFO] [mixin/]: Mixing server.MixinServerboundChatSessionUpdatePacket from mixins/common/nochatreports.mixins.json into net.minecraft.network.protocol.game.ServerboundChatSessionUpdatePacket
[01Feb2026 07:01:45.914] [Netty Epoll Server IO #1/DEBUG] [io.netty.util.Recycler/]: -Dio.netty.recycler.maxCapacityPerThread: 4096
[01Feb2026 07:01:45.915] [Netty Epoll Server IO #1/DEBUG] [io.netty.util.Recycler/]: -Dio.netty.recycler.ratio: 8
[01Feb2026 07:01:45.915] [Netty Epoll Server IO #1/DEBUG] [io.netty.util.Recycler/]: -Dio.netty.recycler.chunkSize: 32
[01Feb2026 07:01:45.915] [Netty Epoll Server IO #1/DEBUG] [io.netty.util.Recycler/]: -Dio.netty.recycler.blocking: false
[01Feb2026 07:01:51.900] [Netty Epoll Server IO #2/DEBUG] [net.minecraftforge.network.HandshakeHandler/FMLHANDSHAKE]: Starting new modded impl connection. Found 34 messages to dispatch.
[01Feb2026 07:01:51.902] [Netty Epoll Server IO #2/DEBUG] [mixin/]: Mixing ServerLoginPacketListenerImplMixin from skinrestorer.mixins.json into net.minecraft.server.network.ServerLoginPacketListenerImpl
[01Feb2026 07:01:51.903] [Netty Epoll Server IO #2/DEBUG] [mixin/]: Renaming synthetic method lambda$skinrestorer$fetchSkin$2(Lnet/lionarius/skinrestorer/skin/provider/SkinProviderContext;)Lnet/lionarius/skinrestorer/util/Result; to md63ae9b$lambda$skinrestorer$fetchSkin$2$0 in skinrestorer.mixins.json:ServerLoginPacketListenerImplMixin
[01Feb2026 07:01:51.903] [Netty Epoll Server IO #2/DEBUG] [mixin/]: Renaming synthetic method lambda$skinrestorer$fetchSkin$1(Lnet/lionarius/skinrestorer/skin/provider/SkinProviderContext;Lnet/lionarius/skinrestorer/skin/provider/SkinProvider;)Lnet/lionarius/skinrestorer/util/Result; to md63ae9b$lambda$skinrestorer$fetchSkin$1$1 in skinrestorer.mixins.json:ServerLoginPacketListenerImplMixin
[01Feb2026 07:01:51.903] [Netty Epoll Server IO #2/DEBUG] [mixin/]: Renaming synthetic method lambda$waitForSkin$0()Ljava/lang/Void; to md63ae9b$lambda$waitForSkin$0$2 in skinrestorer.mixins.json:ServerLoginPacketListenerImplMixin
[01Feb2026 07:01:52.090] [Server thread/DEBUG] [net.minecraftforge.network.HandshakeHandler/FMLHANDSHAKE]: Sending ticking packet info 'com.tacz.guns.network.message.handshake.ServerMessageSyncedEntityDataMapping' to 'tacz:handshake' sequence 0
[01Feb2026 07:01:52.141] [Server thread/DEBUG] [net.minecraftforge.network.HandshakeHandler/FMLHANDSHAKE]: Sending ticking packet info 'net.minecraftforge.network.HandshakeMessages$S2CModData' to 'fml:handshake' sequence 1
[01Feb2026 07:01:52.193] [Server thread/DEBUG] [net.minecraftforge.network.HandshakeHandler/FMLHANDSHAKE]: Sending ticking packet info 'net.minecraftforge.network.HandshakeMessages$S2CModList' to 'fml:handshake' sequence 2
[01Feb2026 07:01:52.240] [Server thread/DEBUG] [net.minecraftforge.network.HandshakeHandler/FMLHANDSHAKE]: Sending ticking packet info 'Registry minecraft:command_argument_type' to 'fml:handshake' sequence 3
[01Feb2026 07:01:52.292] [Server thread/DEBUG] [net.minecraftforge.network.HandshakeHandler/FMLHANDSHAKE]: Sending ticking packet info 'Registry minecraft:recipe_serializer' to 'fml:handshake' sequence 4
[01Feb2026 07:01:52.301] [Netty Epoll Server IO #2/DEBUG] [net.minecraftforge.network.LoginWrapper/FMLHANDSHAKE]: Recieved login wrapper packet event for channel tacz:handshake with index 0
[01Feb2026 07:01:52.303] [Netty Epoll Server IO #2/DEBUG] [net.minecraftforge.network.HandshakeHandler/FMLHANDSHAKE]: Received client indexed reply 0 of type com.tacz.guns.network.message.handshake.Acknowledge
[01Feb2026 07:01:52.303] [Netty Epoll Server IO #2/DEBUG] [tacz/HANDSHAKE_ACKNOWLEDGE]: Received acknowledgement from client
[01Feb2026 07:01:52.345] [Server thread/DEBUG] [net.minecraftforge.network.HandshakeHandler/FMLHANDSHAKE]: Sending ticking packet info 'Registry minecraft:sound_event' to 'fml:handshake' sequence 5
[01Feb2026 07:01:52.383] [Netty Epoll Server IO #2/DEBUG] [net.minecraftforge.network.LoginWrapper/FMLHANDSHAKE]: Recieved login wrapper packet event for channel fml:handshake with index 2
[01Feb2026 07:01:52.384] [Netty Epoll Server IO #2/DEBUG] [net.minecraftforge.network.HandshakeHandler/FMLHANDSHAKE]: Received client indexed reply 2 of type net.minecraftforge.network.HandshakeMessages$C2SModListReply
[01Feb2026 07:01:52.385] [Netty Epoll Server IO #2/DEBUG] [net.minecraftforge.network.HandshakeHandler/FMLHANDSHAKE]: Received client connection with modlist [doubledoors, kuma_api, almanac, wi_zoom, openpartiesandclaims, geckolib, undeadnights, playeranimator, treeharvester, xaerolib, tacz, sophisticatedcore, underground_bunkers, waystones, clumps, xaeroworldmap, modernfix, jei, mixinextras, mr_veinminer, sophisticatedbackpacks, mutantszombies, superbwarfare, balm, carryon, memoryleakfix, cloth_config, forge, sona, zombiekit, embeddium, rubidium, chovys_apocalypse_mod, mr_fullbright_multiplayer, minecraft, infectious, libipn, nochatreports, jade, chunky, platform, kotlinforforge, rottencreatures, modelfix, curios, xaerominimap, collective, sit, entityculling, noisium, lostcities, immediatelyfast, inventoryprofilesnext, automobility, architectury, zombie_variants, appleskin, ferritecore, embeddium_extra, dynamic_fps, rrls, world_host, jadeaddons, fallingtree, badoptimizations, simply_traps, letmedespawn, skinrestorer]
[01Feb2026 07:01:52.387] [Netty Epoll Server IO #2/DEBUG] [net.minecraftforge.network.NetworkRegistry/NETREGISTRY]: Channel 'skinshuffle:skin_refresh' : Version test of '' from client : ACCEPTED
[01Feb2026 07:01:52.387] [Netty Epoll Server IO #2/DEBUG] [net.minecraftforge.network.NetworkRegistry/NETREGISTRY]: Channel 'architectury:network' : Version test of '1' from client : ACCEPTED
[01Feb2026 07:01:52.387] [Netty Epoll Server IO #2/DEBUG] [net.minecraftforge.network.NetworkRegistry/NETREGISTRY]: Channel 'openpartiesandclaims:main' : Version test of '1.4.0' from client : ACCEPTED
[01Feb2026 07:01:52.387] [Netty Epoll Server IO #2/DEBUG] [net.minecraftforge.network.NetworkRegistry/NETREGISTRY]: Channel 'jei:channel' : Version test of '1.0.0' from client : ACCEPTED
[01Feb2026 07:01:52.387] [Netty Epoll Server IO #2/DEBUG] [net.minecraftforge.network.NetworkRegistry/NETREGISTRY]: Channel 'carryon:carryonpackets' : Version test of '1.0' from client : ACCEPTED
[01Feb2026 07:01:52.387] [Netty Epoll Server IO #2/DEBUG] [net.minecraftforge.network.NetworkRegistry/NETREGISTRY]: Channel 'minecraft:unregister' : Version test of 'FML3' from client : ACCEPTED
[01Feb2026 07:01:52.387] [Netty Epoll Server IO #2/DEBUG] [net.minecraftforge.network.NetworkRegistry/NETREGISTRY]: Channel 'xaerominimap:main' : Version test of '1.0' from client : ACCEPTED
[01Feb2026 07:01:52.387] [Netty Epoll Server IO #2/DEBUG] [net.minecraftforge.network.NetworkRegistry/NETREGISTRY]: Channel 'sophisticatedbackpacks:channel' : Version test of '1' from client : ACCEPTED
[01Feb2026 07:01:52.387] [Netty Epoll Server IO #2/DEBUG] [net.minecraftforge.network.NetworkRegistry/NETREGISTRY]: Channel 'platform:networking' : Version test of '1' from client : ACCEPTED
[01Feb2026 07:01:52.388] [Netty Epoll Server IO #2/DEBUG] [net.minecraftforge.network.NetworkRegistry/NETREGISTRY]: Channel 'lostcities:lostcities' : Version test of '1.0' from client : ACCEPTED
[01Feb2026 07:01:52.388] [Netty Epoll Server IO #2/DEBUG] [net.minecraftforge.network.NetworkRegistry/NETREGISTRY]: Channel 'simply_traps:simply_traps' : Version test of '1' from client : ACCEPTED
[01Feb2026 07:01:52.388] [Netty Epoll Server IO #2/DEBUG] [net.minecraftforge.network.NetworkRegistry/NETREGISTRY]: Channel 'zombiekit:zombiekit' : Version test of '1' from client : ACCEPTED
[01Feb2026 07:01:52.388] [Netty Epoll Server IO #2/DEBUG] [net.minecraftforge.network.NetworkRegistry/NETREGISTRY]: Channel 'fallingtree:main' : Version test of '1' from client : ACCEPTED
[01Feb2026 07:01:52.388] [Netty Epoll Server IO #2/DEBUG] [net.minecraftforge.network.NetworkRegistry/NETREGISTRY]: Channel 'tacz:handshake' : Version test of '1.0.4' from client : ACCEPTED
[01Feb2026 07:01:52.388] [Netty Epoll Server IO #2/DEBUG] [net.minecraftforge.network.NetworkRegistry/NETREGISTRY]: Channel 'curios:main' : Version test of '1' from client : ACCEPTED
[01Feb2026 07:01:52.388] [Netty Epoll Server IO #2/DEBUG] [net.minecraftforge.network.NetworkRegistry/NETREGISTRY]: Channel 'balm:network' : Version test of '1.0' from client : ACCEPTED
[01Feb2026 07:01:52.388] [Netty Epoll Server IO #2/DEBUG] [net.minecraftforge.network.NetworkRegistry/NETREGISTRY]: Channel 'appleskin:sync' : Version test of '1' from client : ACCEPTED
[01Feb2026 07:01:52.388] [Netty Epoll Server IO #2/DEBUG] [net.minecraftforge.network.NetworkRegistry/NETREGISTRY]: Channel 'sona:sona' : Version test of '1' from client : ACCEPTED
[01Feb2026 07:01:52.388] [Netty Epoll Server IO #2/DEBUG] [net.minecraftforge.network.NetworkRegistry/NETREGISTRY]: Channel 'skinshuffle:handshake' : Version test of '' from client : ACCEPTED
[01Feb2026 07:01:52.388] [Netty Epoll Server IO #2/DEBUG] [net.minecraftforge.network.NetworkRegistry/NETREGISTRY]: Channel 'chovys_apocalypse_mod:chovys_apocalypse_mod' : Version test of '1' from client : ACCEPTED
[01Feb2026 07:01:52.388] [Netty Epoll Server IO #2/DEBUG] [net.minecraftforge.network.NetworkRegistry/NETREGISTRY]: Channel 'fml:loginwrapper' : Version test of 'FML3' from client : ACCEPTED
[01Feb2026 07:01:52.388] [Netty Epoll Server IO #2/DEBUG] [net.minecraftforge.network.NetworkRegistry/NETREGISTRY]: Channel 'forge:tier_sorting' : Version test of '1.0' from client : ACCEPTED
[01Feb2026 07:01:52.388] [Netty Epoll Server IO #2/DEBUG] [net.minecraftforge.network.NetworkRegistry/NETREGISTRY]: Channel 'infectious:infectious' : Version test of '1' from client : ACCEPTED
[01Feb2026 07:01:52.388] [Netty Epoll Server IO #2/DEBUG] [net.minecraftforge.network.NetworkRegistry/NETREGISTRY]: Channel 'automobility:main' : Version test of '0.3' from client : ACCEPTED
[01Feb2026 07:01:52.388] [Netty Epoll Server IO #2/DEBUG] [net.minecraftforge.network.NetworkRegistry/NETREGISTRY]: Channel 'xaerolib:main' : Version test of '1.0' from client : ACCEPTED
[01Feb2026 07:01:52.388] [Netty Epoll Server IO #2/DEBUG] [net.minecraftforge.network.NetworkRegistry/NETREGISTRY]: Channel 'fml:play' : Version test of 'FML3' from client : ACCEPTED
[01Feb2026 07:01:52.388] [Netty Epoll Server IO #2/DEBUG] [net.minecraftforge.network.NetworkRegistry/NETREGISTRY]: Channel 'sophisticatedcore:channel' : Version test of '1' from client : ACCEPTED
[01Feb2026 07:01:52.388] [Netty Epoll Server IO #2/DEBUG] [net.minecraftforge.network.NetworkRegistry/NETREGISTRY]: Channel 'fml:handshake' : Version test of 'FML3' from client : ACCEPTED
[01Feb2026 07:01:52.388] [Netty Epoll Server IO #2/DEBUG] [net.minecraftforge.network.NetworkRegistry/NETREGISTRY]: Channel 'xaeroworldmap:main' : Version test of '1.0' from client : ACCEPTED
[01Feb2026 07:01:52.388] [Netty Epoll Server IO #2/DEBUG] [net.minecraftforge.network.NetworkRegistry/NETREGISTRY]: Channel 'minecraft:register' : Version test of 'FML3' from client : ACCEPTED
[01Feb2026 07:01:52.388] [Netty Epoll Server IO #2/DEBUG] [net.minecraftforge.network.NetworkRegistry/NETREGISTRY]: Channel 'forge:split' : Version test of '1.1' from client : ACCEPTED
[01Feb2026 07:01:52.388] [Netty Epoll Server IO #2/DEBUG] [net.minecraftforge.network.NetworkRegistry/NETREGISTRY]: Channel 'tacz:network' : Version test of '1.0.4' from client : ACCEPTED
[01Feb2026 07:01:52.388] [Netty Epoll Server IO #2/DEBUG] [net.minecraftforge.network.NetworkRegistry/NETREGISTRY]: Channel 'superbwarfare:superbwarfare' : Version test of '1' from client : ACCEPTED
[01Feb2026 07:01:52.388] [Netty Epoll Server IO #2/DEBUG] [net.minecraftforge.network.NetworkRegistry/NETREGISTRY]: Channel 'geckolib:main' : Version test of '1' from client : ACCEPTED
[01Feb2026 07:01:52.388] [Netty Epoll Server IO #2/DEBUG] [net.minecraftforge.network.NetworkRegistry/NETREGISTRY]: Channel 'waystones:network' : Version test of '1.0' from client : ACCEPTED
[01Feb2026 07:01:52.388] [Netty Epoll Server IO #2/DEBUG] [net.minecraftforge.network.NetworkRegistry/NETREGISTRY]: Channel 'jade:networking' : Version test of '2' from client : ACCEPTED
[01Feb2026 07:01:52.388] [Netty Epoll Server IO #2/DEBUG] [net.minecraftforge.network.NetworkRegistry/NETREGISTRY]: Channel 'skinshuffle:refresh' : Version test of '' from client : ACCEPTED
[01Feb2026 07:01:52.388] [Netty Epoll Server IO #2/DEBUG] [net.minecraftforge.network.NetworkRegistry/NETREGISTRY]: Accepting channel list from client
[01Feb2026 07:01:52.389] [Netty Epoll Server IO #2/DEBUG] [net.minecraftforge.network.HandshakeHandler/FMLHANDSHAKE]: Accepted client connection mod list
[01Feb2026 07:01:52.395] [Server thread/DEBUG] [net.minecraftforge.network.HandshakeHandler/FMLHANDSHAKE]: Sending ticking packet info 'Registry minecraft:particle_type' to 'fml:handshake' sequence 6
[01Feb2026 07:01:52.430] [Netty Epoll Server IO #2/DEBUG] [net.minecraftforge.network.LoginWrapper/FMLHANDSHAKE]: Recieved login wrapper packet event for channel fml:handshake with index 3
[01Feb2026 07:01:52.430] [Netty Epoll Server IO #2/DEBUG] [net.minecraftforge.network.HandshakeHandler/FMLHANDSHAKE]: Received client indexed reply 3 of type net.minecraftforge.network.HandshakeMessages$C2SAcknowledge
[01Feb2026 07:01:52.430] [Netty Epoll Server IO #2/DEBUG] [net.minecraftforge.network.HandshakeHandler/FMLHANDSHAKE]: Received acknowledgement from client
[01Feb2026 07:01:52.441] [Server thread/DEBUG] [net.minecraftforge.network.HandshakeHandler/FMLHANDSHAKE]: Sending ticking packet info 'Registry minecraft:villager_profession' to 'fml:handshake' sequence 7
[01Feb2026 07:01:52.476] [Netty Epoll Server IO #2/DEBUG] [net.minecraftforge.network.LoginWrapper/FMLHANDSHAKE]: Recieved login wrapper packet event for channel fml:handshake with index 4
[01Feb2026 07:01:52.476] [Netty Epoll Server IO #2/DEBUG] [net.minecraftforge.network.HandshakeHandler/FMLHANDSHAKE]: Received client indexed reply 4 of type net.minecraftforge.network.HandshakeMessages$C2SAcknowledge
[01Feb2026 07:01:52.476] [Netty Epoll Server IO #2/DEBUG] [net.minecraftforge.network.HandshakeHandler/FMLHANDSHAKE]: Received acknowledgement from client
[01Feb2026 07:01:52.491] [Server thread/DEBUG] [net.minecraftforge.network.HandshakeHandler/FMLHANDSHAKE]: Sending ticking packet info 'Registry minecraft:item' to 'fml:handshake' sequence 8
[01Feb2026 07:01:52.542] [Server thread/DEBUG] [net.minecraftforge.network.HandshakeHandler/FMLHANDSHAKE]: Sending ticking packet info 'Registry minecraft:potion' to 'fml:handshake' sequence 9
[01Feb2026 07:01:52.591] [Server thread/DEBUG] [net.minecraftforge.network.HandshakeHandler/FMLHANDSHAKE]: Sending ticking packet info 'Registry minecraft:painting_variant' to 'fml:handshake' sequence 10
[01Feb2026 07:01:52.640] [Server thread/DEBUG] [net.minecraftforge.network.HandshakeHandler/FMLHANDSHAKE]: Sending ticking packet info 'Registry forge:fluid_type' to 'fml:handshake' sequence 11
[01Feb2026 07:01:52.691] [Server thread/DEBUG] [net.minecraftforge.network.HandshakeHandler/FMLHANDSHAKE]: Sending ticking packet info 'Registry minecraft:block_entity_type' to 'fml:handshake' sequence 12
[01Feb2026 07:01:52.741] [Server thread/DEBUG] [net.minecraftforge.network.HandshakeHandler/FMLHANDSHAKE]: Sending ticking packet info 'Registry forge:display_contexts' to 'fml:handshake' sequence 13
[01Feb2026 07:01:52.791] [Server thread/DEBUG] [net.minecraftforge.network.HandshakeHandler/FMLHANDSHAKE]: Sending ticking packet info 'Registry minecraft:block' to 'fml:handshake' sequence 14
[01Feb2026 07:01:52.843] [Server thread/DEBUG] [net.minecraftforge.network.HandshakeHandler/FMLHANDSHAKE]: Sending ticking packet info 'Registry forge:entity_data_serializers' to 'fml:handshake' sequence 15
[01Feb2026 07:01:52.891] [Server thread/DEBUG] [net.minecraftforge.network.HandshakeHandler/FMLHANDSHAKE]: Sending ticking packet info 'Registry minecraft:mob_effect' to 'fml:handshake' sequence 16
[01Feb2026 07:01:52.942] [Server thread/DEBUG] [net.minecraftforge.network.HandshakeHandler/FMLHANDSHAKE]: Sending ticking packet info 'Registry minecraft:stat_type' to 'fml:handshake' sequence 17
[01Feb2026 07:01:52.989] [Netty Epoll Server IO #2/DEBUG] [net.minecraftforge.network.LoginWrapper/FMLHANDSHAKE]: Recieved login wrapper packet event for channel fml:handshake with index 5
[01Feb2026 07:01:52.989] [Netty Epoll Server IO #2/DEBUG] [net.minecraftforge.network.HandshakeHandler/FMLHANDSHAKE]: Received client indexed reply 5 of type net.minecraftforge.network.HandshakeMessages$C2SAcknowledge
[01Feb2026 07:01:52.989] [Netty Epoll Server IO #2/DEBUG] [net.minecraftforge.network.HandshakeHandler/FMLHANDSHAKE]: Received acknowledgement from client
[01Feb2026 07:01:52.991] [Server thread/DEBUG] [net.minecraftforge.network.HandshakeHandler/FMLHANDSHAKE]: Sending ticking packet info 'Registry superbwarfare:perk' to 'fml:handshake' sequence 18
[01Feb2026 07:01:52.993] [Netty Epoll Server IO #2/DEBUG] [net.minecraftforge.network.LoginWrapper/FMLHANDSHAKE]: Recieved login wrapper packet event for channel fml:handshake with index 6
[01Feb2026 07:01:52.993] [Netty Epoll Server IO #2/DEBUG] [net.minecraftforge.network.HandshakeHandler/FMLHANDSHAKE]: Received client indexed reply 6 of type net.minecraftforge.network.HandshakeMessages$C2SAcknowledge
[01Feb2026 07:01:52.993] [Netty Epoll Server IO #2/DEBUG] [net.minecraftforge.network.HandshakeHandler/FMLHANDSHAKE]: Received acknowledgement from client
[01Feb2026 07:01:52.993] [Netty Epoll Server IO #2/DEBUG] [net.minecraftforge.network.LoginWrapper/FMLHANDSHAKE]: Recieved login wrapper packet event for channel fml:handshake with index 7
[01Feb2026 07:01:52.994] [Netty Epoll Server IO #2/DEBUG] [net.minecraftforge.network.HandshakeHandler/FMLHANDSHAKE]: Received client indexed reply 7 of type net.minecraftforge.network.HandshakeMessages$C2SAcknowledge
[01Feb2026 07:01:52.994] [Netty Epoll Server IO #2/DEBUG] [net.minecraftforge.network.HandshakeHandler/FMLHANDSHAKE]: Received acknowledgement from client
[01Feb2026 07:01:53.042] [Server thread/DEBUG] [net.minecraftforge.network.HandshakeHandler/FMLHANDSHAKE]: Sending ticking packet info 'Registry minecraft:menu' to 'fml:handshake' sequence 19
[01Feb2026 07:01:53.090] [Server thread/DEBUG] [net.minecraftforge.network.HandshakeHandler/FMLHANDSHAKE]: Sending ticking packet info 'Registry minecraft:enchantment' to 'fml:handshake' sequence 20
[01Feb2026 07:01:53.140] [Server thread/DEBUG] [net.minecraftforge.network.HandshakeHandler/FMLHANDSHAKE]: Sending ticking packet info 'Registry minecraft:fluid' to 'fml:handshake' sequence 21
[01Feb2026 07:01:53.165] [Netty Epoll Server IO #2/DEBUG] [net.minecraftforge.network.LoginWrapper/FMLHANDSHAKE]: Recieved login wrapper packet event for channel fml:handshake with index 8
[01Feb2026 07:01:53.165] [Netty Epoll Server IO #2/DEBUG] [net.minecraftforge.network.HandshakeHandler/FMLHANDSHAKE]: Received client indexed reply 8 of type net.minecraftforge.network.HandshakeMessages$C2SAcknowledge
[01Feb2026 07:01:53.165] [Netty Epoll Server IO #2/DEBUG] [net.minecraftforge.network.HandshakeHandler/FMLHANDSHAKE]: Received acknowledgement from client
[01Feb2026 07:01:53.167] [Netty Epoll Server IO #2/DEBUG] [net.minecraftforge.network.LoginWrapper/FMLHANDSHAKE]: Recieved login wrapper packet event for channel fml:handshake with index 9
[01Feb2026 07:01:53.167] [Netty Epoll Server IO #2/DEBUG] [net.minecraftforge.network.HandshakeHandler/FMLHANDSHAKE]: Received client indexed reply 9 of type net.minecraftforge.network.HandshakeMessages$C2SAcknowledge
[01Feb2026 07:01:53.167] [Netty Epoll Server IO #2/DEBUG] [net.minecraftforge.network.HandshakeHandler/FMLHANDSHAKE]: Received acknowledgement from client
[01Feb2026 07:01:53.169] [Netty Epoll Server IO #2/DEBUG] [net.minecraftforge.network.LoginWrapper/FMLHANDSHAKE]: Recieved login wrapper packet event for channel fml:handshake with index 10
[01Feb2026 07:01:53.169] [Netty Epoll Server IO #2/DEBUG] [net.minecraftforge.network.HandshakeHandler/FMLHANDSHAKE]: Received client indexed reply 10 of type net.minecraftforge.network.HandshakeMessages$C2SAcknowledge
[01Feb2026 07:01:53.169] [Netty Epoll Server IO #2/DEBUG] [net.minecraftforge.network.HandshakeHandler/FMLHANDSHAKE]: Received acknowledgement from client
[01Feb2026 07:01:53.170] [Netty Epoll Server IO #2/DEBUG] [net.minecraftforge.network.LoginWrapper/FMLHANDSHAKE]: Recieved login wrapper packet event for channel fml:handshake with index 11
[01Feb2026 07:01:53.170] [Netty Epoll Server IO #2/DEBUG] [net.minecraftforge.network.HandshakeHandler/FMLHANDSHAKE]: Received client indexed reply 11 of type net.minecraftforge.network.HandshakeMessages$C2SAcknowledge
[01Feb2026 07:01:53.170] [Netty Epoll Server IO #2/DEBUG] [net.minecraftforge.network.HandshakeHandler/FMLHANDSHAKE]: Received acknowledgement from client
[01Feb2026 07:01:53.171] [Netty Epoll Server IO #2/DEBUG] [net.minecraftforge.network.LoginWrapper/FMLHANDSHAKE]: Recieved login wrapper packet event for channel fml:handshake with index 12
[01Feb2026 07:01:53.171] [Netty Epoll Server IO #2/DEBUG] [net.minecraftforge.network.HandshakeHandler/FMLHANDSHAKE]: Received client indexed reply 12 of type net.minecraftforge.network.HandshakeMessages$C2SAcknowledge
[01Feb2026 07:01:53.171] [Netty Epoll Server IO #2/DEBUG] [net.minecraftforge.network.HandshakeHandler/FMLHANDSHAKE]: Received acknowledgement from client
[01Feb2026 07:01:53.172] [Netty Epoll Server IO #2/DEBUG] [net.minecraftforge.network.LoginWrapper/FMLHANDSHAKE]: Recieved login wrapper packet event for channel fml:handshake with index 13
[01Feb2026 07:01:53.172] [Netty Epoll Server IO #2/DEBUG] [net.minecraftforge.network.HandshakeHandler/FMLHANDSHAKE]: Received client indexed reply 13 of type net.minecraftforge.network.HandshakeMessages$C2SAcknowledge
[01Feb2026 07:01:53.172] [Netty Epoll Server IO #2/DEBUG] [net.minecraftforge.network.HandshakeHandler/FMLHANDSHAKE]: Received acknowledgement from client
[01Feb2026 07:01:53.190] [Server thread/DEBUG] [net.minecraftforge.network.HandshakeHandler/FMLHANDSHAKE]: Sending ticking packet info 'Registry minecraft:entity_type' to 'fml:handshake' sequence 22
[01Feb2026 07:01:53.217] [Netty Epoll Server IO #2/DEBUG] [net.minecraftforge.network.LoginWrapper/FMLHANDSHAKE]: Recieved login wrapper packet event for channel fml:handshake with index 14
[01Feb2026 07:01:53.217] [Netty Epoll Server IO #2/DEBUG] [net.minecraftforge.network.HandshakeHandler/FMLHANDSHAKE]: Received client indexed reply 14 of type net.minecraftforge.network.HandshakeMessages$C2SAcknowledge
[01Feb2026 07:01:53.217] [Netty Epoll Server IO #2/DEBUG] [net.minecraftforge.network.HandshakeHandler/FMLHANDSHAKE]: Received acknowledgement from client
[01Feb2026 07:01:53.218] [Netty Epoll Server IO #2/DEBUG] [net.minecraftforge.network.LoginWrapper/FMLHANDSHAKE]: Recieved login wrapper packet event for channel fml:handshake with index 15
[01Feb2026 07:01:53.218] [Netty Epoll Server IO #2/DEBUG] [net.minecraftforge.network.HandshakeHandler/FMLHANDSHAKE]: Received client indexed reply 15 of type net.minecraftforge.network.HandshakeMessages$C2SAcknowledge
[01Feb2026 07:01:53.218] [Netty Epoll Server IO #2/DEBUG] [net.minecraftforge.network.HandshakeHandler/FMLHANDSHAKE]: Received acknowledgement from client
[01Feb2026 07:01:53.220] [Netty Epoll Server IO #2/DEBUG] [net.minecraftforge.network.LoginWrapper/FMLHANDSHAKE]: Recieved login wrapper packet event for channel fml:handshake with index 16
[01Feb2026 07:01:53.220] [Netty Epoll Server IO #2/DEBUG] [net.minecraftforge.network.HandshakeHandler/FMLHANDSHAKE]: Received client indexed reply 16 of type net.minecraftforge.network.HandshakeMessages$C2SAcknowledge
[01Feb2026 07:01:53.220] [Netty Epoll Server IO #2/DEBUG] [net.minecraftforge.network.HandshakeHandler/FMLHANDSHAKE]: Received acknowledgement from client
[01Feb2026 07:01:53.221] [Netty Epoll Server IO #2/DEBUG] [net.minecraftforge.network.LoginWrapper/FMLHANDSHAKE]: Recieved login wrapper packet event for channel fml:handshake with index 17
[01Feb2026 07:01:53.221] [Netty Epoll Server IO #2/DEBUG] [net.minecraftforge.network.HandshakeHandler/FMLHANDSHAKE]: Received client indexed reply 17 of type net.minecraftforge.network.HandshakeMessages$C2SAcknowledge
[01Feb2026 07:01:53.221] [Netty Epoll Server IO #2/DEBUG] [net.minecraftforge.network.HandshakeHandler/FMLHANDSHAKE]: Received acknowledgement from client
[01Feb2026 07:01:53.244] [Server thread/DEBUG] [net.minecraftforge.network.HandshakeHandler/FMLHANDSHAKE]: Sending ticking packet info 'Config mutantszombies-server.toml' to 'fml:handshake' sequence 23
[01Feb2026 07:01:53.257] [Netty Epoll Server IO #2/DEBUG] [net.minecraftforge.network.LoginWrapper/FMLHANDSHAKE]: Recieved login wrapper packet event for channel fml:handshake with index 18
[01Feb2026 07:01:53.257] [Netty Epoll Server IO #2/DEBUG] [net.minecraftforge.network.HandshakeHandler/FMLHANDSHAKE]: Received client indexed reply 18 of type net.minecraftforge.network.HandshakeMessages$C2SAcknowledge
[01Feb2026 07:01:53.257] [Netty Epoll Server IO #2/DEBUG] [net.minecraftforge.network.HandshakeHandler/FMLHANDSHAKE]: Received acknowledgement from client
[01Feb2026 07:01:53.258] [Netty Epoll Server IO #2/DEBUG] [net.minecraftforge.network.LoginWrapper/FMLHANDSHAKE]: Recieved login wrapper packet event for channel fml:handshake with index 19
[01Feb2026 07:01:53.258] [Netty Epoll Server IO #2/DEBUG] [net.minecraftforge.network.HandshakeHandler/FMLHANDSHAKE]: Received client indexed reply 19 of type net.minecraftforge.network.HandshakeMessages$C2SAcknowledge
[01Feb2026 07:01:53.258] [Netty Epoll Server IO #2/DEBUG] [net.minecraftforge.network.HandshakeHandler/FMLHANDSHAKE]: Received acknowledgement from client
[01Feb2026 07:01:53.274] [Netty Epoll Server IO #2/DEBUG] [net.minecraftforge.network.LoginWrapper/FMLHANDSHAKE]: Recieved login wrapper packet event for channel fml:handshake with index 20
[01Feb2026 07:01:53.274] [Netty Epoll Server IO #2/DEBUG] [net.minecraftforge.network.HandshakeHandler/FMLHANDSHAKE]: Received client indexed reply 20 of type net.minecraftforge.network.HandshakeMessages$C2SAcknowledge
[01Feb2026 07:01:53.274] [Netty Epoll Server IO #2/DEBUG] [net.minecraftforge.network.HandshakeHandler/FMLHANDSHAKE]: Received acknowledgement from client
[01Feb2026 07:01:53.291] [Server thread/DEBUG] [net.minecraftforge.network.HandshakeHandler/FMLHANDSHAKE]: Sending ticking packet info 'Config superbwarfare-server.toml' to 'fml:handshake' sequence 24
[01Feb2026 07:01:53.322] [Netty Epoll Server IO #2/DEBUG] [net.minecraftforge.network.LoginWrapper/FMLHANDSHAKE]: Recieved login wrapper packet event for channel fml:handshake with index 21
[01Feb2026 07:01:53.322] [Netty Epoll Server IO #2/DEBUG] [net.minecraftforge.network.HandshakeHandler/FMLHANDSHAKE]: Received client indexed reply 21 of type net.minecraftforge.network.HandshakeMessages$C2SAcknowledge
[01Feb2026 07:01:53.322] [Netty Epoll Server IO #2/DEBUG] [net.minecraftforge.network.HandshakeHandler/FMLHANDSHAKE]: Received acknowledgement from client
[01Feb2026 07:01:53.340] [Server thread/DEBUG] [net.minecraftforge.network.HandshakeHandler/FMLHANDSHAKE]: Sending ticking packet info 'Config sit-server.toml' to 'fml:handshake' sequence 25
[01Feb2026 07:01:53.390] [Server thread/DEBUG] [net.minecraftforge.network.HandshakeHandler/FMLHANDSHAKE]: Sending ticking packet info 'Config curios-server.toml' to 'fml:handshake' sequence 26
[01Feb2026 07:01:53.442] [Server thread/DEBUG] [net.minecraftforge.network.HandshakeHandler/FMLHANDSHAKE]: Sending ticking packet info 'Config undeadnights-server.toml' to 'fml:handshake' sequence 27
[01Feb2026 07:01:53.490] [Server thread/DEBUG] [net.minecraftforge.network.HandshakeHandler/FMLHANDSHAKE]: Sending ticking packet info 'Config openpartiesandclaims-server.toml' to 'fml:handshake' sequence 28
[01Feb2026 07:01:53.510] [Netty Epoll Server IO #2/DEBUG] [net.minecraftforge.network.LoginWrapper/FMLHANDSHAKE]: Recieved login wrapper packet event for channel fml:handshake with index 22
[01Feb2026 07:01:53.510] [Netty Epoll Server IO #2/DEBUG] [net.minecraftforge.network.HandshakeHandler/FMLHANDSHAKE]: Received client indexed reply 22 of type net.minecraftforge.network.HandshakeMessages$C2SAcknowledge
[01Feb2026 07:01:53.510] [Netty Epoll Server IO #2/DEBUG] [net.minecraftforge.network.HandshakeHandler/FMLHANDSHAKE]: Received acknowledgement from client
[01Feb2026 07:01:53.515] [Netty Epoll Server IO #2/DEBUG] [net.minecraftforge.network.LoginWrapper/FMLHANDSHAKE]: Recieved login wrapper packet event for channel fml:handshake with index 23
[01Feb2026 07:01:53.515] [Netty Epoll Server IO #2/DEBUG] [net.minecraftforge.network.HandshakeHandler/FMLHANDSHAKE]: Received client indexed reply 23 of type net.minecraftforge.network.HandshakeMessages$C2SAcknowledge
[01Feb2026 07:01:53.515] [Netty Epoll Server IO #2/DEBUG] [net.minecraftforge.network.HandshakeHandler/FMLHANDSHAKE]: Received acknowledgement from client
[01Feb2026 07:01:53.518] [Netty Epoll Server IO #2/DEBUG] [net.minecraftforge.network.LoginWrapper/FMLHANDSHAKE]: Recieved login wrapper packet event for channel fml:handshake with index 24
[01Feb2026 07:01:53.518] [Netty Epoll Server IO #2/DEBUG] [net.minecraftforge.network.HandshakeHandler/FMLHANDSHAKE]: Received client indexed reply 24 of type net.minecraftforge.network.HandshakeMessages$C2SAcknowledge
[01Feb2026 07:01:53.518] [Netty Epoll Server IO #2/DEBUG] [net.minecraftforge.network.HandshakeHandler/FMLHANDSHAKE]: Received acknowledgement from client
[01Feb2026 07:01:53.523] [Netty Epoll Server IO #2/DEBUG] [net.minecraftforge.network.LoginWrapper/FMLHANDSHAKE]: Recieved login wrapper packet event for channel fml:handshake with index 25
[01Feb2026 07:01:53.523] [Netty Epoll Server IO #2/DEBUG] [net.minecraftforge.network.HandshakeHandler/FMLHANDSHAKE]: Received client indexed reply 25 of type net.minecraftforge.network.HandshakeMessages$C2SAcknowledge
[01Feb2026 07:01:53.523] [Netty Epoll Server IO #2/DEBUG] [net.minecraftforge.network.HandshakeHandler/FMLHANDSHAKE]: Received acknowledgement from client
[01Feb2026 07:01:53.540] [Server thread/DEBUG] [net.minecraftforge.network.HandshakeHandler/FMLHANDSHAKE]: Sending ticking packet info 'Config sophisticatedbackpacks-server.toml' to 'fml:handshake' sequence 29
[01Feb2026 07:01:53.574] [Netty Epoll Server IO #2/DEBUG] [net.minecraftforge.network.LoginWrapper/FMLHANDSHAKE]: Recieved login wrapper packet event for channel fml:handshake with index 26
[01Feb2026 07:01:53.574] [Netty Epoll Server IO #2/DEBUG] [net.minecraftforge.network.HandshakeHandler/FMLHANDSHAKE]: Received client indexed reply 26 of type net.minecraftforge.network.HandshakeMessages$C2SAcknowledge
[01Feb2026 07:01:53.574] [Netty Epoll Server IO #2/DEBUG] [net.minecraftforge.network.HandshakeHandler/FMLHANDSHAKE]: Received acknowledgement from client
[01Feb2026 07:01:53.590] [Server thread/DEBUG] [net.minecraftforge.network.HandshakeHandler/FMLHANDSHAKE]: Sending ticking packet info 'Config lostcities-server.toml' to 'fml:handshake' sequence 30
[01Feb2026 07:01:53.628] [Netty Epoll Server IO #2/DEBUG] [net.minecraftforge.network.LoginWrapper/FMLHANDSHAKE]: Recieved login wrapper packet event for channel fml:handshake with index 27
[01Feb2026 07:01:53.628] [Netty Epoll Server IO #2/DEBUG] [net.minecraftforge.network.HandshakeHandler/FMLHANDSHAKE]: Received client indexed reply 27 of type net.minecraftforge.network.HandshakeMessages$C2SAcknowledge
[01Feb2026 07:01:53.628] [Netty Epoll Server IO #2/DEBUG] [net.minecraftforge.network.HandshakeHandler/FMLHANDSHAKE]: Received acknowledgement from client
[01Feb2026 07:01:53.640] [Server thread/DEBUG] [net.minecraftforge.network.HandshakeHandler/FMLHANDSHAKE]: Sending ticking packet info 'Config jei-server.toml' to 'fml:handshake' sequence 31
[01Feb2026 07:01:53.687] [Netty Epoll Server IO #2/DEBUG] [net.minecraftforge.network.LoginWrapper/FMLHANDSHAKE]: Recieved login wrapper packet event for channel fml:handshake with index 28
[01Feb2026 07:01:53.687] [Netty Epoll Server IO #2/DEBUG] [net.minecraftforge.network.HandshakeHandler/FMLHANDSHAKE]: Received client indexed reply 28 of type net.minecraftforge.network.HandshakeMessages$C2SAcknowledge
[01Feb2026 07:01:53.687] [Netty Epoll Server IO #2/DEBUG] [net.minecraftforge.network.HandshakeHandler/FMLHANDSHAKE]: Received acknowledgement from client
[01Feb2026 07:01:53.691] [Server thread/DEBUG] [net.minecraftforge.network.HandshakeHandler/FMLHANDSHAKE]: Sending ticking packet info 'Config tacz-server.toml' to 'fml:handshake' sequence 32
[01Feb2026 07:01:53.735] [Netty Epoll Server IO #2/DEBUG] [net.minecraftforge.network.LoginWrapper/FMLHANDSHAKE]: Recieved login wrapper packet event for channel fml:handshake with index 29
[01Feb2026 07:01:53.735] [Netty Epoll Server IO #2/DEBUG] [net.minecraftforge.network.HandshakeHandler/FMLHANDSHAKE]: Received client indexed reply 29 of type net.minecraftforge.network.HandshakeMessages$C2SAcknowledge
[01Feb2026 07:01:53.735] [Netty Epoll Server IO #2/DEBUG] [net.minecraftforge.network.HandshakeHandler/FMLHANDSHAKE]: Received acknowledgement from client
[01Feb2026 07:01:53.741] [Server thread/DEBUG] [net.minecraftforge.network.HandshakeHandler/FMLHANDSHAKE]: Sending ticking packet info 'Config forge-server.toml' to 'fml:handshake' sequence 33
[01Feb2026 07:01:53.774] [Netty Epoll Server IO #2/DEBUG] [net.minecraftforge.network.LoginWrapper/FMLHANDSHAKE]: Recieved login wrapper packet event for channel fml:handshake with index 30
[01Feb2026 07:01:53.774] [Netty Epoll Server IO #2/DEBUG] [net.minecraftforge.network.HandshakeHandler/FMLHANDSHAKE]: Received client indexed reply 30 of type net.minecraftforge.network.HandshakeMessages$C2SAcknowledge
[01Feb2026 07:01:53.774] [Netty Epoll Server IO #2/DEBUG] [net.minecraftforge.network.HandshakeHandler/FMLHANDSHAKE]: Received acknowledgement from client
[01Feb2026 07:01:53.826] [Netty Epoll Server IO #2/DEBUG] [net.minecraftforge.network.LoginWrapper/FMLHANDSHAKE]: Recieved login wrapper packet event for channel fml:handshake with index 31
[01Feb2026 07:01:53.826] [Netty Epoll Server IO #2/DEBUG] [net.minecraftforge.network.HandshakeHandler/FMLHANDSHAKE]: Received client indexed reply 31 of type net.minecraftforge.network.HandshakeMessages$C2SAcknowledge
[01Feb2026 07:01:53.826] [Netty Epoll Server IO #2/DEBUG] [net.minecraftforge.network.HandshakeHandler/FMLHANDSHAKE]: Received acknowledgement from client
[01Feb2026 07:01:53.885] [Netty Epoll Server IO #2/DEBUG] [net.minecraftforge.network.LoginWrapper/FMLHANDSHAKE]: Recieved login wrapper packet event for channel fml:handshake with index 32
[01Feb2026 07:01:53.885] [Netty Epoll Server IO #2/DEBUG] [net.minecraftforge.network.HandshakeHandler/FMLHANDSHAKE]: Received client indexed reply 32 of type net.minecraftforge.network.HandshakeMessages$C2SAcknowledge
[01Feb2026 07:01:53.885] [Netty Epoll Server IO #2/DEBUG] [net.minecraftforge.network.HandshakeHandler/FMLHANDSHAKE]: Received acknowledgement from client
[01Feb2026 07:01:53.925] [Netty Epoll Server IO #2/DEBUG] [net.minecraftforge.network.LoginWrapper/FMLHANDSHAKE]: Recieved login wrapper packet event for channel fml:handshake with index 33
[01Feb2026 07:01:53.925] [Netty Epoll Server IO #2/DEBUG] [net.minecraftforge.network.HandshakeHandler/FMLHANDSHAKE]: Received client indexed reply 33 of type net.minecraftforge.network.HandshakeMessages$C2SAcknowledge
[01Feb2026 07:01:53.926] [Netty Epoll Server IO #2/DEBUG] [net.minecraftforge.network.HandshakeHandler/FMLHANDSHAKE]: Received acknowledgement from client
[01Feb2026 07:01:53.944] [Server thread/DEBUG] [net.minecraftforge.network.HandshakeHandler/FMLHANDSHAKE]: Handshake complete!
[01Feb2026 07:01:53.998] [ForkJoinPool.commonPool-worker-1/DEBUG] [SkinRestorer/]: Fetching Aureyaza's skin
[01Feb2026 07:01:54.995] [Server thread/WARN] [net.minecraft.network.syncher.SynchedEntityData/]: defineId called for: class net.minecraft.world.entity.player.Player from class tschipp.carryon.common.carry.CarryOnDataManager
[01Feb2026 07:01:55.004] [Server thread/DEBUG] [mixin/]: Mixing PlayerEnderChestContainerMixin from automobility.mixins.json into net.minecraft.world.inventory.PlayerEnderChestContainer
[01Feb2026 07:01:55.078] [Server thread/INFO] [net.minecraft.server.players.PlayerList/]: Aureyaza[/127.152.253.137:48951] logged in with entity id 139 at (-407.193172680165, 84.0, -536.6736955726399)
[01Feb2026 07:01:55.091] [Server thread/DEBUG] [net.minecraftforge.network.filters.NetworkFilters/]: Injected net.minecraftforge.network.filters.ForgeConnectionNetworkFilter@43b4f1c into net.minecraft.network.Connection@7a13002c
[01Feb2026 07:01:55.336] [Server thread/INFO] [net.minecraft.server.MinecraftServer/]: Aureyaza joined the game
[01Feb2026 07:01:55.538] [Server thread/INFO] [Jade/]: Syncing config to Aureyaza (15ca7238-61ef-3258-8460-f3e18bb6e3b1)
[01Feb2026 07:01:55.674] [Server thread/INFO] [xaero.pac.OpenPartiesAndClaims/]: Updating all forceload tickets for 15ca7238-61ef-3258-8460-f3e18bb6e3b1
[01Feb2026 07:01:56.110] [Server thread/DEBUG] [mixin/]: Mixing tacz.ModernKineticGunScriptAPIMixin from sona.mixins.json into com.tacz.guns.item.ModernKineticGunScriptAPI
[01Feb2026 07:01:56.185] [Server thread/DEBUG] [tacz/SYNC_BASE_TIMESTAMP]: Update server base timestamp: 1769929316040
[01Feb2026 07:01:56.386] [Server thread/DEBUG] [io.netty.util.internal.ThreadLocalRandom/]: -Dio.netty.initialSeedUniquifier: 0x55f73862df92dd4c
[01Feb2026 07:03:27.455] [Server thread/INFO] [net.minecraft.server.MinecraftServer/]: [Aureyaza: Set own game mode to Creative Mode]
[01Feb2026 07:04:19.129] [Server thread/DEBUG] [xaero.pac.OpenPartiesAndClaims/]: Saving parties...
[01Feb2026 07:04:19.130] [Server thread/DEBUG] [xaero.pac.OpenPartiesAndClaims/]: Saving server info!
[01Feb2026 07:04:34.138] [Server thread/INFO] [net.minecraft.server.MinecraftServer/]: Aureyaza has made the advancement [Big Brother]
[01Feb2026 07:04:35.586] [Server thread/DEBUG] [net.minecraftforge.common.ForgeHooks/WP]: Gathering id map for writing to world save world
[01Feb2026 07:04:35.646] [Server thread/DEBUG] [net.minecraftforge.common.ForgeHooks/WP]: ID Map collection complete world
[01Feb2026 07:04:35.784] [Server thread/WARN] [net.minecraft.server.MinecraftServer/]: Can't keep up! Is the server overloaded? Running 2005ms or 40 ticks behind
[01Feb2026 07:06:24.938] [Server thread/INFO] [net.minecraft.server.MinecraftServer/]: [Aureyaza: Killed Aureyaza]
[01Feb2026 07:06:59.316] [Server thread/DEBUG] [mixin/]: Mixing tacz.EntityUtilMixin from mixins.superbwarfare.json into com.tacz.guns.util.EntityUtil
[01Feb2026 07:07:39.279] [Server thread/DEBUG] [xaero.pac.OpenPartiesAndClaims/]: Saving claims!
[01Feb2026 07:08:17.278] [Server thread/INFO] [net.minecraft.server.MinecraftServer/]: Aureyaza has made the advancement [Legendary]
[01Feb2026 07:08:17.279] [Server thread/INFO] [net.minecraft.server.MinecraftServer/]: Aureyaza has made the advancement [Things are different now]
[01Feb2026 07:08:17.280] [Server thread/INFO] [net.minecraft.server.MinecraftServer/]: Aureyaza has made the advancement [MineWarships]
[01Feb2026 07:08:24.448] [Server thread/DEBUG] [mixin/]: Mixing CompoundContainerMixin from sona.mixins.json into net.minecraft.world.CompoundContainer
[01Feb2026 07:08:24.931] [Server thread/ERROR] [net.minecraftforge.eventbus.EventBus/EVENTBUS]: Exception caught during firing event: Cannot invoke "net.minecraft.world.level.block.entity.BlockEntity.m_58903_()" because "blockEntity" is null
	Index: 3
	Listeners:
		0: HIGH
		1: ASM: class dev.architectury.event.forge.EventHandlerImplCommon eventPlayerContainerEvent(Lnet/minecraftforge/event/entity/player/PlayerContainerEvent$Open;)V
		2: NORMAL
		3: ASM: class com.scarasol.sona.event.ManagerEventHandler onOpen(Lnet/minecraftforge/event/entity/player/PlayerContainerEvent$Open;)V
		4: ASM: class com.atsuishio.superbwarfare.menu.FuMO25Menu onContainerOpened(Lnet/minecraftforge/event/entity/player/PlayerContainerEvent$Open;)V
		5: ASM: class com.atsuishio.superbwarfare.menu.EnergyMenu onContainerOpened(Lnet/minecraftforge/event/entity/player/PlayerContainerEvent$Open;)V
java.lang.NullPointerException: Cannot invoke "net.minecraft.world.level.block.entity.BlockEntity.m_58903_()" because "blockEntity" is null
	at TRANSFORMER/sona@1.4.2/com.scarasol.sona.manager.RotManager.containerOpen(RotManager.java:206)
	at TRANSFORMER/sona@1.4.2/com.scarasol.sona.event.ManagerEventHandler.onOpen(ManagerEventHandler.java:189)
	at TRANSFORMER/sona@1.4.2/com.scarasol.sona.event.__ManagerEventHandler_onOpen_Open.invoke(.dynamic)
	at MC-BOOTSTRAP/net.minecraftforge.eventbus/net.minecraftforge.eventbus.ASMEventHandler.invoke(ASMEventHandler.java:73)
	at MC-BOOTSTRAP/net.minecraftforge.eventbus/net.minecraftforge.eventbus.EventBus.post(EventBus.java:315)
	at MC-BOOTSTRAP/net.minecraftforge.eventbus/net.minecraftforge.eventbus.EventBus.post(EventBus.java:296)
	at TRANSFORMER/minecraft@1.20.1/net.minecraft.server.level.ServerPlayer.m_5893_(ServerPlayer.java:974)
	at TRANSFORMER/minecraft@1.20.1/net.minecraft.world.level.block.CraftingTableBlock.m_6227_(CraftingTableBlock.java:30)
	at TRANSFORMER/minecraft@1.20.1/net.minecraft.world.level.block.state.BlockBehaviour$BlockStateBase.m_60664_(BlockBehaviour.java:778)
	at TRANSFORMER/minecraft@1.20.1/net.minecraft.server.level.ServerPlayerGameMode.m_7179_(ServerPlayerGameMode.java:351)
	at TRANSFORMER/minecraft@1.20.1/net.minecraft.server.network.ServerGamePacketListenerImpl.m_6371_(ServerGamePacketListenerImpl.java:1057)
	at TRANSFORMER/minecraft@1.20.1/net.minecraft.network.protocol.game.ServerboundUseItemOnPacket.m_5797_(ServerboundUseItemOnPacket.java:34)
	at TRANSFORMER/minecraft@1.20.1/net.minecraft.network.protocol.game.ServerboundUseItemOnPacket.m_5797_(ServerboundUseItemOnPacket.java:8)
	at TRANSFORMER/minecraft@1.20.1/net.minecraft.network.protocol.PacketUtils.m_263899_(PacketUtils.java:22)
	at TRANSFORMER/minecraft@1.20.1/net.minecraft.server.TickTask.run(TickTask.java:18)
	at TRANSFORMER/minecraft@1.20.1/net.minecraft.util.thread.BlockableEventLoop.m_6367_(BlockableEventLoop.java:156)
	at TRANSFORMER/minecraft@1.20.1/net.minecraft.util.thread.ReentrantBlockableEventLoop.m_6367_(ReentrantBlockableEventLoop.java:23)
	at TRANSFORMER/minecraft@1.20.1/net.minecraft.server.MinecraftServer.m_6367_(MinecraftServer.java:770)
	at TRANSFORMER/minecraft@1.20.1/net.minecraft.server.MinecraftServer.m_6367_(MinecraftServer.java:161)
	at TRANSFORMER/minecraft@1.20.1/net.minecraft.util.thread.BlockableEventLoop.m_7245_(BlockableEventLoop.java:130)
	at TRANSFORMER/minecraft@1.20.1/net.minecraft.server.MinecraftServer.m_129961_(MinecraftServer.java:753)
	at TRANSFORMER/minecraft@1.20.1/net.minecraft.server.MinecraftServer.m_7245_(MinecraftServer.java:747)
	at TRANSFORMER/minecraft@1.20.1/net.minecraft.util.thread.BlockableEventLoop.m_18701_(BlockableEventLoop.java:139)
	at TRANSFORMER/minecraft@1.20.1/net.minecraft.server.MinecraftServer.m_130012_(MinecraftServer.java:733)
	at TRANSFORMER/minecraft@1.20.1/net.minecraft.server.MinecraftServer.m_130011_(MinecraftServer.java:665)
	at TRANSFORMER/minecraft@1.20.1/net.minecraft.server.MinecraftServer.m_206580_(MinecraftServer.java:251)
	at java.base/java.lang.Thread.run(Thread.java:1474)

[01Feb2026 07:08:24.932] [Server thread/ERROR] [net.minecraft.network.protocol.PacketUtils/]: Failed to handle packet net.minecraft.network.protocol.game.ServerboundUseItemOnPacket@64c02f26, suppressing error
java.lang.NullPointerException: Cannot invoke "net.minecraft.world.level.block.entity.BlockEntity.m_58903_()" because "blockEntity" is null
	at com.scarasol.sona.manager.RotManager.containerOpen(RotManager.java:206) ~[Sona-1.20.1-forge-1.4.2.jar%23183!/:1.4.2]
	at com.scarasol.sona.event.ManagerEventHandler.onOpen(ManagerEventHandler.java:189) ~[Sona-1.20.1-forge-1.4.2.jar%23183!/:1.4.2]
	at com.scarasol.sona.event.__ManagerEventHandler_onOpen_Open.invoke(.dynamic) ~[Sona-1.20.1-forge-1.4.2.jar%23183!/:1.4.2]
	at net.minecraftforge.eventbus.ASMEventHandler.invoke(ASMEventHandler.java:73) ~[eventbus-6.0.5.jar%2352!/:?]
	at net.minecraftforge.eventbus.EventBus.post(EventBus.java:315) ~[eventbus-6.0.5.jar%2352!/:?]
	at net.minecraftforge.eventbus.EventBus.post(EventBus.java:296) ~[eventbus-6.0.5.jar%2352!/:?]
	at net.minecraft.server.level.ServerPlayer.m_5893_(ServerPlayer.java:974) ~[server-1.20.1-20230612.114412-srg.jar%23197!/:?]
	at net.minecraft.world.level.block.CraftingTableBlock.m_6227_(CraftingTableBlock.java:30) ~[server-1.20.1-20230612.114412-srg.jar%23197!/:?]
	at net.minecraft.world.level.block.state.BlockBehaviour$BlockStateBase.m_60664_(BlockBehaviour.java:778) ~[server-1.20.1-20230612.114412-srg.jar%23197!/:?]
	at net.minecraft.server.level.ServerPlayerGameMode.m_7179_(ServerPlayerGameMode.java:351) ~[server-1.20.1-20230612.114412-srg.jar%23197!/:?]
	at net.minecraft.server.network.ServerGamePacketListenerImpl.m_6371_(ServerGamePacketListenerImpl.java:1057) ~[server-1.20.1-20230612.114412-srg.jar%23197!/:?]
	at net.minecraft.network.protocol.game.ServerboundUseItemOnPacket.m_5797_(ServerboundUseItemOnPacket.java:34) ~[server-1.20.1-20230612.114412-srg.jar%23197!/:?]
	at net.minecraft.network.protocol.game.ServerboundUseItemOnPacket.m_5797_(ServerboundUseItemOnPacket.java:8) ~[server-1.20.1-20230612.114412-srg.jar%23197!/:?]
	at net.minecraft.network.protocol.PacketUtils.m_263899_(PacketUtils.java:22) ~[server-1.20.1-20230612.114412-srg.jar%23197!/:?]
	at net.minecraft.server.TickTask.run(TickTask.java:18) ~[server-1.20.1-20230612.114412-srg.jar%23197!/:?]
	at net.minecraft.util.thread.BlockableEventLoop.m_6367_(BlockableEventLoop.java:156) ~[server-1.20.1-20230612.114412-srg.jar%23197!/:?]
	at net.minecraft.util.thread.ReentrantBlockableEventLoop.m_6367_(ReentrantBlockableEventLoop.java:23) ~[server-1.20.1-20230612.114412-srg.jar%23197!/:?]
	at net.minecraft.server.MinecraftServer.m_6367_(MinecraftServer.java:770) ~[server-1.20.1-20230612.114412-srg.jar%23197!/:?]
	at net.minecraft.server.MinecraftServer.m_6367_(MinecraftServer.java:161) ~[server-1.20.1-20230612.114412-srg.jar%23197!/:?]
	at net.minecraft.util.thread.BlockableEventLoop.m_7245_(BlockableEventLoop.java:130) ~[server-1.20.1-20230612.114412-srg.jar%23197!/:?]
	at net.minecraft.server.MinecraftServer.m_129961_(MinecraftServer.java:753) ~[server-1.20.1-20230612.114412-srg.jar%23197!/:?]
	at net.minecraft.server.MinecraftServer.m_7245_(MinecraftServer.java:747) ~[server-1.20.1-20230612.114412-srg.jar%23197!/:?]
	at net.minecraft.util.thread.BlockableEventLoop.m_18701_(BlockableEventLoop.java:139) ~[server-1.20.1-20230612.114412-srg.jar%23197!/:?]
	at net.minecraft.server.MinecraftServer.m_130012_(MinecraftServer.java:733) ~[server-1.20.1-20230612.114412-srg.jar%23197!/:?]
	at net.minecraft.server.MinecraftServer.m_130011_(MinecraftServer.java:665) ~[server-1.20.1-20230612.114412-srg.jar%23197!/:?]
	at net.minecraft.server.MinecraftServer.m_206580_(MinecraftServer.java:251) ~[server-1.20.1-20230612.114412-srg.jar%23197!/:?]
	at java.lang.Thread.run(Thread.java:1474) ~[?:?]
[01Feb2026 07:09:14.864] [Server thread/ERROR] [net.minecraftforge.eventbus.EventBus/EVENTBUS]: Exception caught during firing event: Cannot invoke "net.minecraft.world.level.block.entity.BlockEntity.m_58903_()" because "blockEntity" is null
	Index: 3
	Listeners:
		0: HIGH
		1: ASM: class dev.architectury.event.forge.EventHandlerImplCommon eventPlayerContainerEvent(Lnet/minecraftforge/event/entity/player/PlayerContainerEvent$Open;)V
		2: NORMAL
		3: ASM: class com.scarasol.sona.event.ManagerEventHandler onOpen(Lnet/minecraftforge/event/entity/player/PlayerContainerEvent$Open;)V
		4: ASM: class com.atsuishio.superbwarfare.menu.FuMO25Menu onContainerOpened(Lnet/minecraftforge/event/entity/player/PlayerContainerEvent$Open;)V
		5: ASM: class com.atsuishio.superbwarfare.menu.EnergyMenu onContainerOpened(Lnet/minecraftforge/event/entity/player/PlayerContainerEvent$Open;)V
java.lang.NullPointerException: Cannot invoke "net.minecraft.world.level.block.entity.BlockEntity.m_58903_()" because "blockEntity" is null
	at TRANSFORMER/sona@1.4.2/com.scarasol.sona.manager.RotManager.containerOpen(RotManager.java:206)
	at TRANSFORMER/sona@1.4.2/com.scarasol.sona.event.ManagerEventHandler.onOpen(ManagerEventHandler.java:189)
	at TRANSFORMER/sona@1.4.2/com.scarasol.sona.event.__ManagerEventHandler_onOpen_Open.invoke(.dynamic)
	at MC-BOOTSTRAP/net.minecraftforge.eventbus/net.minecraftforge.eventbus.ASMEventHandler.invoke(ASMEventHandler.java:73)
	at MC-BOOTSTRAP/net.minecraftforge.eventbus/net.minecraftforge.eventbus.EventBus.post(EventBus.java:315)
	at MC-BOOTSTRAP/net.minecraftforge.eventbus/net.minecraftforge.eventbus.EventBus.post(EventBus.java:296)
	at TRANSFORMER/minecraft@1.20.1/net.minecraft.server.level.ServerPlayer.m_5893_(ServerPlayer.java:974)
	at TRANSFORMER/minecraft@1.20.1/net.minecraft.world.level.block.SmithingTableBlock.m_6227_(SmithingTableBlock.java:35)
	at TRANSFORMER/minecraft@1.20.1/net.minecraft.world.level.block.state.BlockBehaviour$BlockStateBase.m_60664_(BlockBehaviour.java:778)
	at TRANSFORMER/minecraft@1.20.1/net.minecraft.server.level.ServerPlayerGameMode.m_7179_(ServerPlayerGameMode.java:351)
	at TRANSFORMER/minecraft@1.20.1/net.minecraft.server.network.ServerGamePacketListenerImpl.m_6371_(ServerGamePacketListenerImpl.java:1057)
	at TRANSFORMER/minecraft@1.20.1/net.minecraft.network.protocol.game.ServerboundUseItemOnPacket.m_5797_(ServerboundUseItemOnPacket.java:34)
	at TRANSFORMER/minecraft@1.20.1/net.minecraft.network.protocol.game.ServerboundUseItemOnPacket.m_5797_(ServerboundUseItemOnPacket.java:8)
	at TRANSFORMER/minecraft@1.20.1/net.minecraft.network.protocol.PacketUtils.m_263899_(PacketUtils.java:22)
	at TRANSFORMER/minecraft@1.20.1/net.minecraft.server.TickTask.run(TickTask.java:18)
	at TRANSFORMER/minecraft@1.20.1/net.minecraft.util.thread.BlockableEventLoop.m_6367_(BlockableEventLoop.java:156)
	at TRANSFORMER/minecraft@1.20.1/net.minecraft.util.thread.ReentrantBlockableEventLoop.m_6367_(ReentrantBlockableEventLoop.java:23)
	at TRANSFORMER/minecraft@1.20.1/net.minecraft.server.MinecraftServer.m_6367_(MinecraftServer.java:770)
	at TRANSFORMER/minecraft@1.20.1/net.minecraft.server.MinecraftServer.m_6367_(MinecraftServer.java:161)
	at TRANSFORMER/minecraft@1.20.1/net.minecraft.util.thread.BlockableEventLoop.m_7245_(BlockableEventLoop.java:130)
	at TRANSFORMER/minecraft@1.20.1/net.minecraft.server.MinecraftServer.m_129961_(MinecraftServer.java:753)
	at TRANSFORMER/minecraft@1.20.1/net.minecraft.server.MinecraftServer.m_7245_(MinecraftServer.java:747)
	at TRANSFORMER/minecraft@1.20.1/net.minecraft.util.thread.BlockableEventLoop.m_18701_(BlockableEventLoop.java:139)
	at TRANSFORMER/minecraft@1.20.1/net.minecraft.server.MinecraftServer.m_130012_(MinecraftServer.java:733)
	at TRANSFORMER/minecraft@1.20.1/net.minecraft.server.MinecraftServer.m_130011_(MinecraftServer.java:665)
	at TRANSFORMER/minecraft@1.20.1/net.minecraft.server.MinecraftServer.m_206580_(MinecraftServer.java:251)
	at java.base/java.lang.Thread.run(Thread.java:1474)

[01Feb2026 07:09:14.865] [Server thread/ERROR] [net.minecraft.network.protocol.PacketUtils/]: Failed to handle packet net.minecraft.network.protocol.game.ServerboundUseItemOnPacket@73c4af28, suppressing error
java.lang.NullPointerException: Cannot invoke "net.minecraft.world.level.block.entity.BlockEntity.m_58903_()" because "blockEntity" is null
	at com.scarasol.sona.manager.RotManager.containerOpen(RotManager.java:206) ~[Sona-1.20.1-forge-1.4.2.jar%23183!/:1.4.2]
	at com.scarasol.sona.event.ManagerEventHandler.onOpen(ManagerEventHandler.java:189) ~[Sona-1.20.1-forge-1.4.2.jar%23183!/:1.4.2]
	at com.scarasol.sona.event.__ManagerEventHandler_onOpen_Open.invoke(.dynamic) ~[Sona-1.20.1-forge-1.4.2.jar%23183!/:1.4.2]
	at net.minecraftforge.eventbus.ASMEventHandler.invoke(ASMEventHandler.java:73) ~[eventbus-6.0.5.jar%2352!/:?]
	at net.minecraftforge.eventbus.EventBus.post(EventBus.java:315) ~[eventbus-6.0.5.jar%2352!/:?]
	at net.minecraftforge.eventbus.EventBus.post(EventBus.java:296) ~[eventbus-6.0.5.jar%2352!/:?]
	at net.minecraft.server.level.ServerPlayer.m_5893_(ServerPlayer.java:974) ~[server-1.20.1-20230612.114412-srg.jar%23197!/:?]
	at net.minecraft.world.level.block.SmithingTableBlock.m_6227_(SmithingTableBlock.java:35) ~[server-1.20.1-20230612.114412-srg.jar%23197!/:?]
	at net.minecraft.world.level.block.state.BlockBehaviour$BlockStateBase.m_60664_(BlockBehaviour.java:778) ~[server-1.20.1-20230612.114412-srg.jar%23197!/:?]
	at net.minecraft.server.level.ServerPlayerGameMode.m_7179_(ServerPlayerGameMode.java:351) ~[server-1.20.1-20230612.114412-srg.jar%23197!/:?]
	at net.minecraft.server.network.ServerGamePacketListenerImpl.m_6371_(ServerGamePacketListenerImpl.java:1057) ~[server-1.20.1-20230612.114412-srg.jar%23197!/:?]
	at net.minecraft.network.protocol.game.ServerboundUseItemOnPacket.m_5797_(ServerboundUseItemOnPacket.java:34) ~[server-1.20.1-20230612.114412-srg.jar%23197!/:?]
	at net.minecraft.network.protocol.game.ServerboundUseItemOnPacket.m_5797_(ServerboundUseItemOnPacket.java:8) ~[server-1.20.1-20230612.114412-srg.jar%23197!/:?]
	at net.minecraft.network.protocol.PacketUtils.m_263899_(PacketUtils.java:22) ~[server-1.20.1-20230612.114412-srg.jar%23197!/:?]
	at net.minecraft.server.TickTask.run(TickTask.java:18) ~[server-1.20.1-20230612.114412-srg.jar%23197!/:?]
	at net.minecraft.util.thread.BlockableEventLoop.m_6367_(BlockableEventLoop.java:156) ~[server-1.20.1-20230612.114412-srg.jar%23197!/:?]
	at net.minecraft.util.thread.ReentrantBlockableEventLoop.m_6367_(ReentrantBlockableEventLoop.java:23) ~[server-1.20.1-20230612.114412-srg.jar%23197!/:?]
	at net.minecraft.server.MinecraftServer.m_6367_(MinecraftServer.java:770) ~[server-1.20.1-20230612.114412-srg.jar%23197!/:?]
	at net.minecraft.server.MinecraftServer.m_6367_(MinecraftServer.java:161) ~[server-1.20.1-20230612.114412-srg.jar%23197!/:?]
	at net.minecraft.util.thread.BlockableEventLoop.m_7245_(BlockableEventLoop.java:130) ~[server-1.20.1-20230612.114412-srg.jar%23197!/:?]
	at net.minecraft.server.MinecraftServer.m_129961_(MinecraftServer.java:753) ~[server-1.20.1-20230612.114412-srg.jar%23197!/:?]
	at net.minecraft.server.MinecraftServer.m_7245_(MinecraftServer.java:747) ~[server-1.20.1-20230612.114412-srg.jar%23197!/:?]
	at net.minecraft.util.thread.BlockableEventLoop.m_18701_(BlockableEventLoop.java:139) ~[server-1.20.1-20230612.114412-srg.jar%23197!/:?]
	at net.minecraft.server.MinecraftServer.m_130012_(MinecraftServer.java:733) ~[server-1.20.1-20230612.114412-srg.jar%23197!/:?]
	at net.minecraft.server.MinecraftServer.m_130011_(MinecraftServer.java:665) ~[server-1.20.1-20230612.114412-srg.jar%23197!/:?]
	at net.minecraft.server.MinecraftServer.m_206580_(MinecraftServer.java:251) ~[server-1.20.1-20230612.114412-srg.jar%23197!/:?]
	at java.lang.Thread.run(Thread.java:1474) ~[?:?]
[01Feb2026 07:09:32.133] [Server thread/WARN] [net.minecraft.server.level.ServerLevel/]: Tried to add entity infectious:golden_zombie but it was marked as removed already
[01Feb2026 07:09:32.382] [Server thread/WARN] [net.minecraft.server.level.ServerLevel/]: Tried to add entity infectious:zombie_prisoner but it was marked as removed already
[01Feb2026 07:09:32.383] [Server thread/WARN] [net.minecraft.server.level.ServerLevel/]: Tried to add entity infectious:zombie_prisoner but it was marked as removed already
[01Feb2026 07:09:32.383] [Server thread/WARN] [net.minecraft.server.level.ServerLevel/]: Tried to add entity infectious:zombie_prisoner but it was marked as removed already
[01Feb2026 07:09:32.383] [Server thread/WARN] [net.minecraft.server.level.ServerLevel/]: Tried to add entity infectious:fungal_zombie but it was marked as removed already
[01Feb2026 07:09:32.481] [Server thread/WARN] [net.minecraft.server.level.ServerLevel/]: Tried to add entity infectious:crawling_zombie but it was marked as removed already
[01Feb2026 07:09:32.482] [Server thread/WARN] [net.minecraft.server.level.ServerLevel/]: Tried to add entity infectious:psycho_zombie but it was marked as removed already
[01Feb2026 07:09:32.482] [Server thread/WARN] [net.minecraft.server.level.ServerLevel/]: Tried to add entity infectious:psycho_zombie but it was marked as removed already
[01Feb2026 07:09:32.534] [Server thread/WARN] [net.minecraft.server.level.ServerLevel/]: Tried to add entity infectious:spore_zombie but it was marked as removed already
[01Feb2026 07:09:32.535] [Server thread/WARN] [net.minecraft.server.level.ServerLevel/]: Tried to add entity infectious:spore_zombie but it was marked as removed already
[01Feb2026 07:09:32.583] [Server thread/WARN] [net.minecraft.server.level.ServerLevel/]: Tried to add entity infectious:spore_zombie but it was marked as removed already
[01Feb2026 07:09:32.584] [Server thread/WARN] [net.minecraft.server.level.ServerLevel/]: Tried to add entity infectious:spore_zombie but it was marked as removed already
[01Feb2026 07:09:32.584] [Server thread/WARN] [net.minecraft.server.level.ServerLevel/]: Tried to add entity infectious:radioactive_zombie but it was marked as removed already
[01Feb2026 07:09:32.632] [Server thread/WARN] [net.minecraft.server.level.ServerLevel/]: Tried to add entity infectious:zombie but it was marked as removed already
[01Feb2026 07:09:32.632] [Server thread/WARN] [net.minecraft.server.level.ServerLevel/]: Tried to add entity infectious:zombie but it was marked as removed already
[01Feb2026 07:09:32.633] [Server thread/WARN] [net.minecraft.server.level.ServerLevel/]: Tried to add entity infectious:zombie but it was marked as removed already
[01Feb2026 07:09:32.633] [Server thread/WARN] [net.minecraft.server.level.ServerLevel/]: Tried to add entity infectious:zombie but it was marked as removed already
[01Feb2026 07:09:32.983] [Server thread/WARN] [net.minecraft.server.level.ServerLevel/]: Tried to add entity infectious:zombie_spiter but it was marked as removed already
[01Feb2026 07:09:32.983] [Server thread/WARN] [net.minecraft.server.level.ServerLevel/]: Tried to add entity infectious:zombie_spiter but it was marked as removed already
[01Feb2026 07:09:32.983] [Server thread/WARN] [net.minecraft.server.level.ServerLevel/]: Tried to add entity infectious:zombie_spiter but it was marked as removed already
[01Feb2026 07:09:32.984] [Server thread/WARN] [net.minecraft.server.level.ServerLevel/]: Tried to add entity infectious:zombie_bomber but it was marked as removed already
[01Feb2026 07:09:33.033] [Server thread/WARN] [net.minecraft.server.level.ServerLevel/]: Tried to add entity infectious:crawling_zombie but it was marked as removed already
[01Feb2026 07:09:33.034] [Server thread/WARN] [net.minecraft.server.level.ServerLevel/]: Tried to add entity infectious:crawling_zombie but it was marked as removed already
[01Feb2026 07:09:33.034] [Server thread/WARN] [net.minecraft.server.level.ServerLevel/]: Tried to add entity infectious:crawling_zombie but it was marked as removed already
[01Feb2026 07:09:33.035] [Server thread/WARN] [net.minecraft.server.level.ServerLevel/]: Tried to add entity infectious:crawling_zombie but it was marked as removed already
[01Feb2026 07:09:33.083] [Server thread/WARN] [net.minecraft.server.level.ServerLevel/]: Tried to add entity infectious:pumpkin_zombie but it was marked as removed already
[01Feb2026 07:09:33.083] [Server thread/WARN] [net.minecraft.server.level.ServerLevel/]: Tried to add entity infectious:pumpkin_zombie but it was marked as removed already
[01Feb2026 07:09:33.134] [Server thread/WARN] [net.minecraft.server.level.ServerLevel/]: Tried to add entity infectious:zombie_runner but it was marked as removed already
[01Feb2026 07:09:33.135] [Server thread/WARN] [net.minecraft.server.level.ServerLevel/]: Tried to add entity infectious:zombie_runner but it was marked as removed already
[01Feb2026 07:09:33.135] [Server thread/WARN] [net.minecraft.server.level.ServerLevel/]: Tried to add entity infectious:zombie_farmer but it was marked as removed already
[01Feb2026 07:09:33.135] [Server thread/WARN] [net.minecraft.server.level.ServerLevel/]: Tried to add entity infectious:zombie_farmer but it was marked as removed already
[01Feb2026 07:09:33.432] [Server thread/WARN] [net.minecraft.server.level.ServerLevel/]: Tried to add entity infectious:bodyless_zombie but it was marked as removed already
[01Feb2026 07:09:33.581] [Server thread/WARN] [net.minecraft.server.level.ServerLevel/]: Tried to add entity infectious:zombie_cook but it was marked as removed already
[01Feb2026 07:09:33.582] [Server thread/WARN] [net.minecraft.server.level.ServerLevel/]: Tried to add entity infectious:zombie_cook but it was marked as removed already
[01Feb2026 07:09:33.582] [Server thread/WARN] [net.minecraft.server.level.ServerLevel/]: Tried to add entity infectious:zombie_cook but it was marked as removed already
[01Feb2026 07:09:33.583] [Server thread/WARN] [net.minecraft.server.level.ServerLevel/]: Tried to add entity infectious:mummy but it was marked as removed already
[01Feb2026 07:09:33.632] [Server thread/WARN] [net.minecraft.server.level.ServerLevel/]: Tried to add entity infectious:enchanted_zombie but it was marked as removed already
[01Feb2026 07:09:33.633] [Server thread/WARN] [net.minecraft.server.level.ServerLevel/]: Tried to add entity infectious:enchanted_zombie but it was marked as removed already
[01Feb2026 07:09:33.633] [Server thread/WARN] [net.minecraft.server.level.ServerLevel/]: Tried to add entity infectious:enchanted_zombie but it was marked as removed already
[01Feb2026 07:09:33.633] [Server thread/WARN] [net.minecraft.server.level.ServerLevel/]: Tried to add entity infectious:infectious_zombie but it was marked as removed already
[01Feb2026 07:09:33.733] [Server thread/WARN] [net.minecraft.server.level.ServerLevel/]: Tried to add entity infectious:fat_zombie but it was marked as removed already
[01Feb2026 07:09:33.733] [Server thread/WARN] [net.minecraft.server.level.ServerLevel/]: Tried to add entity infectious:fat_zombie but it was marked as removed already
[01Feb2026 07:09:33.733] [Server thread/WARN] [net.minecraft.server.level.ServerLevel/]: Tried to add entity infectious:fat_zombie but it was marked as removed already
[01Feb2026 07:09:33.735] [Server thread/WARN] [net.minecraft.server.level.ServerLevel/]: Tried to add entity infectious:zombie_hitler but it was marked as removed already
[01Feb2026 07:09:33.786] [Server thread/WARN] [net.minecraft.server.level.ServerLevel/]: Tried to add entity infectious:spore_zombie but it was marked as removed already
[01Feb2026 07:09:33.786] [Server thread/WARN] [net.minecraft.server.level.ServerLevel/]: Tried to add entity infectious:spore_zombie but it was marked as removed already
[01Feb2026 07:09:33.786] [Server thread/WARN] [net.minecraft.server.level.ServerLevel/]: Tried to add entity infectious:spore_zombie but it was marked as removed already
[01Feb2026 07:09:33.787] [Server thread/WARN] [net.minecraft.server.level.ServerLevel/]: Tried to add entity infectious:spore_zombie but it was marked as removed already
[01Feb2026 07:09:33.833] [Server thread/WARN] [net.minecraft.server.level.ServerLevel/]: Tried to add entity infectious:headless_zombie but it was marked as removed already
[01Feb2026 07:09:33.834] [Server thread/WARN] [net.minecraft.server.level.ServerLevel/]: Tried to add entity infectious:headless_zombie but it was marked as removed already
[01Feb2026 07:09:33.834] [Server thread/WARN] [net.minecraft.server.level.ServerLevel/]: Tried to add entity infectious:headless_zombie but it was marked as removed already
[01Feb2026 07:09:33.836] [Server thread/WARN] [net.minecraft.server.level.ServerLevel/]: Tried to add entity infectious:beehive_zombie but it was marked as removed already
[01Feb2026 07:09:33.883] [Server thread/WARN] [net.minecraft.server.level.ServerLevel/]: Tried to add entity infectious:door_zombie but it was marked as removed already
[01Feb2026 07:09:33.884] [Server thread/WARN] [net.minecraft.server.level.ServerLevel/]: Tried to add entity infectious:door_zombie but it was marked as removed already
[01Feb2026 07:09:33.884] [Server thread/WARN] [net.minecraft.server.level.ServerLevel/]: Tried to add entity infectious:door_zombie but it was marked as removed already
[01Feb2026 07:09:33.885] [Server thread/WARN] [net.minecraft.server.level.ServerLevel/]: Tried to add entity infectious:zombie_boxer but it was marked as removed already
[01Feb2026 07:09:34.033] [Server thread/WARN] [net.minecraft.server.level.ServerLevel/]: Tried to add entity infectious:hazmat_zombie but it was marked as removed already
[01Feb2026 07:09:34.034] [Server thread/WARN] [net.minecraft.server.level.ServerLevel/]: Tried to add entity infectious:hazmat_zombie but it was marked as removed already
[01Feb2026 07:09:34.034] [Server thread/WARN] [net.minecraft.server.level.ServerLevel/]: Tried to add entity infectious:hazmat_zombie but it was marked as removed already
[01Feb2026 07:09:34.034] [Server thread/WARN] [net.minecraft.server.level.ServerLevel/]: Tried to add entity infectious:hazmat_zombie but it was marked as removed already
[01Feb2026 07:09:34.083] [Server thread/WARN] [net.minecraft.server.level.ServerLevel/]: Tried to add entity infectious:bucket_zombie but it was marked as removed already
[01Feb2026 07:09:34.133] [Server thread/WARN] [net.minecraft.server.level.ServerLevel/]: Tried to add entity infectious:zombie but it was marked as removed already
[01Feb2026 07:09:34.133] [Server thread/WARN] [net.minecraft.server.level.ServerLevel/]: Tried to add entity infectious:zombie but it was marked as removed already
[01Feb2026 07:09:34.134] [Server thread/WARN] [net.minecraft.server.level.ServerLevel/]: Tried to add entity infectious:zombie but it was marked as removed already
[01Feb2026 07:09:34.134] [Server thread/WARN] [net.minecraft.server.level.ServerLevel/]: Tried to add entity infectious:zombie but it was marked as removed already
[01Feb2026 07:09:34.186] [Server thread/WARN] [net.minecraft.server.level.ServerLevel/]: Tried to add entity infectious:bouncer_zombie but it was marked as removed already
[01Feb2026 07:09:34.187] [Server thread/WARN] [net.minecraft.server.level.ServerLevel/]: Tried to add entity infectious:bouncer_zombie but it was marked as removed already
[01Feb2026 07:09:34.187] [Server thread/WARN] [net.minecraft.server.level.ServerLevel/]: Tried to add entity infectious:bouncer_zombie but it was marked as removed already
[01Feb2026 07:09:34.187] [Server thread/WARN] [net.minecraft.server.level.ServerLevel/]: Tried to add entity infectious:bouncer_zombie but it was marked as removed already
[01Feb2026 07:09:34.234] [Server thread/WARN] [net.minecraft.server.level.ServerLevel/]: Tried to add entity infectious:fire_fighter_zombie but it was marked as removed already
[01Feb2026 07:09:34.235] [Server thread/WARN] [net.minecraft.server.level.ServerLevel/]: Tried to add entity infectious:fire_fighter_zombie but it was marked as removed already
[01Feb2026 07:09:34.482] [Server thread/WARN] [net.minecraft.server.level.ServerLevel/]: Tried to add entity infectious:bodyless_zombie but it was marked as removed already
[01Feb2026 07:09:34.483] [Server thread/WARN] [net.minecraft.server.level.ServerLevel/]: Tried to add entity infectious:bodyless_zombie but it was marked as removed already
[01Feb2026 07:09:34.983] [Server thread/WARN] [net.minecraft.server.level.ServerLevel/]: Tried to add entity infectious:zombie_horseman but it was marked as removed already
[01Feb2026 07:09:34.984] [Server thread/WARN] [net.minecraft.server.level.ServerLevel/]: Tried to add entity infectious:zombie_horseman but it was marked as removed already
[01Feb2026 07:09:35.033] [Server thread/WARN] [net.minecraft.server.level.ServerLevel/]: Tried to add entity infectious:brain_zombie but it was marked as removed already
[01Feb2026 07:09:35.033] [Server thread/WARN] [net.minecraft.server.level.ServerLevel/]: Tried to add entity infectious:pumpkin_zombie but it was marked as removed already
[01Feb2026 07:09:35.034] [Server thread/WARN] [net.minecraft.server.level.ServerLevel/]: Tried to add entity infectious:pumpkin_zombie but it was marked as removed already
[01Feb2026 07:09:35.034] [Server thread/WARN] [net.minecraft.server.level.ServerLevel/]: Tried to add entity infectious:zombie_warrior but it was marked as removed already
[01Feb2026 07:09:35.034] [Server thread/WARN] [net.minecraft.server.level.ServerLevel/]: Tried to add entity infectious:zombie_warrior but it was marked as removed already
[01Feb2026 07:09:35.183] [Server thread/WARN] [net.minecraft.server.level.ServerLevel/]: Tried to add entity infectious:fungal_zombie but it was marked as removed already
[01Feb2026 07:09:35.233] [Server thread/WARN] [net.minecraft.server.level.ServerLevel/]: Tried to add entity infectious:pool_tube_zombie but it was marked as removed already
[01Feb2026 07:09:35.282] [Server thread/WARN] [net.minecraft.server.level.ServerLevel/]: Tried to add entity infectious:zombie_astronaut but it was marked as removed already
[01Feb2026 07:09:35.283] [Server thread/WARN] [net.minecraft.server.level.ServerLevel/]: Tried to add entity infectious:zombie_astronaut but it was marked as removed already
[01Feb2026 07:09:35.285] [Server thread/WARN] [net.minecraft.server.level.ServerLevel/]: Tried to add entity infectious:construction_worker_zombie but it was marked as removed already
[01Feb2026 07:09:35.285] [Server thread/WARN] [net.minecraft.server.level.ServerLevel/]: Tried to add entity infectious:zombie_astronaut but it was marked as removed already
[01Feb2026 07:09:35.285] [Server thread/WARN] [net.minecraft.server.level.ServerLevel/]: Tried to add entity infectious:zombie_astronaut but it was marked as removed already
[01Feb2026 07:09:35.333] [Server thread/WARN] [net.minecraft.server.level.ServerLevel/]: Tried to add entity infectious:pylon_zombie but it was marked as removed already
[01Feb2026 07:09:35.333] [Server thread/WARN] [net.minecraft.server.level.ServerLevel/]: Tried to add entity infectious:pylon_zombie but it was marked as removed already
[01Feb2026 07:09:35.334] [Server thread/WARN] [net.minecraft.server.level.ServerLevel/]: Tried to add entity infectious:zombie_girl but it was marked as removed already
[01Feb2026 07:09:35.383] [Server thread/WARN] [net.minecraft.server.level.ServerLevel/]: Tried to add entity infectious:zombie_painter but it was marked as removed already
[01Feb2026 07:09:35.433] [Server thread/WARN] [net.minecraft.server.level.ServerLevel/]: Tried to add entity infectious:brain_zombie but it was marked as removed already
[01Feb2026 07:09:35.434] [Server thread/WARN] [net.minecraft.server.level.ServerLevel/]: Tried to add entity infectious:zombie_lumberjack but it was marked as removed already
[01Feb2026 07:09:35.434] [Server thread/WARN] [net.minecraft.server.level.ServerLevel/]: Tried to add entity infectious:zombie_lumberjack but it was marked as removed already
[01Feb2026 07:09:35.435] [Server thread/WARN] [net.minecraft.server.level.ServerLevel/]: Tried to add entity infectious:zombie_lumberjack but it was marked as removed already
[01Feb2026 07:09:35.435] [Server thread/WARN] [net.minecraft.server.level.ServerLevel/]: Tried to add entity infectious:zombie_lumberjack but it was marked as removed already
[01Feb2026 07:09:35.483] [Server thread/WARN] [net.minecraft.server.level.ServerLevel/]: Tried to add entity infectious:mc_donalds_worker_zombie but it was marked as removed already
[01Feb2026 07:09:35.484] [Server thread/WARN] [net.minecraft.server.level.ServerLevel/]: Tried to add entity infectious:iron_door_zombie but it was marked as removed already
[01Feb2026 07:09:35.484] [Server thread/WARN] [net.minecraft.server.level.ServerLevel/]: Tried to add entity infectious:iron_door_zombie but it was marked as removed already
[01Feb2026 07:09:35.532] [Server thread/WARN] [net.minecraft.server.level.ServerLevel/]: Tried to add entity infectious:zombie but it was marked as removed already
[01Feb2026 07:09:35.533] [Server thread/WARN] [net.minecraft.server.level.ServerLevel/]: Tried to add entity infectious:zombie but it was marked as removed already
[01Feb2026 07:09:35.533] [Server thread/WARN] [net.minecraft.server.level.ServerLevel/]: Tried to add entity infectious:zombie but it was marked as removed already
[01Feb2026 07:09:35.533] [Server thread/WARN] [net.minecraft.server.level.ServerLevel/]: Tried to add entity infectious:zombie but it was marked as removed already
[01Feb2026 07:09:35.581] [Server thread/WARN] [net.minecraft.server.level.ServerLevel/]: Tried to add entity infectious:zombie_bomber but it was marked as removed already
[01Feb2026 07:09:35.581] [Server thread/WARN] [net.minecraft.server.level.ServerLevel/]: Tried to add entity infectious:zombie_bomber but it was marked as removed already
[01Feb2026 07:09:35.582] [Server thread/WARN] [net.minecraft.server.level.ServerLevel/]: Tried to add entity infectious:zombie_cook but it was marked as removed already
[01Feb2026 07:09:35.582] [Server thread/WARN] [net.minecraft.server.level.ServerLevel/]: Tried to add entity infectious:zombie_cook but it was marked as removed already
[01Feb2026 07:09:35.583] [Server thread/WARN] [net.minecraft.server.level.ServerLevel/]: Tried to add entity infectious:barrel_zombie but it was marked as removed already
[01Feb2026 07:09:35.584] [Server thread/WARN] [net.minecraft.server.level.ServerLevel/]: Tried to add entity infectious:barrel_zombie but it was marked as removed already
[01Feb2026 07:09:35.678] [Server thread/DEBUG] [net.minecraftforge.common.ForgeHooks/WP]: Gathering id map for writing to world save world
[01Feb2026 07:09:35.701] [Server thread/DEBUG] [net.minecraftforge.common.ForgeHooks/WP]: ID Map collection complete world
[01Feb2026 07:09:35.723] [Server thread/WARN] [net.minecraft.server.level.ServerLevel/]: Tried to add entity infectious:hazmat_zombie but it was marked as removed already
[01Feb2026 07:09:35.724] [Server thread/WARN] [net.minecraft.server.level.ServerLevel/]: Tried to add entity infectious:crawling_zombie but it was marked as removed already
[01Feb2026 07:09:35.724] [Server thread/WARN] [net.minecraft.server.level.ServerLevel/]: Tried to add entity infectious:crawling_zombie but it was marked as removed already
[01Feb2026 07:09:35.724] [Server thread/WARN] [net.minecraft.server.level.ServerLevel/]: Tried to add entity infectious:crawling_zombie but it was marked as removed already
[01Feb2026 07:09:35.728] [Server thread/WARN] [net.minecraft.server.level.ServerLevel/]: Tried to add entity infectious:brain_zombie but it was marked as removed already
[01Feb2026 07:09:35.728] [Server thread/WARN] [net.minecraft.server.level.ServerLevel/]: Tried to add entity infectious:brain_zombie but it was marked as removed already
[01Feb2026 07:09:35.747] [Server thread/WARN] [net.minecraft.server.level.ServerLevel/]: Tried to add entity infectious:zombie_clown but it was marked as removed already
[01Feb2026 07:09:35.748] [Server thread/WARN] [net.minecraft.server.level.ServerLevel/]: Tried to add entity infectious:zombie_clown but it was marked as removed already
[01Feb2026 07:09:35.749] [Server thread/WARN] [net.minecraft.server.level.ServerLevel/]: Tried to add entity infectious:sleepy_zombie but it was marked as removed already
[01Feb2026 07:09:35.750] [Server thread/WARN] [net.minecraft.server.level.ServerLevel/]: Tried to add entity infectious:sleepy_zombie but it was marked as removed already
[01Feb2026 07:09:35.750] [Server thread/WARN] [net.minecraft.server.level.ServerLevel/]: Tried to add entity infectious:zombie_girl but it was marked as removed already
[01Feb2026 07:09:35.839] [Server thread/WARN] [net.minecraft.server.level.ServerLevel/]: Tried to add entity infectious:zombie_prisoner but it was marked as removed already
[01Feb2026 07:09:35.839] [Server thread/WARN] [net.minecraft.server.level.ServerLevel/]: Tried to add entity infectious:zombie_horseman but it was marked as removed already
[01Feb2026 07:09:35.909] [Server thread/WARN] [net.minecraft.server.level.ServerLevel/]: Tried to add entity infectious:zombie_archer but it was marked as removed already
[01Feb2026 07:09:35.909] [Server thread/WARN] [net.minecraft.server.level.ServerLevel/]: Tried to add entity infectious:zombie_archer but it was marked as removed already
[01Feb2026 07:09:35.910] [Server thread/WARN] [net.minecraft.server.level.ServerLevel/]: Tried to add entity infectious:zombie_girl but it was marked as removed already
[01Feb2026 07:09:35.910] [Server thread/WARN] [net.minecraft.server.level.ServerLevel/]: Tried to add entity infectious:zombie_girl but it was marked as removed already
[01Feb2026 07:09:35.983] [Server thread/WARN] [net.minecraft.server.level.ServerLevel/]: Tried to add entity infectious:zombie_doctor but it was marked as removed already
[01Feb2026 07:09:35.983] [Server thread/WARN] [net.minecraft.server.level.ServerLevel/]: Tried to add entity infectious:zombie_doctor but it was marked as removed already
[01Feb2026 07:09:35.983] [Server thread/WARN] [net.minecraft.server.level.ServerLevel/]: Tried to add entity infectious:zombie_doctor but it was marked as removed already
[01Feb2026 07:09:35.984] [Server thread/WARN] [net.minecraft.server.level.ServerLevel/]: Tried to add entity infectious:zombie_doctor but it was marked as removed already
[01Feb2026 07:09:36.223] [Server thread/WARN] [net.minecraft.server.level.ServerLevel/]: Tried to add entity infectious:hazmat_zombie but it was marked as removed already
[01Feb2026 07:09:36.224] [Server thread/WARN] [net.minecraft.server.level.ServerLevel/]: Tried to add entity infectious:hazmat_zombie but it was marked as removed already
[01Feb2026 07:09:36.240] [Server thread/WARN] [net.minecraft.server.level.ServerLevel/]: Tried to add entity infectious:maggot_zombie but it was marked as removed already
[01Feb2026 07:09:36.240] [Server thread/WARN] [net.minecraft.server.level.ServerLevel/]: Tried to add entity infectious:maggot_zombie but it was marked as removed already
[01Feb2026 07:09:36.240] [Server thread/WARN] [net.minecraft.server.level.ServerLevel/]: Tried to add entity infectious:maggot_zombie but it was marked as removed already
[01Feb2026 07:09:36.240] [Server thread/WARN] [net.minecraft.server.level.ServerLevel/]: Tried to add entity infectious:pool_tube_zombie but it was marked as removed already
[01Feb2026 07:09:36.241] [Server thread/WARN] [net.minecraft.server.level.ServerLevel/]: Tried to add entity infectious:armless_zombie but it was marked as removed already
[01Feb2026 07:09:36.241] [Server thread/WARN] [net.minecraft.server.level.ServerLevel/]: Tried to add entity infectious:armless_zombie but it was marked as removed already
[01Feb2026 07:09:36.241] [Server thread/WARN] [net.minecraft.server.level.ServerLevel/]: Tried to add entity infectious:armless_zombie but it was marked as removed already
[01Feb2026 07:09:36.242] [Server thread/WARN] [net.minecraft.server.level.ServerLevel/]: Tried to add entity infectious:mutant_zombie but it was marked as removed already
[01Feb2026 07:09:36.256] [Server thread/WARN] [net.minecraft.server.level.ServerLevel/]: Tried to add entity infectious:screamer but it was marked as removed already
[01Feb2026 07:09:36.256] [Server thread/WARN] [net.minecraft.server.level.ServerLevel/]: Tried to add entity infectious:screamer but it was marked as removed already
[01Feb2026 07:09:36.257] [Server thread/WARN] [net.minecraft.server.level.ServerLevel/]: Tried to add entity infectious:screamer but it was marked as removed already
[01Feb2026 07:09:36.283] [Server thread/WARN] [net.minecraft.server.level.ServerLevel/]: Tried to add entity infectious:zombified_wolf but it was marked as removed already
[01Feb2026 07:09:36.283] [Server thread/WARN] [net.minecraft.server.level.ServerLevel/]: Tried to add entity infectious:zombified_wolf but it was marked as removed already
[01Feb2026 07:09:36.283] [Server thread/WARN] [net.minecraft.server.level.ServerLevel/]: Tried to add entity infectious:zombified_wolf but it was marked as removed already
[01Feb2026 07:09:36.283] [Server thread/WARN] [net.minecraft.server.level.ServerLevel/]: Tried to add entity infectious:zombified_wolf but it was marked as removed already
[01Feb2026 07:09:36.284] [Server thread/WARN] [net.minecraft.server.level.ServerLevel/]: Tried to add entity infectious:pool_tube_zombie but it was marked as removed already
[01Feb2026 07:09:36.285] [Server thread/WARN] [net.minecraft.server.level.ServerLevel/]: Tried to add entity infectious:pool_tube_zombie but it was marked as removed already
[01Feb2026 07:09:36.529] [Server thread/WARN] [net.minecraft.server.level.ServerLevel/]: Tried to add entity infectious:bodyless_zombie but it was marked as removed already
[01Feb2026 07:09:36.530] [Server thread/WARN] [net.minecraft.server.level.ServerLevel/]: Tried to add entity infectious:bodyless_zombie but it was marked as removed already
[01Feb2026 07:09:36.530] [Server thread/WARN] [net.minecraft.server.level.ServerLevel/]: Tried to add entity infectious:bodyless_zombie but it was marked as removed already
[01Feb2026 07:09:36.530] [Server thread/WARN] [net.minecraft.server.level.ServerLevel/]: Tried to add entity infectious:bodyless_zombie but it was marked as removed already
[01Feb2026 07:09:36.635] [Server thread/WARN] [net.minecraft.server.level.ServerLevel/]: Tried to add entity infectious:armless_zombie but it was marked as removed already
[01Feb2026 07:09:36.636] [Server thread/WARN] [net.minecraft.server.level.ServerLevel/]: Tried to add entity infectious:armless_zombie but it was marked as removed already
[01Feb2026 07:09:36.655] [Server thread/WARN] [net.minecraft.server.level.ServerLevel/]: Tried to add entity infectious:armless_zombie but it was marked as removed already
[01Feb2026 07:09:36.656] [Server thread/WARN] [net.minecraft.server.level.ServerLevel/]: Tried to add entity infectious:zombie_police but it was marked as removed already
[01Feb2026 07:09:36.657] [Server thread/WARN] [net.minecraft.server.level.ServerLevel/]: Tried to add entity infectious:zombie_police but it was marked as removed already
[01Feb2026 07:09:36.657] [Server thread/WARN] [net.minecraft.server.level.ServerLevel/]: Tried to add entity infectious:zombie_police but it was marked as removed already
[01Feb2026 07:09:36.658] [Server thread/WARN] [net.minecraft.server.level.ServerLevel/]: Tried to add entity infectious:zombie_agent but it was marked as removed already
[01Feb2026 07:09:36.659] [Server thread/WARN] [net.minecraft.server.level.ServerLevel/]: Tried to add entity infectious:construction_worker_zombie but it was marked as removed already
[01Feb2026 07:09:36.659] [Server thread/WARN] [net.minecraft.server.level.ServerLevel/]: Tried to add entity infectious:construction_worker_zombie but it was marked as removed already
[01Feb2026 07:09:36.688] [Server thread/WARN] [net.minecraft.server.level.ServerLevel/]: Tried to add entity infectious:zombie_boxer but it was marked as removed already
[01Feb2026 07:09:36.688] [Server thread/WARN] [net.minecraft.server.level.ServerLevel/]: Tried to add entity infectious:zombie_boxer but it was marked as removed already
[01Feb2026 07:09:36.689] [Server thread/WARN] [net.minecraft.server.level.ServerLevel/]: Tried to add entity infectious:zombie_prisoner but it was marked as removed already
[01Feb2026 07:09:36.689] [Server thread/WARN] [net.minecraft.server.level.ServerLevel/]: Tried to add entity infectious:zombie_prisoner but it was marked as removed already
[01Feb2026 07:09:36.689] [Server thread/WARN] [net.minecraft.server.level.ServerLevel/]: Tried to add entity infectious:zombie_prisoner but it was marked as removed already
[01Feb2026 07:09:36.690] [Server thread/WARN] [net.minecraft.server.level.ServerLevel/]: Tried to add entity infectious:zombie_prisoner but it was marked as removed already
[01Feb2026 07:09:36.895] [Server thread/WARN] [net.minecraft.server.level.ServerLevel/]: Tried to add entity infectious:old_zombie but it was marked as removed already
[01Feb2026 07:09:36.896] [Server thread/WARN] [net.minecraft.server.level.ServerLevel/]: Tried to add entity infectious:old_zombie but it was marked as removed already
[01Feb2026 07:09:36.896] [Server thread/WARN] [net.minecraft.server.level.ServerLevel/]: Tried to add entity infectious:old_zombie but it was marked as removed already
[01Feb2026 07:09:36.896] [Server thread/WARN] [net.minecraft.server.level.ServerLevel/]: Tried to add entity infectious:old_zombie but it was marked as removed already
[01Feb2026 07:09:36.914] [Server thread/WARN] [net.minecraft.server.level.ServerLevel/]: Tried to add entity infectious:zombie_boxer but it was marked as removed already
[01Feb2026 07:09:36.915] [Server thread/WARN] [net.minecraft.server.level.ServerLevel/]: Tried to add entity infectious:zombie_boxer but it was marked as removed already
[01Feb2026 07:09:36.916] [Server thread/WARN] [net.minecraft.server.level.ServerLevel/]: Tried to add entity infectious:hazmat_zombie but it was marked as removed already
[01Feb2026 07:09:36.917] [Server thread/WARN] [net.minecraft.server.level.ServerLevel/]: Tried to add entity infectious:door_zombie but it was marked as removed already
[01Feb2026 07:09:36.917] [Server thread/WARN] [net.minecraft.server.level.ServerLevel/]: Tried to add entity infectious:door_zombie but it was marked as removed already
[01Feb2026 07:09:36.917] [Server thread/WARN] [net.minecraft.server.level.ServerLevel/]: Tried to add entity infectious:door_zombie but it was marked as removed already
[01Feb2026 07:09:36.982] [Server thread/WARN] [net.minecraft.server.level.ServerLevel/]: Tried to add entity infectious:zombified_spider but it was marked as removed already
[01Feb2026 07:09:37.032] [Server thread/WARN] [net.minecraft.server.level.ServerLevel/]: Tried to add entity infectious:blind_zombie but it was marked as removed already
[01Feb2026 07:09:37.032] [Server thread/WARN] [net.minecraft.server.level.ServerLevel/]: Tried to add entity infectious:blind_zombie but it was marked as removed already
[01Feb2026 07:09:37.033] [Server thread/WARN] [net.minecraft.server.level.ServerLevel/]: Tried to add entity infectious:zombie_cook but it was marked as removed already
[01Feb2026 07:09:37.033] [Server thread/WARN] [net.minecraft.server.level.ServerLevel/]: Tried to add entity infectious:zombie_cook but it was marked as removed already
[01Feb2026 07:09:37.492] [Server thread/WARN] [net.minecraft.server.level.ServerLevel/]: Tried to add entity infectious:headless_zombie but it was marked as removed already
[01Feb2026 07:09:37.493] [Server thread/WARN] [net.minecraft.server.level.ServerLevel/]: Tried to add entity infectious:headless_zombie but it was marked as removed already
[01Feb2026 07:09:37.493] [Server thread/WARN] [net.minecraft.server.level.ServerLevel/]: Tried to add entity infectious:zombie_boxer but it was marked as removed already
[01Feb2026 07:09:37.493] [Server thread/WARN] [net.minecraft.server.level.ServerLevel/]: Tried to add entity infectious:zombie_boxer but it was marked as removed already
[01Feb2026 07:09:37.562] [Server thread/WARN] [net.minecraft.server.level.ServerLevel/]: Tried to add entity infectious:zombie but it was marked as removed already
[01Feb2026 07:09:37.563] [Server thread/WARN] [net.minecraft.server.level.ServerLevel/]: Tried to add entity infectious:zombie but it was marked as removed already
[01Feb2026 07:09:37.563] [Server thread/WARN] [net.minecraft.server.level.ServerLevel/]: Tried to add entity infectious:zombie but it was marked as removed already
[01Feb2026 07:09:37.563] [Server thread/WARN] [net.minecraft.server.level.ServerLevel/]: Tried to add entity infectious:zombie but it was marked as removed already
[01Feb2026 07:09:37.564] [Server thread/WARN] [net.minecraft.server.level.ServerLevel/]: Tried to add entity infectious:zombie but it was marked as removed already
[01Feb2026 07:09:37.564] [Server thread/WARN] [net.minecraft.server.level.ServerLevel/]: Tried to add entity infectious:zombie but it was marked as removed already
[01Feb2026 07:09:37.564] [Server thread/WARN] [net.minecraft.server.level.ServerLevel/]: Tried to add entity infectious:zombie but it was marked as removed already
[01Feb2026 07:09:37.565] [Server thread/WARN] [net.minecraft.server.level.ServerLevel/]: Tried to add entity infectious:zombie but it was marked as removed already
[01Feb2026 07:09:37.565] [Server thread/WARN] [net.minecraft.server.level.ServerLevel/]: Tried to add entity infectious:zombie but it was marked as removed already
[01Feb2026 07:09:37.565] [Server thread/WARN] [net.minecraft.server.level.ServerLevel/]: Tried to add entity infectious:zombie but it was marked as removed already
[01Feb2026 07:09:37.565] [Server thread/WARN] [net.minecraft.server.level.ServerLevel/]: Tried to add entity infectious:zombie but it was marked as removed already
[01Feb2026 07:09:37.566] [Server thread/WARN] [net.minecraft.server.level.ServerLevel/]: Tried to add entity infectious:zombie but it was marked as removed already
[01Feb2026 07:09:37.566] [Server thread/WARN] [net.minecraft.server.level.ServerLevel/]: Tried to add entity infectious:zombie but it was marked as removed already
[01Feb2026 07:09:37.566] [Server thread/WARN] [net.minecraft.server.level.ServerLevel/]: Tried to add entity infectious:zombie but it was marked as removed already
[01Feb2026 07:09:37.566] [Server thread/WARN] [net.minecraft.server.level.ServerLevel/]: Tried to add entity infectious:zombie but it was marked as removed already
[01Feb2026 07:09:37.567] [Server thread/WARN] [net.minecraft.server.level.ServerLevel/]: Tried to add entity infectious:zombie but it was marked as removed already
[01Feb2026 07:09:37.567] [Server thread/WARN] [net.minecraft.server.level.ServerLevel/]: Tried to add entity infectious:zombie but it was marked as removed already
[01Feb2026 07:09:37.567] [Server thread/WARN] [net.minecraft.server.level.ServerLevel/]: Tried to add entity infectious:zombie but it was marked as removed already
[01Feb2026 07:09:37.568] [Server thread/WARN] [net.minecraft.server.level.ServerLevel/]: Tried to add entity infectious:angry_zombie but it was marked as removed already
[01Feb2026 07:09:37.568] [Server thread/WARN] [net.minecraft.server.level.ServerLevel/]: Tried to add entity infectious:angry_zombie but it was marked as removed already
[01Feb2026 07:09:37.568] [Server thread/WARN] [net.minecraft.server.level.ServerLevel/]: Tried to add entity infectious:zombie_girl but it was marked as removed already
[01Feb2026 07:09:37.569] [Server thread/WARN] [net.minecraft.server.level.ServerLevel/]: Tried to add entity infectious:zombie_girl but it was marked as removed already
[01Feb2026 07:09:37.569] [Server thread/WARN] [net.minecraft.server.level.ServerLevel/]: Tried to add entity infectious:zombie_girl but it was marked as removed already
[01Feb2026 07:09:37.569] [Server thread/WARN] [net.minecraft.server.level.ServerLevel/]: Tried to add entity infectious:zombie_girl but it was marked as removed already
[01Feb2026 07:09:37.569] [Server thread/WARN] [net.minecraft.server.level.ServerLevel/]: Tried to add entity infectious:zombie_girl but it was marked as removed already
[01Feb2026 07:09:37.570] [Server thread/WARN] [net.minecraft.server.level.ServerLevel/]: Tried to add entity infectious:blind_zombie but it was marked as removed already
[01Feb2026 07:09:37.570] [Server thread/WARN] [net.minecraft.server.level.ServerLevel/]: Tried to add entity infectious:blind_zombie but it was marked as removed already
[01Feb2026 07:09:37.570] [Server thread/WARN] [net.minecraft.server.level.ServerLevel/]: Tried to add entity infectious:armless_zombie but it was marked as removed already
[01Feb2026 07:09:37.570] [Server thread/WARN] [net.minecraft.server.level.ServerLevel/]: Tried to add entity infectious:armless_zombie but it was marked as removed already
[01Feb2026 07:09:37.571] [Server thread/WARN] [net.minecraft.server.level.ServerLevel/]: Tried to add entity infectious:armless_zombie but it was marked as removed already
[01Feb2026 07:09:37.571] [Server thread/WARN] [net.minecraft.server.level.ServerLevel/]: Tried to add entity infectious:zombie_horde but it was marked as removed already
[01Feb2026 07:09:37.636] [Server thread/WARN] [net.minecraft.server.level.ServerLevel/]: Tried to add entity infectious:screamer but it was marked as removed already
[01Feb2026 07:09:37.636] [Server thread/WARN] [net.minecraft.server.level.ServerLevel/]: Tried to add entity infectious:screamer but it was marked as removed already
[01Feb2026 07:09:37.636] [Server thread/WARN] [net.minecraft.server.level.ServerLevel/]: Tried to add entity infectious:screamer but it was marked as removed already
[01Feb2026 07:09:37.637] [Server thread/WARN] [net.minecraft.server.level.ServerLevel/]: Tried to add entity infectious:armless_zombie but it was marked as removed already
[01Feb2026 07:09:37.639] [Server thread/WARN] [net.minecraft.server.level.ServerLevel/]: Tried to add entity infectious:pumpkin_zombie but it was marked as removed already
[01Feb2026 07:09:37.639] [Server thread/WARN] [net.minecraft.server.level.ServerLevel/]: Tried to add entity infectious:pumpkin_zombie but it was marked as removed already
[01Feb2026 07:09:37.639] [Server thread/WARN] [net.minecraft.server.level.ServerLevel/]: Tried to add entity infectious:pumpkin_zombie but it was marked as removed already
[01Feb2026 07:09:37.639] [Server thread/WARN] [net.minecraft.server.level.ServerLevel/]: Tried to add entity infectious:pumpkin_zombie but it was marked as removed already
[01Feb2026 07:09:37.686] [Server thread/WARN] [net.minecraft.server.level.ServerLevel/]: Tried to add entity infectious:pool_tube_zombie but it was marked as removed already
[01Feb2026 07:09:37.687] [Server thread/WARN] [net.minecraft.server.level.ServerLevel/]: Tried to add entity infectious:pool_tube_zombie but it was marked as removed already
[01Feb2026 07:09:37.687] [Server thread/WARN] [net.minecraft.server.level.ServerLevel/]: Tried to add entity infectious:pool_tube_zombie but it was marked as removed already
[01Feb2026 07:09:37.734] [Server thread/WARN] [net.minecraft.server.level.ServerLevel/]: Tried to add entity infectious:zombie_lumberjack but it was marked as removed already
[01Feb2026 07:09:37.735] [Server thread/WARN] [net.minecraft.server.level.ServerLevel/]: Tried to add entity infectious:zombie_lumberjack but it was marked as removed already
[01Feb2026 07:09:37.736] [Server thread/WARN] [net.minecraft.server.level.ServerLevel/]: Tried to add entity infectious:zombie_girl but it was marked as removed already
[01Feb2026 07:09:37.736] [Server thread/WARN] [net.minecraft.server.level.ServerLevel/]: Tried to add entity infectious:zombie_girl but it was marked as removed already
[01Feb2026 07:09:37.834] [Server thread/WARN] [net.minecraft.server.level.ServerLevel/]: Tried to add entity infectious:baseball_bat_zombie but it was marked as removed already
[01Feb2026 07:09:37.835] [Server thread/WARN] [net.minecraft.server.level.ServerLevel/]: Tried to add entity infectious:baseball_bat_zombie but it was marked as removed already
[01Feb2026 07:09:37.935] [Server thread/WARN] [net.minecraft.server.level.ServerLevel/]: Tried to add entity infectious:mummy but it was marked as removed already
[01Feb2026 07:09:37.936] [Server thread/WARN] [net.minecraft.server.level.ServerLevel/]: Tried to add entity infectious:mummy but it was marked as removed already
[01Feb2026 07:09:37.983] [Server thread/WARN] [net.minecraft.server.level.ServerLevel/]: Tried to add entity infectious:headless_zombie but it was marked as removed already
[01Feb2026 07:09:37.984] [Server thread/WARN] [net.minecraft.server.level.ServerLevel/]: Tried to add entity infectious:disco_zombie but it was marked as removed already
[01Feb2026 07:09:38.132] [Server thread/WARN] [net.minecraft.server.level.ServerLevel/]: Tried to add entity infectious:screamer but it was marked as removed already
[01Feb2026 07:09:38.334] [Server thread/WARN] [net.minecraft.server.level.ServerLevel/]: Tried to add entity infectious:zombified_boar but it was marked as removed already
[01Feb2026 07:09:38.334] [Server thread/WARN] [net.minecraft.server.level.ServerLevel/]: Tried to add entity infectious:zombified_boar but it was marked as removed already
[01Feb2026 07:09:38.823] [Server thread/WARN] [net.minecraft.server.level.ServerLevel/]: Tried to add entity infectious:zombie_police but it was marked as removed already
[01Feb2026 07:09:38.823] [Server thread/WARN] [net.minecraft.server.level.ServerLevel/]: Tried to add entity infectious:zombie_police but it was marked as removed already
[01Feb2026 07:09:38.823] [Server thread/WARN] [net.minecraft.server.level.ServerLevel/]: Tried to add entity infectious:zombie_police but it was marked as removed already
[01Feb2026 07:09:38.982] [Server thread/WARN] [net.minecraft.server.level.ServerLevel/]: Tried to add entity infectious:zombie_girl but it was marked as removed already
[01Feb2026 07:09:39.082] [Server thread/WARN] [net.minecraft.server.level.ServerLevel/]: Tried to add entity infectious:zombie_girl but it was marked as removed already
[01Feb2026 07:09:39.083] [Server thread/WARN] [net.minecraft.server.level.ServerLevel/]: Tried to add entity infectious:zombie_girl but it was marked as removed already
[01Feb2026 07:09:39.132] [Server thread/WARN] [net.minecraft.server.level.ServerLevel/]: Tried to add entity infectious:bucket_zombie but it was marked as removed already
[01Feb2026 07:09:39.133] [Server thread/WARN] [net.minecraft.server.level.ServerLevel/]: Tried to add entity infectious:bucket_zombie but it was marked as removed already
[01Feb2026 07:09:39.133] [Server thread/WARN] [net.minecraft.server.level.ServerLevel/]: Tried to add entity infectious:bucket_zombie but it was marked as removed already
[01Feb2026 07:09:39.182] [Server thread/WARN] [net.minecraft.server.level.ServerLevel/]: Tried to add entity infectious:zombie_lumberjack but it was marked as removed already
[01Feb2026 07:09:39.182] [Server thread/WARN] [net.minecraft.server.level.ServerLevel/]: Tried to add entity infectious:zombie_lumberjack but it was marked as removed already
[01Feb2026 07:09:39.183] [Server thread/WARN] [net.minecraft.server.level.ServerLevel/]: Tried to add entity infectious:zombie but it was marked as removed already
[01Feb2026 07:09:39.183] [Server thread/WARN] [net.minecraft.server.level.ServerLevel/]: Tried to add entity infectious:zombie but it was marked as removed already
[01Feb2026 07:09:39.283] [Server thread/WARN] [net.minecraft.server.level.ServerLevel/]: Tried to add entity infectious:burned_zombie but it was marked as removed already
[01Feb2026 07:09:39.284] [Server thread/WARN] [net.minecraft.server.level.ServerLevel/]: Tried to add entity infectious:burned_zombie but it was marked as removed already
[01Feb2026 07:09:39.433] [Server thread/WARN] [net.minecraft.server.level.ServerLevel/]: Tried to add entity infectious:infectious_zombie but it was marked as removed already
[01Feb2026 07:09:39.433] [Server thread/WARN] [net.minecraft.server.level.ServerLevel/]: Tried to add entity infectious:zombie_runner but it was marked as removed already
[01Feb2026 07:09:39.434] [Server thread/WARN] [net.minecraft.server.level.ServerLevel/]: Tried to add entity infectious:zombie_runner but it was marked as removed already
[01Feb2026 07:09:39.583] [Server thread/WARN] [net.minecraft.server.level.ServerLevel/]: Tried to add entity infectious:football_player_zombie but it was marked as removed already
[01Feb2026 07:09:39.583] [Server thread/WARN] [net.minecraft.server.level.ServerLevel/]: Tried to add entity infectious:glitched_zombie but it was marked as removed already
[01Feb2026 07:09:39.734] [Server thread/WARN] [net.minecraft.server.level.ServerLevel/]: Tried to add entity infectious:zombie_fisherman but it was marked as removed already
[01Feb2026 07:09:40.001] [Server thread/WARN] [net.minecraft.server.level.ServerLevel/]: Tried to add entity infectious:fire_fighter_zombie but it was marked as removed already
[01Feb2026 07:09:40.001] [Server thread/WARN] [net.minecraft.server.level.ServerLevel/]: Tried to add entity infectious:fire_fighter_zombie but it was marked as removed already
[01Feb2026 07:09:40.065] [Server thread/WARN] [net.minecraft.server.level.ServerLevel/]: Tried to add entity infectious:burning_zombie but it was marked as removed already
[01Feb2026 07:09:40.066] [Server thread/WARN] [net.minecraft.server.level.ServerLevel/]: Tried to add entity infectious:burning_zombie but it was marked as removed already
[01Feb2026 07:09:40.066] [Server thread/WARN] [net.minecraft.server.level.ServerLevel/]: Tried to add entity infectious:burning_zombie but it was marked as removed already
[01Feb2026 07:09:40.066] [Server thread/WARN] [net.minecraft.server.level.ServerLevel/]: Tried to add entity infectious:bouncer_zombie but it was marked as removed already
[01Feb2026 07:09:40.130] [Server thread/WARN] [net.minecraft.server.level.ServerLevel/]: Tried to add entity infectious:maggot_zombie but it was marked as removed already
[01Feb2026 07:09:40.130] [Server thread/WARN] [net.minecraft.server.level.ServerLevel/]: Tried to add entity infectious:maggot_zombie but it was marked as removed already
[01Feb2026 07:09:40.130] [Server thread/WARN] [net.minecraft.server.level.ServerLevel/]: Tried to add entity infectious:maggot_zombie but it was marked as removed already
[01Feb2026 07:09:40.130] [Server thread/WARN] [net.minecraft.server.level.ServerLevel/]: Tried to add entity infectious:maggot_zombie but it was marked as removed already
[01Feb2026 07:09:40.194] [Server thread/WARN] [net.minecraft.server.level.ServerLevel/]: Tried to add entity infectious:zombie but it was marked as removed already
[01Feb2026 07:09:40.195] [Server thread/WARN] [net.minecraft.server.level.ServerLevel/]: Tried to add entity infectious:bouncer_zombie but it was marked as removed already
[01Feb2026 07:09:40.195] [Server thread/WARN] [net.minecraft.server.level.ServerLevel/]: Tried to add entity infectious:bouncer_zombie but it was marked as removed already
[01Feb2026 07:09:40.195] [Server thread/WARN] [net.minecraft.server.level.ServerLevel/]: Tried to add entity infectious:bouncer_zombie but it was marked as removed already
[01Feb2026 07:09:40.197] [Server thread/WARN] [net.minecraft.server.level.ServerLevel/]: Tried to add entity infectious:zombie_runner but it was marked as removed already
[01Feb2026 07:09:40.197] [Server thread/WARN] [net.minecraft.server.level.ServerLevel/]: Tried to add entity infectious:zombie_runner but it was marked as removed already
[01Feb2026 07:09:40.198] [Server thread/WARN] [net.minecraft.server.level.ServerLevel/]: Tried to add entity infectious:zombie_runner but it was marked as removed already
[01Feb2026 07:09:40.295] [Server thread/WARN] [net.minecraft.server.level.ServerLevel/]: Tried to add entity infectious:claw_zombie but it was marked as removed already
[01Feb2026 07:09:40.296] [Server thread/WARN] [net.minecraft.server.level.ServerLevel/]: Tried to add entity infectious:baseball_bat_zombie but it was marked as removed already
[01Feb2026 07:09:40.296] [Server thread/WARN] [net.minecraft.server.level.ServerLevel/]: Tried to add entity infectious:crawling_zombie but it was marked as removed already
[01Feb2026 07:09:40.884] [Server thread/WARN] [net.minecraft.server.level.ServerLevel/]: Tried to add entity infectious:zombie_spiter but it was marked as removed already
[01Feb2026 07:09:40.884] [Server thread/WARN] [net.minecraft.server.level.ServerLevel/]: Tried to add entity infectious:zombie_spiter but it was marked as removed already
[01Feb2026 07:09:40.884] [Server thread/WARN] [net.minecraft.server.level.ServerLevel/]: Tried to add entity infectious:zombie_spiter but it was marked as removed already
[01Feb2026 07:09:40.933] [Server thread/WARN] [net.minecraft.server.level.ServerLevel/]: Tried to add entity infectious:zombie but it was marked as removed already
[01Feb2026 07:09:40.934] [Server thread/WARN] [net.minecraft.server.level.ServerLevel/]: Tried to add entity infectious:zombie but it was marked as removed already
[01Feb2026 07:09:41.433] [Server thread/WARN] [net.minecraft.server.level.ServerLevel/]: Tried to add entity infectious:zombie_bomber but it was marked as removed already
[01Feb2026 07:09:41.433] [Server thread/WARN] [net.minecraft.server.level.ServerLevel/]: Tried to add entity infectious:zombie_bomber but it was marked as removed already
[01Feb2026 07:09:41.433] [Server thread/WARN] [net.minecraft.server.level.ServerLevel/]: Tried to add entity infectious:zombie_fisherman but it was marked as removed already
[01Feb2026 07:09:41.433] [Server thread/WARN] [net.minecraft.server.level.ServerLevel/]: Tried to add entity infectious:zombie_fisherman but it was marked as removed already
[01Feb2026 07:09:41.532] [Server thread/WARN] [net.minecraft.server.level.ServerLevel/]: Tried to add entity infectious:zombie_girl but it was marked as removed already
[01Feb2026 07:09:41.532] [Server thread/WARN] [net.minecraft.server.level.ServerLevel/]: Tried to add entity infectious:zombie_soldier but it was marked as removed already
[01Feb2026 07:09:41.533] [Server thread/WARN] [net.minecraft.server.level.ServerLevel/]: Tried to add entity infectious:zombie_soldier but it was marked as removed already
[01Feb2026 07:09:41.832] [Server thread/WARN] [net.minecraft.server.level.ServerLevel/]: Tried to add entity infectious:barrel_zombie but it was marked as removed already
[01Feb2026 07:09:41.833] [Server thread/WARN] [net.minecraft.server.level.ServerLevel/]: Tried to add entity infectious:crawling_zombie but it was marked as removed already
[01Feb2026 07:09:41.833] [Server thread/WARN] [net.minecraft.server.level.ServerLevel/]: Tried to add entity infectious:crawling_zombie but it was marked as removed already
[01Feb2026 07:09:41.934] [Server thread/WARN] [net.minecraft.server.level.ServerLevel/]: Tried to add entity infectious:zombie_runner but it was marked as removed already
[01Feb2026 07:09:42.033] [Server thread/WARN] [net.minecraft.server.level.ServerLevel/]: Tried to add entity infectious:screamer but it was marked as removed already
[01Feb2026 07:09:42.033] [Server thread/WARN] [net.minecraft.server.level.ServerLevel/]: Tried to add entity infectious:screamer but it was marked as removed already
[01Feb2026 07:09:42.034] [Server thread/WARN] [net.minecraft.server.level.ServerLevel/]: Tried to add entity infectious:screamer but it was marked as removed already
[01Feb2026 07:09:42.034] [Server thread/WARN] [net.minecraft.server.level.ServerLevel/]: Tried to add entity infectious:screamer but it was marked as removed already
[01Feb2026 07:09:42.082] [Server thread/WARN] [net.minecraft.server.level.ServerLevel/]: Tried to add entity infectious:headless_zombie but it was marked as removed already
[01Feb2026 07:09:42.082] [Server thread/WARN] [net.minecraft.server.level.ServerLevel/]: Tried to add entity infectious:old_zombie but it was marked as removed already
[01Feb2026 07:09:42.282] [Server thread/WARN] [net.minecraft.server.level.ServerLevel/]: Tried to add entity infectious:zombie but it was marked as removed already
[01Feb2026 07:09:42.282] [Server thread/WARN] [net.minecraft.server.level.ServerLevel/]: Tried to add entity infectious:zombie but it was marked as removed already
[01Feb2026 07:09:42.282] [Server thread/WARN] [net.minecraft.server.level.ServerLevel/]: Tried to add entity infectious:zombie but it was marked as removed already
[01Feb2026 07:09:42.282] [Server thread/WARN] [net.minecraft.server.level.ServerLevel/]: Tried to add entity infectious:zombie but it was marked as removed already
[01Feb2026 07:09:42.287] [Server thread/WARN] [net.minecraft.server.level.ServerLevel/]: Tried to add entity infectious:zombie_scientist but it was marked as removed already
[01Feb2026 07:09:42.287] [Server thread/WARN] [net.minecraft.server.level.ServerLevel/]: Tried to add entity infectious:zombie_scientist but it was marked as removed already
[01Feb2026 07:09:42.288] [Server thread/WARN] [net.minecraft.server.level.ServerLevel/]: Tried to add entity infectious:mecha_zombie but it was marked as removed already
[01Feb2026 07:09:42.288] [Server thread/WARN] [net.minecraft.server.level.ServerLevel/]: Tried to add entity infectious:mecha_zombie but it was marked as removed already
[01Feb2026 07:09:42.333] [Server thread/WARN] [net.minecraft.server.level.ServerLevel/]: Tried to add entity infectious:armless_zombie but it was marked as removed already
[01Feb2026 07:09:42.334] [Server thread/WARN] [net.minecraft.server.level.ServerLevel/]: Tried to add entity infectious:armless_zombie but it was marked as removed already
[01Feb2026 07:09:42.782] [Server thread/WARN] [net.minecraft.server.level.ServerLevel/]: Tried to add entity infectious:zombie_clown but it was marked as removed already
[01Feb2026 07:09:43.283] [Server thread/WARN] [net.minecraft.server.level.ServerLevel/]: Tried to add entity infectious:armless_zombie but it was marked as removed already
[01Feb2026 07:09:43.283] [Server thread/WARN] [net.minecraft.server.level.ServerLevel/]: Tried to add entity infectious:armless_zombie but it was marked as removed already
[01Feb2026 07:09:43.283] [Server thread/WARN] [net.minecraft.server.level.ServerLevel/]: Tried to add entity infectious:zombie_prisoner but it was marked as removed already
[01Feb2026 07:09:43.284] [Server thread/WARN] [net.minecraft.server.level.ServerLevel/]: Tried to add entity infectious:zombie_prisoner but it was marked as removed already
[01Feb2026 07:09:43.284] [Server thread/WARN] [net.minecraft.server.level.ServerLevel/]: Tried to add entity infectious:football_player_zombie but it was marked as removed already
[01Feb2026 07:09:43.285] [Server thread/WARN] [net.minecraft.server.level.ServerLevel/]: Tried to add entity infectious:pool_tube_zombie but it was marked as removed already
[01Feb2026 07:09:43.285] [Server thread/WARN] [net.minecraft.server.level.ServerLevel/]: Tried to add entity infectious:pool_tube_zombie but it was marked as removed already
[01Feb2026 07:09:43.384] [Server thread/WARN] [net.minecraft.server.level.ServerLevel/]: Tried to add entity infectious:football_player_zombie but it was marked as removed already
[01Feb2026 07:09:43.384] [Server thread/WARN] [net.minecraft.server.level.ServerLevel/]: Tried to add entity infectious:football_player_zombie but it was marked as removed already
[01Feb2026 07:09:43.385] [Server thread/WARN] [net.minecraft.server.level.ServerLevel/]: Tried to add entity infectious:football_player_zombie but it was marked as removed already
[01Feb2026 07:09:43.385] [Server thread/WARN] [net.minecraft.server.level.ServerLevel/]: Tried to add entity infectious:bucket_zombie but it was marked as removed already
[01Feb2026 07:09:43.437] [Server thread/WARN] [net.minecraft.server.level.ServerLevel/]: Tried to add entity infectious:swat_zombie but it was marked as removed already
[01Feb2026 07:09:43.437] [Server thread/WARN] [net.minecraft.server.level.ServerLevel/]: Tried to add entity infectious:swat_zombie but it was marked as removed already
[01Feb2026 07:09:43.438] [Server thread/WARN] [net.minecraft.server.level.ServerLevel/]: Tried to add entity infectious:screamer but it was marked as removed already
[01Feb2026 07:09:43.438] [Server thread/WARN] [net.minecraft.server.level.ServerLevel/]: Tried to add entity infectious:screamer but it was marked as removed already
[01Feb2026 07:09:43.438] [Server thread/WARN] [net.minecraft.server.level.ServerLevel/]: Tried to add entity infectious:screamer but it was marked as removed already
[01Feb2026 07:09:43.438] [Server thread/WARN] [net.minecraft.server.level.ServerLevel/]: Tried to add entity infectious:screamer but it was marked as removed already
[01Feb2026 07:09:43.632] [Server thread/WARN] [net.minecraft.server.level.ServerLevel/]: Tried to add entity infectious:chained_zombie but it was marked as removed already
[01Feb2026 07:09:43.632] [Server thread/WARN] [net.minecraft.server.level.ServerLevel/]: Tried to add entity infectious:crawling_zombie but it was marked as removed already
[01Feb2026 07:09:43.633] [Server thread/WARN] [net.minecraft.server.level.ServerLevel/]: Tried to add entity infectious:crawling_zombie but it was marked as removed already
[01Feb2026 07:09:43.633] [Server thread/WARN] [net.minecraft.server.level.ServerLevel/]: Tried to add entity infectious:pool_tube_zombie but it was marked as removed already
[01Feb2026 07:09:43.634] [Server thread/WARN] [net.minecraft.server.level.ServerLevel/]: Tried to add entity infectious:pool_tube_zombie but it was marked as removed already
[01Feb2026 07:09:43.687] [Server thread/WARN] [net.minecraft.server.level.ServerLevel/]: Tried to add entity infectious:zombie_runner but it was marked as removed already
[01Feb2026 07:09:43.733] [Server thread/WARN] [net.minecraft.server.level.ServerLevel/]: Tried to add entity infectious:zombie_warrior but it was marked as removed already
[01Feb2026 07:09:43.734] [Server thread/WARN] [net.minecraft.server.level.ServerLevel/]: Tried to add entity infectious:spore_zombie but it was marked as removed already
[01Feb2026 07:09:43.734] [Server thread/WARN] [net.minecraft.server.level.ServerLevel/]: Tried to add entity infectious:spore_zombie but it was marked as removed already
[01Feb2026 07:09:43.734] [Server thread/WARN] [net.minecraft.server.level.ServerLevel/]: Tried to add entity infectious:spore_zombie but it was marked as removed already
[01Feb2026 07:09:44.246] [Server thread/WARN] [net.minecraft.server.level.ServerLevel/]: Tried to add entity infectious:zombie_lumberjack but it was marked as removed already
[01Feb2026 07:09:44.246] [Server thread/WARN] [net.minecraft.server.level.ServerLevel/]: Tried to add entity infectious:zombie_lumberjack but it was marked as removed already
[01Feb2026 07:09:44.247] [Server thread/WARN] [net.minecraft.server.level.ServerLevel/]: Tried to add entity infectious:zombie but it was marked as removed already
[01Feb2026 07:09:44.247] [Server thread/WARN] [net.minecraft.server.level.ServerLevel/]: Tried to add entity infectious:zombie but it was marked as removed already
[01Feb2026 07:09:44.990] [Server thread/WARN] [net.minecraft.server.level.ServerLevel/]: Tried to add entity infectious:football_player_zombie but it was marked as removed already
[01Feb2026 07:09:45.234] [Server thread/WARN] [net.minecraft.server.level.ServerLevel/]: Tried to add entity infectious:zombie_fisherman but it was marked as removed already
[01Feb2026 07:09:45.285] [Server thread/WARN] [net.minecraft.server.level.ServerLevel/]: Tried to add entity infectious:door_zombie but it was marked as removed already
[01Feb2026 07:09:45.285] [Server thread/WARN] [net.minecraft.server.level.ServerLevel/]: Tried to add entity infectious:door_zombie but it was marked as removed already
[01Feb2026 07:09:45.286] [Server thread/WARN] [net.minecraft.server.level.ServerLevel/]: Tried to add entity infectious:door_zombie but it was marked as removed already
[01Feb2026 07:09:45.432] [Server thread/WARN] [net.minecraft.server.level.ServerLevel/]: Tried to add entity infectious:bodyless_zombie but it was marked as removed already
[01Feb2026 07:09:45.432] [Server thread/WARN] [net.minecraft.server.level.ServerLevel/]: Tried to add entity infectious:bodyless_zombie but it was marked as removed already
[01Feb2026 07:09:45.433] [Server thread/WARN] [net.minecraft.server.level.ServerLevel/]: Tried to add entity infectious:bodyless_zombie but it was marked as removed already
[01Feb2026 07:09:45.433] [Server thread/WARN] [net.minecraft.server.level.ServerLevel/]: Tried to add entity infectious:bodyless_zombie but it was marked as removed already
[01Feb2026 07:09:45.583] [Server thread/WARN] [net.minecraft.server.level.ServerLevel/]: Tried to add entity infectious:franklin_zombie but it was marked as removed already
[01Feb2026 07:09:45.689] [Server thread/WARN] [net.minecraft.server.level.ServerLevel/]: Tried to add entity infectious:maggot_zombie but it was marked as removed already
[01Feb2026 07:09:45.834] [Server thread/WARN] [net.minecraft.server.level.ServerLevel/]: Tried to add entity infectious:zombie but it was marked as removed already
[01Feb2026 07:09:45.834] [Server thread/WARN] [net.minecraft.server.level.ServerLevel/]: Tried to add entity infectious:zombie but it was marked as removed already
[01Feb2026 07:09:45.834] [Server thread/WARN] [net.minecraft.server.level.ServerLevel/]: Tried to add entity infectious:acid_zombie but it was marked as removed already
[01Feb2026 07:09:47.112] [Server thread/WARN] [net.minecraft.server.level.ServerLevel/]: Tried to add entity infectious:zombie_fisherman but it was marked as removed already
[01Feb2026 07:09:47.236] [Server thread/WARN] [net.minecraft.server.level.ServerLevel/]: Tried to add entity infectious:headless_zombie but it was marked as removed already
[01Feb2026 07:09:47.237] [Server thread/WARN] [net.minecraft.server.level.ServerLevel/]: Tried to add entity infectious:headless_zombie but it was marked as removed already
[01Feb2026 07:09:47.237] [Server thread/WARN] [net.minecraft.server.level.ServerLevel/]: Tried to add entity infectious:big_zombie but it was marked as removed already
[01Feb2026 07:09:47.596] [Server thread/WARN] [net.minecraft.server.level.ServerLevel/]: Tried to add entity infectious:crawling_zombie but it was marked as removed already
[01Feb2026 07:09:47.597] [Server thread/WARN] [net.minecraft.server.level.ServerLevel/]: Tried to add entity infectious:crawling_zombie but it was marked as removed already
[01Feb2026 07:09:47.598] [Server thread/WARN] [net.minecraft.server.level.ServerLevel/]: Tried to add entity infectious:claw_zombie but it was marked as removed already
[01Feb2026 07:09:47.598] [Server thread/WARN] [net.minecraft.server.level.ServerLevel/]: Tried to add entity infectious:claw_zombie but it was marked as removed already
[01Feb2026 07:09:48.582] [Server thread/WARN] [net.minecraft.server.level.ServerLevel/]: Tried to add entity infectious:zombie_runner but it was marked as removed already
[01Feb2026 07:09:48.583] [Server thread/WARN] [net.minecraft.server.level.ServerLevel/]: Tried to add entity infectious:zombie_runner but it was marked as removed already
[01Feb2026 07:09:49.539] [Server thread/WARN] [net.minecraft.server.level.ServerLevel/]: Tried to add entity infectious:iron_door_zombie but it was marked as removed already
[01Feb2026 07:10:42.453] [Server thread/WARN] [net.minecraft.server.level.ServerLevel/]: Tried to add entity infectious:zombified_wolf but it was marked as removed already
[01Feb2026 07:10:43.333] [Server thread/WARN] [net.minecraft.server.level.ServerLevel/]: Tried to add entity infectious:zombie_girl but it was marked as removed already
[01Feb2026 07:10:43.334] [Server thread/WARN] [net.minecraft.server.level.ServerLevel/]: Tried to add entity infectious:zombie_girl but it was marked as removed already
[01Feb2026 07:10:43.334] [Server thread/WARN] [net.minecraft.server.level.ServerLevel/]: Tried to add entity infectious:door_zombie but it was marked as removed already
[01Feb2026 07:10:43.334] [Server thread/WARN] [net.minecraft.server.level.ServerLevel/]: Tried to add entity infectious:door_zombie but it was marked as removed already
[01Feb2026 07:10:46.366] [Server thread/WARN] [net.minecraft.server.level.ServerLevel/]: Tried to add entity infectious:chained_zombie but it was marked as removed already
[01Feb2026 07:10:46.470] [Server thread/WARN] [net.minecraft.server.level.ServerLevel/]: Tried to add entity infectious:zombie but it was marked as removed already
[01Feb2026 07:10:46.471] [Server thread/WARN] [net.minecraft.server.level.ServerLevel/]: Tried to add entity infectious:zombie but it was marked as removed already
[01Feb2026 07:10:46.471] [Server thread/WARN] [net.minecraft.server.level.ServerLevel/]: Tried to add entity infectious:zombie_bomber but it was marked as removed already
[01Feb2026 07:10:46.945] [Server thread/WARN] [net.minecraft.server.level.ServerLevel/]: Tried to add entity infectious:infectious_zombie but it was marked as removed already
[01Feb2026 07:10:46.945] [Server thread/WARN] [net.minecraft.server.level.ServerLevel/]: Tried to add entity infectious:infectious_zombie but it was marked as removed already
[01Feb2026 07:10:46.946] [Server thread/WARN] [net.minecraft.server.level.ServerLevel/]: Tried to add entity infectious:infectious_zombie but it was marked as removed already
[01Feb2026 07:10:46.947] [Server thread/WARN] [net.minecraft.server.level.ServerLevel/]: Tried to add entity infectious:zombie but it was marked as removed already
[01Feb2026 07:10:46.947] [Server thread/WARN] [net.minecraft.server.level.ServerLevel/]: Tried to add entity infectious:zombie but it was marked as removed already
[01Feb2026 07:10:46.947] [Server thread/WARN] [net.minecraft.server.level.ServerLevel/]: Tried to add entity infectious:zombie but it was marked as removed already
[01Feb2026 07:10:47.795] [Server thread/WARN] [net.minecraft.server.level.ServerLevel/]: Tried to add entity infectious:zombie_lumberjack but it was marked as removed already
[01Feb2026 07:10:47.988] [Server thread/WARN] [net.minecraft.server.level.ServerLevel/]: Tried to add entity infectious:security_zombie but it was marked as removed already
[01Feb2026 07:10:47.988] [Server thread/WARN] [net.minecraft.server.level.ServerLevel/]: Tried to add entity infectious:security_zombie but it was marked as removed already
[01Feb2026 07:10:47.988] [Server thread/WARN] [net.minecraft.server.level.ServerLevel/]: Tried to add entity infectious:security_zombie but it was marked as removed already
[01Feb2026 07:10:47.989] [Server thread/WARN] [net.minecraft.server.level.ServerLevel/]: Tried to add entity infectious:security_zombie but it was marked as removed already
[01Feb2026 07:10:48.143] [Server thread/WARN] [net.minecraft.server.level.ServerLevel/]: Tried to add entity infectious:zombie_painter but it was marked as removed already
[01Feb2026 07:10:48.144] [Server thread/WARN] [net.minecraft.server.level.ServerLevel/]: Tried to add entity infectious:zombie_painter but it was marked as removed already
[01Feb2026 07:10:48.144] [Server thread/WARN] [net.minecraft.server.level.ServerLevel/]: Tried to add entity infectious:zombie_painter but it was marked as removed already
[01Feb2026 07:10:48.144] [Server thread/WARN] [net.minecraft.server.level.ServerLevel/]: Tried to add entity infectious:fire_fighter_zombie but it was marked as removed already
[01Feb2026 07:10:48.583] [Server thread/WARN] [net.minecraft.server.level.ServerLevel/]: Tried to add entity infectious:brain_zombie but it was marked as removed already
[01Feb2026 07:10:49.347] [Server thread/WARN] [net.minecraft.server.level.ServerLevel/]: Tried to add entity infectious:zombie_horseman but it was marked as removed already
[01Feb2026 07:10:49.443] [Server thread/WARN] [net.minecraft.server.level.ServerLevel/]: Tried to add entity infectious:disco_zombie but it was marked as removed already
[01Feb2026 07:10:49.839] [Server thread/WARN] [net.minecraft.server.level.ServerLevel/]: Tried to add entity infectious:fat_zombie but it was marked as removed already
[01Feb2026 07:10:49.839] [Server thread/WARN] [net.minecraft.server.level.ServerLevel/]: Tried to add entity infectious:fat_zombie but it was marked as removed already
[01Feb2026 07:10:49.840] [Server thread/WARN] [net.minecraft.server.level.ServerLevel/]: Tried to add entity infectious:fat_zombie but it was marked as removed already
[01Feb2026 07:10:49.840] [Server thread/WARN] [net.minecraft.server.level.ServerLevel/]: Tried to add entity infectious:fat_zombie but it was marked as removed already
[01Feb2026 07:10:49.889] [Server thread/WARN] [net.minecraft.server.level.ServerLevel/]: Tried to add entity infectious:zombie but it was marked as removed already
[01Feb2026 07:10:49.950] [Server thread/WARN] [net.minecraft.server.level.ServerLevel/]: Tried to add entity infectious:infectious_zombie but it was marked as removed already
[01Feb2026 07:10:49.950] [Server thread/WARN] [net.minecraft.server.level.ServerLevel/]: Tried to add entity infectious:zombie_agent but it was marked as removed already
[01Feb2026 07:10:49.951] [Server thread/WARN] [net.minecraft.server.level.ServerLevel/]: Tried to add entity infectious:zombie_agent but it was marked as removed already
[01Feb2026 07:10:49.951] [Server thread/WARN] [net.minecraft.server.level.ServerLevel/]: Tried to add entity infectious:old_zombie but it was marked as removed already
[01Feb2026 07:10:49.952] [Server thread/WARN] [net.minecraft.server.level.ServerLevel/]: Tried to add entity infectious:old_zombie but it was marked as removed already
[01Feb2026 07:10:49.952] [Server thread/WARN] [net.minecraft.server.level.ServerLevel/]: Tried to add entity infectious:zombified_wolf but it was marked as removed already
[01Feb2026 07:10:49.952] [Server thread/WARN] [net.minecraft.server.level.ServerLevel/]: Tried to add entity infectious:zombified_wolf but it was marked as removed already
[01Feb2026 07:10:50.437] [Server thread/WARN] [net.minecraft.server.level.ServerLevel/]: Tried to add entity infectious:disco_zombie but it was marked as removed already
[01Feb2026 07:10:50.437] [Server thread/WARN] [net.minecraft.server.level.ServerLevel/]: Tried to add entity infectious:zombie_police but it was marked as removed already
[01Feb2026 07:10:50.437] [Server thread/WARN] [net.minecraft.server.level.ServerLevel/]: Tried to add entity infectious:zombie_police but it was marked as removed already
[01Feb2026 07:10:50.437] [Server thread/WARN] [net.minecraft.server.level.ServerLevel/]: Tried to add entity infectious:zombie_police but it was marked as removed already
[01Feb2026 07:10:50.495] [Server thread/WARN] [net.minecraft.server.level.ServerLevel/]: Tried to add entity infectious:zombie but it was marked as removed already
[01Feb2026 07:10:50.658] [Server thread/WARN] [net.minecraft.server.level.ServerLevel/]: Tried to add entity infectious:zombie_girl but it was marked as removed already
[01Feb2026 07:10:52.297] [Server thread/WARN] [net.minecraft.server.level.ServerLevel/]: Tried to add entity infectious:zombie_fisherman but it was marked as removed already
[01Feb2026 07:10:52.356] [Server thread/WARN] [net.minecraft.server.level.ServerLevel/]: Tried to add entity infectious:zombie_boxer but it was marked as removed already
[01Feb2026 07:10:52.357] [Server thread/WARN] [net.minecraft.server.level.ServerLevel/]: Tried to add entity infectious:zombie_lumberjack but it was marked as removed already
[01Feb2026 07:10:52.357] [Server thread/WARN] [net.minecraft.server.level.ServerLevel/]: Tried to add entity infectious:zombie_lumberjack but it was marked as removed already
[01Feb2026 07:10:52.448] [Server thread/WARN] [net.minecraft.server.level.ServerLevel/]: Tried to add entity infectious:zombie_doctor but it was marked as removed already
[01Feb2026 07:10:52.473] [Server thread/WARN] [net.minecraft.server.level.ServerLevel/]: Tried to add entity infectious:crawling_zombie but it was marked as removed already
[01Feb2026 07:10:52.473] [Server thread/WARN] [net.minecraft.server.level.ServerLevel/]: Tried to add entity infectious:crawling_zombie but it was marked as removed already
[01Feb2026 07:10:52.473] [Server thread/WARN] [net.minecraft.server.level.ServerLevel/]: Tried to add entity infectious:big_zombie but it was marked as removed already
[01Feb2026 07:10:52.649] [Server thread/WARN] [net.minecraft.server.level.ServerLevel/]: Tried to add entity infectious:zombified_boar but it was marked as removed already
[01Feb2026 07:10:52.650] [Server thread/WARN] [net.minecraft.server.level.ServerLevel/]: Tried to add entity infectious:zombified_boar but it was marked as removed already
[01Feb2026 07:10:52.650] [Server thread/WARN] [net.minecraft.server.level.ServerLevel/]: Tried to add entity infectious:zombified_boar but it was marked as removed already
[01Feb2026 07:10:52.806] [Server thread/WARN] [net.minecraft.server.level.ServerLevel/]: Tried to add entity infectious:bucket_zombie but it was marked as removed already
[01Feb2026 07:10:52.809] [Server thread/WARN] [net.minecraft.server.level.ServerLevel/]: Tried to add entity infectious:bucket_zombie but it was marked as removed already
[01Feb2026 07:10:52.809] [Server thread/WARN] [net.minecraft.server.level.ServerLevel/]: Tried to add entity infectious:fat_zombie but it was marked as removed already
[01Feb2026 07:10:53.360] [Server thread/WARN] [net.minecraft.server.level.ServerLevel/]: Tried to add entity infectious:infectious_zombie but it was marked as removed already
[01Feb2026 07:10:59.229] [Server thread/DEBUG] [xaero.pac.OpenPartiesAndClaims/]: Saving player configs...
[01Feb2026 07:14:19.179] [Server thread/DEBUG] [xaero.pac.OpenPartiesAndClaims/]: Saving parties...
[01Feb2026 07:14:19.180] [Server thread/DEBUG] [xaero.pac.OpenPartiesAndClaims/]: Saving server info!
[01Feb2026 07:14:35.678] [Server thread/DEBUG] [net.minecraftforge.common.ForgeHooks/WP]: Gathering id map for writing to world save world
[01Feb2026 07:14:35.685] [Server thread/DEBUG] [net.minecraftforge.common.ForgeHooks/WP]: ID Map collection complete world
[01Feb2026 07:16:15.052] [Server thread/DEBUG] [clumps/]: Loaded com.blamejared.clumps.platform.ForgeEventHandler@50a1c903 for service interface com.blamejared.clumps.platform.IEventHelper
[01Feb2026 07:16:15.053] [Server thread/DEBUG] [clumps/]: Loaded com.blamejared.clumps.platform.ForgePlatformHelper@2e4fb4b1 for service interface com.blamejared.clumps.platform.IPlatformHelper
[01Feb2026 07:17:12.485] [Server thread/INFO] [net.minecraft.server.MinecraftServer/]: Aureyaza has made the advancement [Super Container]
[01Feb2026 07:17:39.329] [Server thread/DEBUG] [xaero.pac.OpenPartiesAndClaims/]: Saving claims!
[01Feb2026 07:18:09.885] [Server thread/WARN] [net.minecraft.server.level.ServerLevel/]: Tried to add entity infectious:swat_zombie but it was marked as removed already
[01Feb2026 07:18:10.235] [Server thread/WARN] [net.minecraft.server.level.ServerLevel/]: Tried to add entity infectious:beehive_zombie but it was marked as removed already
[01Feb2026 07:18:10.289] [Server thread/WARN] [net.minecraft.server.level.ServerLevel/]: Tried to add entity infectious:old_zombie but it was marked as removed already
[01Feb2026 07:18:10.290] [Server thread/WARN] [net.minecraft.server.level.ServerLevel/]: Tried to add entity infectious:zombified_bear but it was marked as removed already
[01Feb2026 07:18:10.387] [Server thread/WARN] [net.minecraft.server.level.ServerLevel/]: Tried to add entity infectious:armless_zombie but it was marked as removed already
[01Feb2026 07:18:10.387] [Server thread/WARN] [net.minecraft.server.level.ServerLevel/]: Tried to add entity infectious:armless_zombie but it was marked as removed already
[01Feb2026 07:18:10.387] [Server thread/WARN] [net.minecraft.server.level.ServerLevel/]: Tried to add entity infectious:iron_door_zombie but it was marked as removed already
[01Feb2026 07:18:10.436] [Server thread/WARN] [net.minecraft.server.level.ServerLevel/]: Tried to add entity infectious:zombie_girl but it was marked as removed already
[01Feb2026 07:18:12.084] [Server thread/WARN] [net.minecraft.server.level.ServerLevel/]: Tried to add entity infectious:sleepy_zombie but it was marked as removed already
[01Feb2026 07:18:12.436] [Server thread/WARN] [net.minecraft.server.level.ServerLevel/]: Tried to add entity infectious:zombified_bear but it was marked as removed already
[01Feb2026 07:18:12.436] [Server thread/WARN] [net.minecraft.server.level.ServerLevel/]: Tried to add entity infectious:zombified_bear but it was marked as removed already
[01Feb2026 07:18:24.134] [Server thread/WARN] [net.minecraft.server.level.ServerLevel/]: Tried to add entity infectious:zombie_prisoner but it was marked as removed already
[01Feb2026 07:18:24.134] [Server thread/WARN] [net.minecraft.server.level.ServerLevel/]: Tried to add entity infectious:zombie_prisoner but it was marked as removed already
[01Feb2026 07:18:24.134] [Server thread/WARN] [net.minecraft.server.level.ServerLevel/]: Tried to add entity infectious:spore_zombie but it was marked as removed already
[01Feb2026 07:18:24.135] [Server thread/WARN] [net.minecraft.server.level.ServerLevel/]: Tried to add entity infectious:spore_zombie but it was marked as removed already
[01Feb2026 07:18:24.771] [Server thread/WARN] [net.minecraft.server.level.ServerLevel/]: Tried to add entity infectious:zombified_boar but it was marked as removed already
[01Feb2026 07:18:24.771] [Server thread/WARN] [net.minecraft.server.level.ServerLevel/]: Tried to add entity infectious:zombified_boar but it was marked as removed already
[01Feb2026 07:18:24.771] [Server thread/WARN] [net.minecraft.server.level.ServerLevel/]: Tried to add entity infectious:zombified_boar but it was marked as removed already
[01Feb2026 07:18:24.883] [Server thread/WARN] [net.minecraft.server.level.ServerLevel/]: Tried to add entity infectious:screamer but it was marked as removed already
[01Feb2026 07:18:24.884] [Server thread/WARN] [net.minecraft.server.level.ServerLevel/]: Tried to add entity infectious:screamer but it was marked as removed already
[01Feb2026 07:18:24.884] [Server thread/WARN] [net.minecraft.server.level.ServerLevel/]: Tried to add entity infectious:screamer but it was marked as removed already
[01Feb2026 07:18:24.884] [Server thread/WARN] [net.minecraft.server.level.ServerLevel/]: Tried to add entity infectious:screamer but it was marked as removed already
[01Feb2026 07:18:26.137] [Server thread/WARN] [net.minecraft.server.level.ServerLevel/]: Tried to add entity infectious:zombie_runner but it was marked as removed already
[01Feb2026 07:18:26.138] [Server thread/WARN] [net.minecraft.server.level.ServerLevel/]: Tried to add entity infectious:zombie_runner but it was marked as removed already
[01Feb2026 07:18:26.138] [Server thread/WARN] [net.minecraft.server.level.ServerLevel/]: Tried to add entity infectious:burned_zombie but it was marked as removed already
[01Feb2026 07:18:26.139] [Server thread/WARN] [net.minecraft.server.level.ServerLevel/]: Tried to add entity infectious:burned_zombie but it was marked as removed already
[01Feb2026 07:18:47.885] [Server thread/WARN] [net.minecraft.server.level.ServerLevel/]: Tried to add entity infectious:zombie_boxer but it was marked as removed already
[01Feb2026 07:18:47.886] [Server thread/WARN] [net.minecraft.server.level.ServerLevel/]: Tried to add entity infectious:zombified_bird but it was marked as removed already
[01Feb2026 07:18:51.984] [Server thread/WARN] [net.minecraft.server.level.ServerLevel/]: Tried to add entity infectious:baseball_bat_zombie but it was marked as removed already
[01Feb2026 07:18:52.084] [Server thread/WARN] [net.minecraft.server.level.ServerLevel/]: Tried to add entity infectious:zombie_agent but it was marked as removed already
[01Feb2026 07:18:52.084] [Server thread/WARN] [net.minecraft.server.level.ServerLevel/]: Tried to add entity infectious:zombie_agent but it was marked as removed already
[01Feb2026 07:18:52.084] [Server thread/WARN] [net.minecraft.server.level.ServerLevel/]: Tried to add entity infectious:zombie_agent but it was marked as removed already
[01Feb2026 07:18:52.084] [Server thread/WARN] [net.minecraft.server.level.ServerLevel/]: Tried to add entity infectious:zombie_agent but it was marked as removed already
[01Feb2026 07:18:52.135] [Server thread/WARN] [net.minecraft.server.level.ServerLevel/]: Tried to add entity infectious:old_zombie but it was marked as removed already
[01Feb2026 07:18:52.136] [Server thread/WARN] [net.minecraft.server.level.ServerLevel/]: Tried to add entity infectious:old_zombie but it was marked as removed already
[01Feb2026 07:18:52.136] [Server thread/WARN] [net.minecraft.server.level.ServerLevel/]: Tried to add entity infectious:football_player_zombie but it was marked as removed already
[01Feb2026 07:18:52.136] [Server thread/WARN] [net.minecraft.server.level.ServerLevel/]: Tried to add entity infectious:football_player_zombie but it was marked as removed already
[01Feb2026 07:18:52.186] [Server thread/WARN] [net.minecraft.server.level.ServerLevel/]: Tried to add entity infectious:zombie_doctor but it was marked as removed already
[01Feb2026 07:18:52.186] [Server thread/WARN] [net.minecraft.server.level.ServerLevel/]: Tried to add entity infectious:zombie_doctor but it was marked as removed already
[01Feb2026 07:18:52.186] [Server thread/WARN] [net.minecraft.server.level.ServerLevel/]: Tried to add entity infectious:zombie_scientist but it was marked as removed already
[01Feb2026 07:18:52.187] [Server thread/WARN] [net.minecraft.server.level.ServerLevel/]: Tried to add entity infectious:firework_zombie but it was marked as removed already
[01Feb2026 07:18:56.784] [Server thread/WARN] [net.minecraft.server.level.ServerLevel/]: Tried to add entity infectious:zombified_bird but it was marked as removed already
[01Feb2026 07:18:56.784] [Server thread/WARN] [net.minecraft.server.level.ServerLevel/]: Tried to add entity infectious:zombified_bird but it was marked as removed already
[01Feb2026 07:18:56.784] [Server thread/WARN] [net.minecraft.server.level.ServerLevel/]: Tried to add entity infectious:zombified_bird but it was marked as removed already
[01Feb2026 07:18:56.834] [Server thread/WARN] [net.minecraft.server.level.ServerLevel/]: Tried to add entity infectious:construction_worker_zombie but it was marked as removed already
[01Feb2026 07:18:56.885] [Server thread/WARN] [net.minecraft.server.level.ServerLevel/]: Tried to add entity infectious:fire_fighter_zombie but it was marked as removed already
[01Feb2026 07:18:56.885] [Server thread/WARN] [net.minecraft.server.level.ServerLevel/]: Tried to add entity infectious:zombie_painter but it was marked as removed already
[01Feb2026 07:18:56.885] [Server thread/WARN] [net.minecraft.server.level.ServerLevel/]: Tried to add entity infectious:zombie_painter but it was marked as removed already
[01Feb2026 07:18:56.886] [Server thread/WARN] [net.minecraft.server.level.ServerLevel/]: Tried to add entity infectious:zombie_painter but it was marked as removed already
[01Feb2026 07:18:57.083] [Server thread/WARN] [net.minecraft.server.level.ServerLevel/]: Tried to add entity infectious:chained_zombie but it was marked as removed already
[01Feb2026 07:19:35.676] [Server thread/DEBUG] [net.minecraftforge.common.ForgeHooks/WP]: Gathering id map for writing to world save world
[01Feb2026 07:19:35.683] [Server thread/DEBUG] [net.minecraftforge.common.ForgeHooks/WP]: ID Map collection complete world
[01Feb2026 07:19:44.595] [Server thread/INFO] [net.minecraft.server.MinecraftServer/]: Aureyaza has made the advancement [Physics Excalibur]
[01Feb2026 07:20:59.279] [Server thread/DEBUG] [xaero.pac.OpenPartiesAndClaims/]: Saving player configs...
[01Feb2026 07:22:34.416] [Server thread/INFO] [net.minecraft.server.MinecraftServer/]: Aureyaza was killed
[01Feb2026 07:22:34.418] [Server thread/INFO] [net.minecraft.server.MinecraftServer/]: [Aureyaza: Killed Aureyaza]
[01Feb2026 07:22:37.293] [Server thread/DEBUG] [tacz/SYNC_BASE_TIMESTAMP]: Update server base timestamp: 1769930557292
[01Feb2026 07:24:01.218] [Server thread/DEBUG] [mixin/]: Mixing PlayerEntityBedSleepingMessageMixin from undeadnights.mixins.json into net.minecraft.world.entity.player.Player$BedSleepingProblem
[01Feb2026 07:24:19.229] [Server thread/DEBUG] [xaero.pac.OpenPartiesAndClaims/]: Saving parties...
[01Feb2026 07:24:19.230] [Server thread/DEBUG] [xaero.pac.OpenPartiesAndClaims/]: Saving server info!
[01Feb2026 07:24:35.677] [Server thread/DEBUG] [net.minecraftforge.common.ForgeHooks/WP]: Gathering id map for writing to world save world
[01Feb2026 07:24:35.683] [Server thread/DEBUG] [net.minecraftforge.common.ForgeHooks/WP]: ID Map collection complete world
[01Feb2026 07:27:39.379] [Server thread/DEBUG] [xaero.pac.OpenPartiesAndClaims/]: Saving claims!
[01Feb2026 07:29:35.682] [Server thread/DEBUG] [net.minecraftforge.common.ForgeHooks/WP]: Gathering id map for writing to world save world
[01Feb2026 07:29:35.688] [Server thread/DEBUG] [net.minecraftforge.common.ForgeHooks/WP]: ID Map collection complete world
[01Feb2026 07:30:04.332] [Server thread/WARN] [net.minecraft.server.level.ServerLevel/]: Tried to add entity infectious:old_zombie but it was marked as removed already
[01Feb2026 07:30:04.333] [Server thread/WARN] [net.minecraft.server.level.ServerLevel/]: Tried to add entity infectious:old_zombie but it was marked as removed already
[01Feb2026 07:30:04.333] [Server thread/WARN] [net.minecraft.server.level.ServerLevel/]: Tried to add entity infectious:old_zombie but it was marked as removed already
[01Feb2026 07:30:04.483] [Server thread/WARN] [net.minecraft.server.level.ServerLevel/]: Tried to add entity infectious:bouncer_zombie but it was marked as removed already
[01Feb2026 07:30:04.582] [Server thread/WARN] [net.minecraft.server.level.ServerLevel/]: Tried to add entity infectious:infectious_zombie but it was marked as removed already
[01Feb2026 07:30:04.583] [Server thread/WARN] [net.minecraft.server.level.ServerLevel/]: Tried to add entity infectious:infectious_zombie but it was marked as removed already
[01Feb2026 07:30:05.834] [Server thread/WARN] [net.minecraft.server.level.ServerLevel/]: Tried to add entity infectious:construction_worker_zombie but it was marked as removed already
[01Feb2026 07:30:05.834] [Server thread/WARN] [net.minecraft.server.level.ServerLevel/]: Tried to add entity infectious:construction_worker_zombie but it was marked as removed already
[01Feb2026 07:30:11.784] [Server thread/WARN] [net.minecraft.server.level.ServerLevel/]: Tried to add entity infectious:hazmat_zombie but it was marked as removed already
[01Feb2026 07:30:14.585] [Server thread/WARN] [net.minecraft.server.level.ServerLevel/]: Tried to add entity infectious:iron_door_zombie but it was marked as removed already
[01Feb2026 07:30:14.585] [Server thread/WARN] [net.minecraft.server.level.ServerLevel/]: Tried to add entity infectious:bouncer_zombie but it was marked as removed already
[01Feb2026 07:30:14.585] [Server thread/WARN] [net.minecraft.server.level.ServerLevel/]: Tried to add entity infectious:bouncer_zombie but it was marked as removed already
[01Feb2026 07:30:14.586] [Server thread/WARN] [net.minecraft.server.level.ServerLevel/]: Tried to add entity infectious:bouncer_zombie but it was marked as removed already
[01Feb2026 07:30:17.039] [Server thread/WARN] [net.minecraft.server.level.ServerLevel/]: Tried to add entity infectious:door_zombie but it was marked as removed already
[01Feb2026 07:30:17.040] [Server thread/WARN] [net.minecraft.server.level.ServerLevel/]: Tried to add entity infectious:door_zombie but it was marked as removed already
[01Feb2026 07:30:17.040] [Server thread/WARN] [net.minecraft.server.level.ServerLevel/]: Tried to add entity infectious:door_zombie but it was marked as removed already
[01Feb2026 07:30:17.386] [Server thread/WARN] [net.minecraft.server.level.ServerLevel/]: Tried to add entity infectious:zombie_cook but it was marked as removed already
[01Feb2026 07:30:17.386] [Server thread/WARN] [net.minecraft.server.level.ServerLevel/]: Tried to add entity infectious:zombie_cook but it was marked as removed already
[01Feb2026 07:30:17.386] [Server thread/WARN] [net.minecraft.server.level.ServerLevel/]: Tried to add entity infectious:pool_tube_zombie but it was marked as removed already
[01Feb2026 07:30:17.386] [Server thread/WARN] [net.minecraft.server.level.ServerLevel/]: Tried to add entity infectious:pool_tube_zombie but it was marked as removed already
[01Feb2026 07:30:17.640] [Server thread/WARN] [net.minecraft.server.level.ServerLevel/]: Tried to add entity infectious:zombie but it was marked as removed already
[01Feb2026 07:30:17.641] [Server thread/WARN] [net.minecraft.server.level.ServerLevel/]: Tried to add entity infectious:zombie but it was marked as removed already
[01Feb2026 07:30:17.641] [Server thread/WARN] [net.minecraft.server.level.ServerLevel/]: Tried to add entity infectious:zombie but it was marked as removed already
[01Feb2026 07:30:17.641] [Server thread/WARN] [net.minecraft.server.level.ServerLevel/]: Tried to add entity infectious:zombie_police but it was marked as removed already
[01Feb2026 07:30:17.751] [Server thread/WARN] [net.minecraft.server.level.ServerLevel/]: Tried to add entity infectious:crawling_zombie but it was marked as removed already
[01Feb2026 07:30:17.752] [Server thread/WARN] [net.minecraft.server.level.ServerLevel/]: Tried to add entity infectious:security_zombie but it was marked as removed already
[01Feb2026 07:30:17.752] [Server thread/WARN] [net.minecraft.server.level.ServerLevel/]: Tried to add entity infectious:security_zombie but it was marked as removed already
[01Feb2026 07:30:17.752] [Server thread/WARN] [net.minecraft.server.level.ServerLevel/]: Tried to add entity infectious:security_zombie but it was marked as removed already
[01Feb2026 07:30:17.889] [Server thread/WARN] [net.minecraft.server.level.ServerLevel/]: Tried to add entity infectious:pool_tube_zombie but it was marked as removed already
[01Feb2026 07:30:17.890] [Server thread/WARN] [net.minecraft.server.level.ServerLevel/]: Tried to add entity infectious:pool_tube_zombie but it was marked as removed already
[01Feb2026 07:30:18.008] [Server thread/WARN] [net.minecraft.server.level.ServerLevel/]: Tried to add entity infectious:swat_zombie but it was marked as removed already
[01Feb2026 07:30:18.009] [Server thread/WARN] [net.minecraft.server.level.ServerLevel/]: Tried to add entity infectious:swat_zombie but it was marked as removed already
[01Feb2026 07:30:18.009] [Server thread/WARN] [net.minecraft.server.level.ServerLevel/]: Tried to add entity infectious:swat_zombie but it was marked as removed already
[01Feb2026 07:30:18.068] [Server thread/WARN] [net.minecraft.server.level.ServerLevel/]: Tried to add entity infectious:zombie_spiter but it was marked as removed already
[01Feb2026 07:30:18.101] [Server thread/WARN] [net.minecraft.server.level.ServerLevel/]: Tried to add entity infectious:fat_zombie but it was marked as removed already
[01Feb2026 07:30:18.102] [Server thread/WARN] [net.minecraft.server.level.ServerLevel/]: Tried to add entity infectious:fat_zombie but it was marked as removed already
[01Feb2026 07:30:18.144] [Server thread/WARN] [net.minecraft.server.level.ServerLevel/]: Tried to add entity infectious:bodyless_zombie but it was marked as removed already
[01Feb2026 07:30:18.192] [Server thread/WARN] [net.minecraft.server.level.ServerLevel/]: Tried to add entity infectious:security_zombie but it was marked as removed already
[01Feb2026 07:30:18.193] [Server thread/WARN] [net.minecraft.server.level.ServerLevel/]: Tried to add entity infectious:security_zombie but it was marked as removed already
[01Feb2026 07:30:18.193] [Server thread/WARN] [net.minecraft.server.level.ServerLevel/]: Tried to add entity infectious:security_zombie but it was marked as removed already
[01Feb2026 07:30:18.193] [Server thread/WARN] [net.minecraft.server.level.ServerLevel/]: Tried to add entity infectious:old_zombie but it was marked as removed already
[01Feb2026 07:30:18.302] [Server thread/WARN] [net.minecraft.server.level.ServerLevel/]: Tried to add entity infectious:old_zombie but it was marked as removed already
[01Feb2026 07:30:18.303] [Server thread/WARN] [net.minecraft.server.level.ServerLevel/]: Tried to add entity infectious:old_zombie but it was marked as removed already
[01Feb2026 07:30:18.303] [Server thread/WARN] [net.minecraft.server.level.ServerLevel/]: Tried to add entity infectious:old_zombie but it was marked as removed already
[01Feb2026 07:30:18.303] [Server thread/WARN] [net.minecraft.server.level.ServerLevel/]: Tried to add entity infectious:fire_fighter_zombie but it was marked as removed already
[01Feb2026 07:30:18.352] [Server thread/WARN] [net.minecraft.server.level.ServerLevel/]: Tried to add entity infectious:headless_zombie but it was marked as removed already
[01Feb2026 07:30:18.352] [Server thread/WARN] [net.minecraft.server.level.ServerLevel/]: Tried to add entity infectious:headless_zombie but it was marked as removed already
[01Feb2026 07:30:18.352] [Server thread/WARN] [net.minecraft.server.level.ServerLevel/]: Tried to add entity infectious:headless_zombie but it was marked as removed already
[01Feb2026 07:30:18.353] [Server thread/WARN] [net.minecraft.server.level.ServerLevel/]: Tried to add entity infectious:brain_zombie but it was marked as removed already
[01Feb2026 07:30:18.405] [Server thread/WARN] [net.minecraft.server.level.ServerLevel/]: Tried to add entity infectious:brain_zombie but it was marked as removed already
[01Feb2026 07:30:18.406] [Server thread/WARN] [net.minecraft.server.level.ServerLevel/]: Tried to add entity infectious:brain_zombie but it was marked as removed already
[01Feb2026 07:30:18.406] [Server thread/WARN] [net.minecraft.server.level.ServerLevel/]: Tried to add entity infectious:brain_zombie but it was marked as removed already
[01Feb2026 07:30:18.406] [Server thread/WARN] [net.minecraft.server.level.ServerLevel/]: Tried to add entity infectious:brain_zombie but it was marked as removed already
[01Feb2026 07:30:18.438] [Server thread/WARN] [net.minecraft.server.level.ServerLevel/]: Tried to add entity infectious:zombie_warrior but it was marked as removed already
[01Feb2026 07:30:18.438] [Server thread/WARN] [net.minecraft.server.level.ServerLevel/]: Tried to add entity infectious:bodyless_zombie but it was marked as removed already
[01Feb2026 07:30:18.537] [Server thread/WARN] [net.minecraft.server.level.ServerLevel/]: Tried to add entity infectious:zombie_police but it was marked as removed already
[01Feb2026 07:30:18.538] [Server thread/WARN] [net.minecraft.server.level.ServerLevel/]: Tried to add entity infectious:zombie_climber but it was marked as removed already
[01Feb2026 07:30:18.538] [Server thread/WARN] [net.minecraft.server.level.ServerLevel/]: Tried to add entity infectious:zombie_climber but it was marked as removed already
[01Feb2026 07:30:18.538] [Server thread/WARN] [net.minecraft.server.level.ServerLevel/]: Tried to add entity infectious:zombie_climber but it was marked as removed already
[01Feb2026 07:30:18.539] [Server thread/WARN] [net.minecraft.server.level.ServerLevel/]: Tried to add entity infectious:burned_zombie but it was marked as removed already
[01Feb2026 07:30:18.539] [Server thread/WARN] [net.minecraft.server.level.ServerLevel/]: Tried to add entity infectious:burned_zombie but it was marked as removed already
[01Feb2026 07:30:18.590] [Server thread/WARN] [net.minecraft.server.level.ServerLevel/]: Tried to add entity infectious:baseball_bat_zombie but it was marked as removed already
[01Feb2026 07:30:18.590] [Server thread/WARN] [net.minecraft.server.level.ServerLevel/]: Tried to add entity infectious:baseball_bat_zombie but it was marked as removed already
[01Feb2026 07:30:18.686] [Server thread/WARN] [net.minecraft.server.level.ServerLevel/]: Tried to add entity infectious:balloon_zombie but it was marked as removed already
[01Feb2026 07:30:25.895] [Server thread/WARN] [net.minecraft.server.level.ServerLevel/]: Tried to add entity infectious:zombie but it was marked as removed already
[01Feb2026 07:30:25.895] [Server thread/WARN] [net.minecraft.server.level.ServerLevel/]: Tried to add entity infectious:zombie but it was marked as removed already
[01Feb2026 07:30:25.895] [Server thread/WARN] [net.minecraft.server.level.ServerLevel/]: Tried to add entity infectious:zombie but it was marked as removed already
[01Feb2026 07:30:25.895] [Server thread/WARN] [net.minecraft.server.level.ServerLevel/]: Tried to add entity infectious:zombie but it was marked as removed already
[01Feb2026 07:30:26.085] [Server thread/WARN] [net.minecraft.server.level.ServerLevel/]: Tried to add entity infectious:zombie_bomber but it was marked as removed already
[01Feb2026 07:30:26.085] [Server thread/WARN] [net.minecraft.server.level.ServerLevel/]: Tried to add entity infectious:zombie_bomber but it was marked as removed already
[01Feb2026 07:30:26.085] [Server thread/WARN] [net.minecraft.server.level.ServerLevel/]: Tried to add entity infectious:zombie_bomber but it was marked as removed already
[01Feb2026 07:30:26.085] [Server thread/WARN] [net.minecraft.server.level.ServerLevel/]: Tried to add entity infectious:zombie_prisoner but it was marked as removed already
[01Feb2026 07:30:26.133] [Server thread/WARN] [net.minecraft.server.level.ServerLevel/]: Tried to add entity infectious:zombie_astronaut but it was marked as removed already
[01Feb2026 07:30:32.184] [Server thread/WARN] [net.minecraft.server.level.ServerLevel/]: Tried to add entity infectious:zombie but it was marked as removed already
[01Feb2026 07:30:32.184] [Server thread/WARN] [net.minecraft.server.level.ServerLevel/]: Tried to add entity infectious:zombie but it was marked as removed already
[01Feb2026 07:30:32.185] [Server thread/WARN] [net.minecraft.server.level.ServerLevel/]: Tried to add entity infectious:zombie but it was marked as removed already
[01Feb2026 07:30:32.185] [Server thread/WARN] [net.minecraft.server.level.ServerLevel/]: Tried to add entity infectious:zombie but it was marked as removed already
[01Feb2026 07:30:37.537] [Server thread/WARN] [net.minecraft.server.level.ServerLevel/]: Tried to add entity infectious:zombie but it was marked as removed already
[01Feb2026 07:30:37.537] [Server thread/WARN] [net.minecraft.server.level.ServerLevel/]: Tried to add entity infectious:zombie but it was marked as removed already
[01Feb2026 07:30:37.537] [Server thread/WARN] [net.minecraft.server.level.ServerLevel/]: Tried to add entity infectious:zombie but it was marked as removed already
[01Feb2026 07:30:37.537] [Server thread/WARN] [net.minecraft.server.level.ServerLevel/]: Tried to add entity infectious:zombie but it was marked as removed already
[01Feb2026 07:30:37.634] [Server thread/WARN] [net.minecraft.server.level.ServerLevel/]: Tried to add entity infectious:zombie_clown but it was marked as removed already
[01Feb2026 07:30:37.635] [Server thread/WARN] [net.minecraft.server.level.ServerLevel/]: Tried to add entity infectious:zombie_clown but it was marked as removed already
[01Feb2026 07:30:37.635] [Server thread/WARN] [net.minecraft.server.level.ServerLevel/]: Tried to add entity infectious:zombie_clown but it was marked as removed already
[01Feb2026 07:30:38.769] [Server thread/WARN] [net.minecraft.server.level.ServerLevel/]: Tried to add entity infectious:infectious_zombie but it was marked as removed already
[01Feb2026 07:30:38.984] [Server thread/WARN] [net.minecraft.server.level.ServerLevel/]: Tried to add entity infectious:bucket_zombie but it was marked as removed already
[01Feb2026 07:30:38.984] [Server thread/WARN] [net.minecraft.server.level.ServerLevel/]: Tried to add entity infectious:bucket_zombie but it was marked as removed already
[01Feb2026 07:30:38.984] [Server thread/WARN] [net.minecraft.server.level.ServerLevel/]: Tried to add entity infectious:zombie_head but it was marked as removed already
[01Feb2026 07:30:38.985] [Server thread/WARN] [net.minecraft.server.level.ServerLevel/]: Tried to add entity infectious:zombie_head but it was marked as removed already
[01Feb2026 07:30:40.937] [Server thread/WARN] [net.minecraft.server.level.ServerLevel/]: Tried to add entity infectious:beehive_zombie but it was marked as removed already
[01Feb2026 07:30:40.938] [Server thread/WARN] [net.minecraft.server.level.ServerLevel/]: Tried to add entity infectious:beehive_zombie but it was marked as removed already
[01Feb2026 07:30:40.938] [Server thread/WARN] [net.minecraft.server.level.ServerLevel/]: Tried to add entity infectious:beehive_zombie but it was marked as removed already
[01Feb2026 07:30:40.938] [Server thread/WARN] [net.minecraft.server.level.ServerLevel/]: Tried to add entity infectious:firework_zombie but it was marked as removed already
[01Feb2026 07:30:40.990] [Server thread/WARN] [net.minecraft.server.level.ServerLevel/]: Tried to add entity infectious:crawling_zombie but it was marked as removed already
[01Feb2026 07:30:41.333] [Server thread/WARN] [net.minecraft.server.level.ServerLevel/]: Tried to add entity infectious:zombie but it was marked as removed already
[01Feb2026 07:30:41.334] [Server thread/WARN] [net.minecraft.server.level.ServerLevel/]: Tried to add entity infectious:zombie but it was marked as removed already
[01Feb2026 07:30:41.334] [Server thread/WARN] [net.minecraft.server.level.ServerLevel/]: Tried to add entity infectious:zombie but it was marked as removed already
[01Feb2026 07:30:41.335] [Server thread/WARN] [net.minecraft.server.level.ServerLevel/]: Tried to add entity infectious:giant_zombie but it was marked as removed already
[01Feb2026 07:30:42.033] [Server thread/WARN] [net.minecraft.server.level.ServerLevel/]: Tried to add entity infectious:zombie_cook but it was marked as removed already
[01Feb2026 07:30:42.033] [Server thread/WARN] [net.minecraft.server.level.ServerLevel/]: Tried to add entity infectious:zombie_cook but it was marked as removed already
[01Feb2026 07:30:42.033] [Server thread/WARN] [net.minecraft.server.level.ServerLevel/]: Tried to add entity infectious:claw_zombie but it was marked as removed already
[01Feb2026 07:30:42.033] [Server thread/WARN] [net.minecraft.server.level.ServerLevel/]: Tried to add entity infectious:claw_zombie but it was marked as removed already
[01Feb2026 07:30:42.132] [Server thread/WARN] [net.minecraft.server.level.ServerLevel/]: Tried to add entity infectious:zombified_wolf but it was marked as removed already
[01Feb2026 07:30:42.132] [Server thread/WARN] [net.minecraft.server.level.ServerLevel/]: Tried to add entity infectious:zombified_wolf but it was marked as removed already
[01Feb2026 07:30:42.133] [Server thread/WARN] [net.minecraft.server.level.ServerLevel/]: Tried to add entity infectious:zombified_wolf but it was marked as removed already
[01Feb2026 07:30:42.133] [Server thread/WARN] [net.minecraft.server.level.ServerLevel/]: Tried to add entity infectious:zombified_wolf but it was marked as removed already
[01Feb2026 07:30:42.334] [Server thread/WARN] [net.minecraft.server.level.ServerLevel/]: Tried to add entity infectious:angry_zombie but it was marked as removed already
[01Feb2026 07:30:42.335] [Server thread/WARN] [net.minecraft.server.level.ServerLevel/]: Tried to add entity infectious:angry_zombie but it was marked as removed already
[01Feb2026 07:30:42.335] [Server thread/WARN] [net.minecraft.server.level.ServerLevel/]: Tried to add entity infectious:angry_zombie but it was marked as removed already
[01Feb2026 07:30:42.335] [Server thread/WARN] [net.minecraft.server.level.ServerLevel/]: Tried to add entity infectious:angry_zombie but it was marked as removed already
[01Feb2026 07:30:44.284] [Server thread/WARN] [net.minecraft.server.level.ServerLevel/]: Tried to add entity infectious:robotic_zombie but it was marked as removed already
[01Feb2026 07:30:44.285] [Server thread/WARN] [net.minecraft.server.level.ServerLevel/]: Tried to add entity infectious:robotic_zombie but it was marked as removed already
[01Feb2026 07:30:45.484] [Server thread/WARN] [net.minecraft.server.level.ServerLevel/]: Tried to add entity infectious:angry_zombie but it was marked as removed already
[01Feb2026 07:30:47.485] [Server thread/WARN] [net.minecraft.server.level.ServerLevel/]: Tried to add entity infectious:disco_zombie but it was marked as removed already
[01Feb2026 07:30:47.485] [Server thread/WARN] [net.minecraft.server.level.ServerLevel/]: Tried to add entity infectious:zombie_horseman but it was marked as removed already
[01Feb2026 07:30:47.486] [Server thread/WARN] [net.minecraft.server.level.ServerLevel/]: Tried to add entity infectious:zombie_horseman but it was marked as removed already
[01Feb2026 07:30:47.486] [Server thread/WARN] [net.minecraft.server.level.ServerLevel/]: Tried to add entity infectious:zombie_horseman but it was marked as removed already
[01Feb2026 07:30:47.537] [Server thread/WARN] [net.minecraft.server.level.ServerLevel/]: Tried to add entity infectious:baseball_bat_zombie but it was marked as removed already
[01Feb2026 07:30:47.586] [Server thread/WARN] [net.minecraft.server.level.ServerLevel/]: Tried to add entity infectious:zombie_cook but it was marked as removed already
[01Feb2026 07:30:47.587] [Server thread/WARN] [net.minecraft.server.level.ServerLevel/]: Tried to add entity infectious:zombie_lumberjack but it was marked as removed already
[01Feb2026 07:30:47.637] [Server thread/WARN] [net.minecraft.server.level.ServerLevel/]: Tried to add entity infectious:zombie but it was marked as removed already
[01Feb2026 07:30:48.285] [Server thread/WARN] [net.minecraft.server.level.ServerLevel/]: Tried to add entity infectious:giant_zombie but it was marked as removed already
[01Feb2026 07:30:48.285] [Server thread/WARN] [net.minecraft.server.level.ServerLevel/]: Tried to add entity infectious:claw_zombie but it was marked as removed already
[01Feb2026 07:30:48.336] [Server thread/WARN] [net.minecraft.server.level.ServerLevel/]: Tried to add entity infectious:zombified_spider but it was marked as removed already
[01Feb2026 07:30:48.336] [Server thread/WARN] [net.minecraft.server.level.ServerLevel/]: Tried to add entity infectious:beehive_zombie but it was marked as removed already
[01Feb2026 07:30:48.635] [Server thread/WARN] [net.minecraft.server.level.ServerLevel/]: Tried to add entity infectious:spore_zombie but it was marked as removed already
[01Feb2026 07:30:48.635] [Server thread/WARN] [net.minecraft.server.level.ServerLevel/]: Tried to add entity infectious:spore_zombie but it was marked as removed already
[01Feb2026 07:30:48.635] [Server thread/WARN] [net.minecraft.server.level.ServerLevel/]: Tried to add entity infectious:spore_zombie but it was marked as removed already
[01Feb2026 07:30:48.783] [Server thread/WARN] [net.minecraft.server.level.ServerLevel/]: Tried to add entity infectious:crawling_zombie but it was marked as removed already
[01Feb2026 07:30:48.783] [Server thread/WARN] [net.minecraft.server.level.ServerLevel/]: Tried to add entity infectious:psycho_zombie but it was marked as removed already
[01Feb2026 07:30:51.183] [Server thread/WARN] [net.minecraft.server.level.ServerLevel/]: Tried to add entity infectious:zombie_horseman but it was marked as removed already
[01Feb2026 07:30:51.184] [Server thread/WARN] [net.minecraft.server.level.ServerLevel/]: Tried to add entity infectious:zombie_horseman but it was marked as removed already
[01Feb2026 07:30:51.184] [Server thread/WARN] [net.minecraft.server.level.ServerLevel/]: Tried to add entity infectious:zombie_horseman but it was marked as removed already
[01Feb2026 07:30:51.485] [Server thread/WARN] [net.minecraft.server.level.ServerLevel/]: Tried to add entity infectious:iron_door_zombie but it was marked as removed already
[01Feb2026 07:30:51.485] [Server thread/WARN] [net.minecraft.server.level.ServerLevel/]: Tried to add entity infectious:fat_zombie but it was marked as removed already
[01Feb2026 07:30:51.485] [Server thread/WARN] [net.minecraft.server.level.ServerLevel/]: Tried to add entity infectious:armless_zombie but it was marked as removed already
[01Feb2026 07:30:51.537] [Server thread/WARN] [net.minecraft.server.level.ServerLevel/]: Tried to add entity infectious:fat_zombie but it was marked as removed already
[01Feb2026 07:30:51.537] [Server thread/WARN] [net.minecraft.server.level.ServerLevel/]: Tried to add entity infectious:fat_zombie but it was marked as removed already
[01Feb2026 07:30:51.537] [Server thread/WARN] [net.minecraft.server.level.ServerLevel/]: Tried to add entity infectious:fat_zombie but it was marked as removed already
[01Feb2026 07:30:51.537] [Server thread/WARN] [net.minecraft.server.level.ServerLevel/]: Tried to add entity infectious:headless_zombie but it was marked as removed already
[01Feb2026 07:30:51.734] [Server thread/WARN] [net.minecraft.server.level.ServerLevel/]: Tried to add entity infectious:zombie_scientist but it was marked as removed already
[01Feb2026 07:30:51.734] [Server thread/WARN] [net.minecraft.server.level.ServerLevel/]: Tried to add entity infectious:zombie_scientist but it was marked as removed already
[01Feb2026 07:30:51.735] [Server thread/WARN] [net.minecraft.server.level.ServerLevel/]: Tried to add entity infectious:zombified_spider but it was marked as removed already
[01Feb2026 07:30:51.735] [Server thread/WARN] [net.minecraft.server.level.ServerLevel/]: Tried to add entity infectious:zombified_spider but it was marked as removed already
[01Feb2026 07:30:51.834] [Server thread/WARN] [net.minecraft.server.level.ServerLevel/]: Tried to add entity infectious:zombified_wolf but it was marked as removed already
[01Feb2026 07:30:51.834] [Server thread/WARN] [net.minecraft.server.level.ServerLevel/]: Tried to add entity infectious:zombified_wolf but it was marked as removed already
[01Feb2026 07:30:51.834] [Server thread/WARN] [net.minecraft.server.level.ServerLevel/]: Tried to add entity infectious:zombified_wolf but it was marked as removed already
[01Feb2026 07:30:51.835] [Server thread/WARN] [net.minecraft.server.level.ServerLevel/]: Tried to add entity infectious:crawling_zombie but it was marked as removed already
[01Feb2026 07:30:59.299] [Server thread/DEBUG] [xaero.pac.OpenPartiesAndClaims/]: Saving player configs...
[01Feb2026 07:34:19.279] [Server thread/DEBUG] [xaero.pac.OpenPartiesAndClaims/]: Saving parties...
[01Feb2026 07:34:19.279] [Server thread/DEBUG] [xaero.pac.OpenPartiesAndClaims/]: Saving server info!
[01Feb2026 07:34:35.683] [Server thread/DEBUG] [net.minecraftforge.common.ForgeHooks/WP]: Gathering id map for writing to world save world
[01Feb2026 07:34:35.689] [Server thread/DEBUG] [net.minecraftforge.common.ForgeHooks/WP]: ID Map collection complete world
[01Feb2026 07:36:51.730] [Server thread/DEBUG] [mixin/]: Mixing InteractWithDoorMixin from doubledoors_forge.mixins.json into net.minecraft.world.entity.ai.behavior.InteractWithDoor
[01Feb2026 07:37:39.429] [Server thread/DEBUG] [xaero.pac.OpenPartiesAndClaims/]: Saving claims!
[01Feb2026 07:38:20.883] [Server thread/WARN] [net.minecraft.server.level.ServerLevel/]: Tried to add entity infectious:blind_zombie but it was marked as removed already
[01Feb2026 07:38:20.884] [Server thread/WARN] [net.minecraft.server.level.ServerLevel/]: Tried to add entity infectious:blind_zombie but it was marked as removed already
[01Feb2026 07:38:20.884] [Server thread/WARN] [net.minecraft.server.level.ServerLevel/]: Tried to add entity infectious:blind_zombie but it was marked as removed already
[01Feb2026 07:38:20.884] [Server thread/WARN] [net.minecraft.server.level.ServerLevel/]: Tried to add entity infectious:burning_zombie but it was marked as removed already
[01Feb2026 07:38:41.609] [Server thread/WARN] [net.minecraft.server.level.ServerLevel/]: Tried to add entity infectious:zombie_warrior but it was marked as removed already
[01Feb2026 07:38:41.609] [Server thread/WARN] [net.minecraft.server.level.ServerLevel/]: Tried to add entity infectious:zombie_farmer but it was marked as removed already
[01Feb2026 07:38:41.632] [Server thread/WARN] [net.minecraft.server.level.ServerLevel/]: Tried to add entity infectious:zombie_lumberjack but it was marked as removed already
[01Feb2026 07:38:41.633] [Server thread/WARN] [net.minecraft.server.level.ServerLevel/]: Tried to add entity infectious:zombie_lumberjack but it was marked as removed already
[01Feb2026 07:38:41.633] [Server thread/WARN] [net.minecraft.server.level.ServerLevel/]: Tried to add entity infectious:zombie_lumberjack but it was marked as removed already
[01Feb2026 07:38:41.633] [Server thread/WARN] [net.minecraft.server.level.ServerLevel/]: Tried to add entity infectious:pylon_zombie but it was marked as removed already
[01Feb2026 07:38:45.485] [Server thread/WARN] [net.minecraft.server.level.ServerLevel/]: Tried to add entity infectious:beekeeper_zombie but it was marked as removed already
[01Feb2026 07:38:45.485] [Server thread/WARN] [net.minecraft.server.level.ServerLevel/]: Tried to add entity infectious:beekeeper_zombie but it was marked as removed already
[01Feb2026 07:38:45.485] [Server thread/WARN] [net.minecraft.server.level.ServerLevel/]: Tried to add entity infectious:beekeeper_zombie but it was marked as removed already
[01Feb2026 07:38:45.485] [Server thread/WARN] [net.minecraft.server.level.ServerLevel/]: Tried to add entity infectious:zombie_prisoner but it was marked as removed already
[01Feb2026 07:38:45.583] [Server thread/WARN] [net.minecraft.server.level.ServerLevel/]: Tried to add entity infectious:zombie_farmer but it was marked as removed already
[01Feb2026 07:38:45.584] [Server thread/WARN] [net.minecraft.server.level.ServerLevel/]: Tried to add entity infectious:armless_zombie but it was marked as removed already
[01Feb2026 07:38:45.584] [Server thread/WARN] [net.minecraft.server.level.ServerLevel/]: Tried to add entity infectious:armless_zombie but it was marked as removed already
[01Feb2026 07:38:46.034] [Server thread/WARN] [net.minecraft.server.level.ServerLevel/]: Tried to add entity infectious:blind_zombie but it was marked as removed already
[01Feb2026 07:38:46.034] [Server thread/WARN] [net.minecraft.server.level.ServerLevel/]: Tried to add entity infectious:blind_zombie but it was marked as removed already
[01Feb2026 07:38:46.084] [Server thread/WARN] [net.minecraft.server.level.ServerLevel/]: Tried to add entity infectious:enchanted_zombie but it was marked as removed already
[01Feb2026 07:38:46.084] [Server thread/WARN] [net.minecraft.server.level.ServerLevel/]: Tried to add entity infectious:enchanted_zombie but it was marked as removed already
[01Feb2026 07:38:46.084] [Server thread/WARN] [net.minecraft.server.level.ServerLevel/]: Tried to add entity infectious:enchanted_zombie but it was marked as removed already
[01Feb2026 07:38:46.084] [Server thread/WARN] [net.minecraft.server.level.ServerLevel/]: Tried to add entity infectious:enchanted_zombie but it was marked as removed already
[01Feb2026 07:38:46.134] [Server thread/WARN] [net.minecraft.server.level.ServerLevel/]: Tried to add entity infectious:bucket_zombie but it was marked as removed already
[01Feb2026 07:38:46.134] [Server thread/WARN] [net.minecraft.server.level.ServerLevel/]: Tried to add entity infectious:bucket_zombie but it was marked as removed already
[01Feb2026 07:38:46.135] [Server thread/WARN] [net.minecraft.server.level.ServerLevel/]: Tried to add entity infectious:bucket_zombie but it was marked as removed already
[01Feb2026 07:38:46.135] [Server thread/WARN] [net.minecraft.server.level.ServerLevel/]: Tried to add entity infectious:bucket_zombie but it was marked as removed already
[01Feb2026 07:38:48.983] [Server thread/WARN] [net.minecraft.server.level.ServerLevel/]: Tried to add entity infectious:chained_zombie but it was marked as removed already
[01Feb2026 07:38:48.984] [Server thread/WARN] [net.minecraft.server.level.ServerLevel/]: Tried to add entity infectious:chained_zombie but it was marked as removed already
[01Feb2026 07:38:48.984] [Server thread/WARN] [net.minecraft.server.level.ServerLevel/]: Tried to add entity infectious:chained_zombie but it was marked as removed already
[01Feb2026 07:38:48.984] [Server thread/WARN] [net.minecraft.server.level.ServerLevel/]: Tried to add entity infectious:chained_zombie but it was marked as removed already
[01Feb2026 07:38:49.034] [Server thread/WARN] [net.minecraft.server.level.ServerLevel/]: Tried to add entity infectious:brain_zombie but it was marked as removed already
[01Feb2026 07:38:49.034] [Server thread/WARN] [net.minecraft.server.level.ServerLevel/]: Tried to add entity infectious:brain_zombie but it was marked as removed already
[01Feb2026 07:38:49.133] [Server thread/WARN] [net.minecraft.server.level.ServerLevel/]: Tried to add entity infectious:zombie_runner but it was marked as removed already
[01Feb2026 07:38:49.133] [Server thread/WARN] [net.minecraft.server.level.ServerLevel/]: Tried to add entity infectious:zombie_runner but it was marked as removed already
[01Feb2026 07:38:49.133] [Server thread/WARN] [net.minecraft.server.level.ServerLevel/]: Tried to add entity infectious:zombie_runner but it was marked as removed already
[01Feb2026 07:38:49.185] [Server thread/WARN] [net.minecraft.server.level.ServerLevel/]: Tried to add entity infectious:football_player_zombie but it was marked as removed already
[01Feb2026 07:38:49.185] [Server thread/WARN] [net.minecraft.server.level.ServerLevel/]: Tried to add entity infectious:football_player_zombie but it was marked as removed already
[01Feb2026 07:38:49.185] [Server thread/WARN] [net.minecraft.server.level.ServerLevel/]: Tried to add entity infectious:football_player_zombie but it was marked as removed already
[01Feb2026 07:38:49.186] [Server thread/WARN] [net.minecraft.server.level.ServerLevel/]: Tried to add entity infectious:football_player_zombie but it was marked as removed already
[01Feb2026 07:38:49.983] [Server thread/WARN] [net.minecraft.server.level.ServerLevel/]: Tried to add entity infectious:zombie_girl but it was marked as removed already
[01Feb2026 07:38:49.983] [Server thread/WARN] [net.minecraft.server.level.ServerLevel/]: Tried to add entity infectious:headless_zombie but it was marked as removed already
[01Feb2026 07:38:49.983] [Server thread/WARN] [net.minecraft.server.level.ServerLevel/]: Tried to add entity infectious:headless_zombie but it was marked as removed already
[01Feb2026 07:39:01.633] [Server thread/WARN] [net.minecraft.server.level.ServerLevel/]: Tried to add entity infectious:zombie_clown but it was marked as removed already
[01Feb2026 07:39:01.633] [Server thread/WARN] [net.minecraft.server.level.ServerLevel/]: Tried to add entity infectious:zombie_clown but it was marked as removed already
[01Feb2026 07:39:01.691] [Server thread/WARN] [net.minecraft.server.level.ServerLevel/]: Tried to add entity infectious:beehive_zombie but it was marked as removed already
[01Feb2026 07:39:01.692] [Server thread/WARN] [net.minecraft.server.level.ServerLevel/]: Tried to add entity infectious:balloon_zombie but it was marked as removed already
[01Feb2026 07:39:01.758] [Server thread/WARN] [net.minecraft.server.level.ServerLevel/]: Tried to add entity infectious:zombie_lumberjack but it was marked as removed already
[01Feb2026 07:39:01.900] [Server thread/WARN] [net.minecraft.server.level.ServerLevel/]: Tried to add entity infectious:brain_zombie but it was marked as removed already
[01Feb2026 07:39:01.900] [Server thread/WARN] [net.minecraft.server.level.ServerLevel/]: Tried to add entity infectious:brain_zombie but it was marked as removed already
[01Feb2026 07:39:01.900] [Server thread/WARN] [net.minecraft.server.level.ServerLevel/]: Tried to add entity infectious:brain_zombie but it was marked as removed already
[01Feb2026 07:39:35.681] [Server thread/DEBUG] [net.minecraftforge.common.ForgeHooks/WP]: Gathering id map for writing to world save world
[01Feb2026 07:39:35.687] [Server thread/DEBUG] [net.minecraftforge.common.ForgeHooks/WP]: ID Map collection complete world
[01Feb2026 07:40:59.329] [Server thread/DEBUG] [xaero.pac.OpenPartiesAndClaims/]: Saving player configs...
[01Feb2026 07:43:44.484] [Server thread/INFO] [net.minecraft.server.MinecraftServer/]: Aureyaza has made the advancement [Knock Knock!]
[01Feb2026 07:44:19.329] [Server thread/DEBUG] [xaero.pac.OpenPartiesAndClaims/]: Saving parties...
[01Feb2026 07:44:19.329] [Server thread/DEBUG] [xaero.pac.OpenPartiesAndClaims/]: Saving server info!
[01Feb2026 07:44:25.851] [Server thread/INFO] [net.minecraft.server.MinecraftServer/]: Aureyaza has made the advancement [Sign the contract, Big Boy]
[01Feb2026 07:44:35.675] [Server thread/DEBUG] [net.minecraftforge.common.ForgeHooks/WP]: Gathering id map for writing to world save world
[01Feb2026 07:44:35.681] [Server thread/DEBUG] [net.minecraftforge.common.ForgeHooks/WP]: ID Map collection complete world
[01Feb2026 07:47:39.479] [Server thread/DEBUG] [xaero.pac.OpenPartiesAndClaims/]: Saving claims!
[01Feb2026 07:49:35.676] [Server thread/DEBUG] [net.minecraftforge.common.ForgeHooks/WP]: Gathering id map for writing to world save world
[01Feb2026 07:49:35.682] [Server thread/DEBUG] [net.minecraftforge.common.ForgeHooks/WP]: ID Map collection complete world
[01Feb2026 07:49:47.548] [Server thread/INFO] [net.minecraft.server.MinecraftServer/]: [Aureyaza: Killed Aureyaza]
[01Feb2026 07:50:00.433] [Server thread/WARN] [net.minecraft.server.level.ServerLevel/]: Tried to add entity infectious:zombified_wolf but it was marked as removed already
[01Feb2026 07:50:00.433] [Server thread/WARN] [net.minecraft.server.level.ServerLevel/]: Tried to add entity infectious:zombified_wolf but it was marked as removed already
[01Feb2026 07:50:00.433] [Server thread/WARN] [net.minecraft.server.level.ServerLevel/]: Tried to add entity infectious:pumpkin_zombie but it was marked as removed already
[01Feb2026 07:50:00.434] [Server thread/WARN] [net.minecraft.server.level.ServerLevel/]: Tried to add entity infectious:pumpkin_zombie but it was marked as removed already
[01Feb2026 07:50:01.884] [Server thread/WARN] [net.minecraft.server.level.ServerLevel/]: Tried to add entity infectious:chained_zombie but it was marked as removed already
[01Feb2026 07:50:01.884] [Server thread/WARN] [net.minecraft.server.level.ServerLevel/]: Tried to add entity infectious:chained_zombie but it was marked as removed already
[01Feb2026 07:50:01.884] [Server thread/WARN] [net.minecraft.server.level.ServerLevel/]: Tried to add entity infectious:chained_zombie but it was marked as removed already
[01Feb2026 07:50:01.884] [Server thread/WARN] [net.minecraft.server.level.ServerLevel/]: Tried to add entity infectious:chained_zombie but it was marked as removed already
[01Feb2026 07:50:01.935] [Server thread/WARN] [net.minecraft.server.level.ServerLevel/]: Tried to add entity infectious:zombie_climber but it was marked as removed already
[01Feb2026 07:50:01.936] [Server thread/WARN] [net.minecraft.server.level.ServerLevel/]: Tried to add entity infectious:zombie_climber but it was marked as removed already
[01Feb2026 07:50:01.936] [Server thread/WARN] [net.minecraft.server.level.ServerLevel/]: Tried to add entity infectious:armless_zombie but it was marked as removed already
[01Feb2026 07:50:01.936] [Server thread/WARN] [net.minecraft.server.level.ServerLevel/]: Tried to add entity infectious:armless_zombie but it was marked as removed already
[01Feb2026 07:50:01.984] [Server thread/WARN] [net.minecraft.server.level.ServerLevel/]: Tried to add entity infectious:infectious_zombie but it was marked as removed already
[01Feb2026 07:50:02.033] [Server thread/WARN] [net.minecraft.server.level.ServerLevel/]: Tried to add entity infectious:zombie but it was marked as removed already
[01Feb2026 07:50:02.034] [Server thread/WARN] [net.minecraft.server.level.ServerLevel/]: Tried to add entity infectious:big_zombie but it was marked as removed already
[01Feb2026 07:50:02.034] [Server thread/WARN] [net.minecraft.server.level.ServerLevel/]: Tried to add entity infectious:big_zombie but it was marked as removed already
[01Feb2026 07:50:02.035] [Server thread/WARN] [net.minecraft.server.level.ServerLevel/]: Tried to add entity infectious:zombie_lumberjack but it was marked as removed already
[01Feb2026 07:50:02.035] [Server thread/WARN] [net.minecraft.server.level.ServerLevel/]: Tried to add entity infectious:giant_zombie but it was marked as removed already
[01Feb2026 07:50:02.133] [Server thread/WARN] [net.minecraft.server.level.ServerLevel/]: Tried to add entity infectious:zombie_climber but it was marked as removed already
[01Feb2026 07:50:02.133] [Server thread/WARN] [net.minecraft.server.level.ServerLevel/]: Tried to add entity infectious:blind_zombie but it was marked as removed already
[01Feb2026 07:50:02.134] [Server thread/WARN] [net.minecraft.server.level.ServerLevel/]: Tried to add entity infectious:blind_zombie but it was marked as removed already
[01Feb2026 07:50:02.134] [Server thread/WARN] [net.minecraft.server.level.ServerLevel/]: Tried to add entity infectious:blind_zombie but it was marked as removed already
[01Feb2026 07:50:02.134] [Server thread/WARN] [net.minecraft.server.level.ServerLevel/]: Tried to add entity infectious:blind_zombie but it was marked as removed already
[01Feb2026 07:50:02.186] [Server thread/WARN] [net.minecraft.server.level.ServerLevel/]: Tried to add entity infectious:zombie_police but it was marked as removed already
[01Feb2026 07:50:02.186] [Server thread/WARN] [net.minecraft.server.level.ServerLevel/]: Tried to add entity infectious:zombie_police but it was marked as removed already
[01Feb2026 07:50:02.186] [Server thread/WARN] [net.minecraft.server.level.ServerLevel/]: Tried to add entity infectious:maggot_zombie but it was marked as removed already
[01Feb2026 07:50:02.186] [Server thread/WARN] [net.minecraft.server.level.ServerLevel/]: Tried to add entity infectious:maggot_zombie but it was marked as removed already
[01Feb2026 07:50:02.237] [Server thread/WARN] [net.minecraft.server.level.ServerLevel/]: Tried to add entity infectious:zombie_on_stelts but it was marked as removed already
[01Feb2026 07:50:02.238] [Server thread/WARN] [net.minecraft.server.level.ServerLevel/]: Tried to add entity infectious:zombie_on_stelts but it was marked as removed already
[01Feb2026 07:50:02.238] [Server thread/WARN] [net.minecraft.server.level.ServerLevel/]: Tried to add entity infectious:zombie_on_stelts but it was marked as removed already
[01Feb2026 07:50:04.282] [Server thread/WARN] [net.minecraft.server.level.ServerLevel/]: Tried to add entity infectious:claw_zombie but it was marked as removed already
[01Feb2026 07:50:04.282] [Server thread/WARN] [net.minecraft.server.level.ServerLevel/]: Tried to add entity infectious:claw_zombie but it was marked as removed already
[01Feb2026 07:50:04.282] [Server thread/WARN] [net.minecraft.server.level.ServerLevel/]: Tried to add entity infectious:claw_zombie but it was marked as removed already
[01Feb2026 07:50:04.282] [Server thread/WARN] [net.minecraft.server.level.ServerLevel/]: Tried to add entity infectious:claw_zombie but it was marked as removed already
[01Feb2026 07:50:04.332] [Server thread/WARN] [net.minecraft.server.level.ServerLevel/]: Tried to add entity infectious:robotic_zombie but it was marked as removed already
[01Feb2026 07:50:04.332] [Server thread/WARN] [net.minecraft.server.level.ServerLevel/]: Tried to add entity infectious:bouncer_zombie but it was marked as removed already
[01Feb2026 07:50:04.333] [Server thread/WARN] [net.minecraft.server.level.ServerLevel/]: Tried to add entity infectious:bouncer_zombie but it was marked as removed already
[01Feb2026 07:50:04.333] [Server thread/WARN] [net.minecraft.server.level.ServerLevel/]: Tried to add entity infectious:angry_zombie but it was marked as removed already
[01Feb2026 07:50:04.483] [Server thread/WARN] [net.minecraft.server.level.ServerLevel/]: Tried to add entity infectious:beekeeper_zombie but it was marked as removed already
[01Feb2026 07:50:14.333] [Server thread/WARN] [net.minecraft.server.level.ServerLevel/]: Tried to add entity infectious:burned_zombie but it was marked as removed already
[01Feb2026 07:50:14.333] [Server thread/WARN] [net.minecraft.server.level.ServerLevel/]: Tried to add entity infectious:burned_zombie but it was marked as removed already
[01Feb2026 07:50:14.333] [Server thread/WARN] [net.minecraft.server.level.ServerLevel/]: Tried to add entity infectious:burned_zombie but it was marked as removed already
[01Feb2026 07:50:14.382] [Server thread/WARN] [net.minecraft.server.level.ServerLevel/]: Tried to add entity infectious:burned_zombie but it was marked as removed already
[01Feb2026 07:50:14.382] [Server thread/WARN] [net.minecraft.server.level.ServerLevel/]: Tried to add entity infectious:burned_zombie but it was marked as removed already
[01Feb2026 07:50:14.382] [Server thread/WARN] [net.minecraft.server.level.ServerLevel/]: Tried to add entity infectious:burned_zombie but it was marked as removed already
[01Feb2026 07:50:14.383] [Server thread/WARN] [net.minecraft.server.level.ServerLevel/]: Tried to add entity infectious:burned_zombie but it was marked as removed already
[01Feb2026 07:50:18.633] [Server thread/WARN] [net.minecraft.server.level.ServerLevel/]: Tried to add entity infectious:mc_donalds_worker_zombie but it was marked as removed already
[01Feb2026 07:50:18.633] [Server thread/WARN] [net.minecraft.server.level.ServerLevel/]: Tried to add entity infectious:mc_donalds_worker_zombie but it was marked as removed already
[01Feb2026 07:50:18.633] [Server thread/WARN] [net.minecraft.server.level.ServerLevel/]: Tried to add entity infectious:mc_donalds_worker_zombie but it was marked as removed already
[01Feb2026 07:50:18.633] [Server thread/WARN] [net.minecraft.server.level.ServerLevel/]: Tried to add entity infectious:zombie_agent but it was marked as removed already
[01Feb2026 07:50:18.684] [Server thread/WARN] [net.minecraft.server.level.ServerLevel/]: Tried to add entity infectious:security_zombie but it was marked as removed already
[01Feb2026 07:50:18.684] [Server thread/WARN] [net.minecraft.server.level.ServerLevel/]: Tried to add entity infectious:fat_zombie but it was marked as removed already
[01Feb2026 07:50:18.684] [Server thread/WARN] [net.minecraft.server.level.ServerLevel/]: Tried to add entity infectious:fat_zombie but it was marked as removed already
[01Feb2026 07:50:25.535] [Server thread/WARN] [net.minecraft.server.level.ServerLevel/]: Tried to add entity infectious:zombie_cook but it was marked as removed already
[01Feb2026 07:50:25.583] [Server thread/WARN] [net.minecraft.server.level.ServerLevel/]: Tried to add entity infectious:beehive_zombie but it was marked as removed already
[01Feb2026 07:50:25.583] [Server thread/WARN] [net.minecraft.server.level.ServerLevel/]: Tried to add entity infectious:beehive_zombie but it was marked as removed already
[01Feb2026 07:50:25.633] [Server thread/WARN] [net.minecraft.server.level.ServerLevel/]: Tried to add entity infectious:pylon_zombie but it was marked as removed already
[01Feb2026 07:50:25.633] [Server thread/WARN] [net.minecraft.server.level.ServerLevel/]: Tried to add entity infectious:pylon_zombie but it was marked as removed already
[01Feb2026 07:50:25.634] [Server thread/WARN] [net.minecraft.server.level.ServerLevel/]: Tried to add entity infectious:zombie but it was marked as removed already
[01Feb2026 07:50:25.683] [Server thread/WARN] [net.minecraft.server.level.ServerLevel/]: Tried to add entity infectious:crawling_zombie but it was marked as removed already
[01Feb2026 07:50:25.732] [Server thread/WARN] [net.minecraft.server.level.ServerLevel/]: Tried to add entity infectious:crawling_zombie but it was marked as removed already
[01Feb2026 07:50:25.732] [Server thread/WARN] [net.minecraft.server.level.ServerLevel/]: Tried to add entity infectious:crawling_zombie but it was marked as removed already
[01Feb2026 07:50:25.782] [Server thread/WARN] [net.minecraft.server.level.ServerLevel/]: Tried to add entity infectious:crawling_zombie but it was marked as removed already
[01Feb2026 07:50:25.782] [Server thread/WARN] [net.minecraft.server.level.ServerLevel/]: Tried to add entity infectious:mummy but it was marked as removed already
[01Feb2026 07:50:25.783] [Server thread/WARN] [net.minecraft.server.level.ServerLevel/]: Tried to add entity infectious:mummy but it was marked as removed already
[01Feb2026 07:50:27.484] [Server thread/WARN] [net.minecraft.server.level.ServerLevel/]: Tried to add entity infectious:infectious_zombie but it was marked as removed already
[01Feb2026 07:50:27.484] [Server thread/WARN] [net.minecraft.server.level.ServerLevel/]: Tried to add entity infectious:infectious_zombie but it was marked as removed already
[01Feb2026 07:50:27.485] [Server thread/WARN] [net.minecraft.server.level.ServerLevel/]: Tried to add entity infectious:infectious_zombie but it was marked as removed already
[01Feb2026 07:50:27.485] [Server thread/WARN] [net.minecraft.server.level.ServerLevel/]: Tried to add entity infectious:infectious_zombie but it was marked as removed already
[01Feb2026 07:50:32.034] [Server thread/WARN] [net.minecraft.server.level.ServerLevel/]: Tried to add entity infectious:zombie but it was marked as removed already
[01Feb2026 07:50:32.034] [Server thread/WARN] [net.minecraft.server.level.ServerLevel/]: Tried to add entity infectious:zombie but it was marked as removed already
[01Feb2026 07:50:34.933] [Server thread/WARN] [net.minecraft.server.level.ServerLevel/]: Tried to add entity infectious:pylon_zombie but it was marked as removed already
[01Feb2026 07:50:43.133] [Server thread/WARN] [net.minecraft.server.level.ServerLevel/]: Tried to add entity infectious:zombie_police but it was marked as removed already
[01Feb2026 07:50:46.934] [Server thread/WARN] [net.minecraft.server.level.ServerLevel/]: Tried to add entity infectious:zombie_lumberjack but it was marked as removed already
[01Feb2026 07:50:46.934] [Server thread/WARN] [net.minecraft.server.level.ServerLevel/]: Tried to add entity infectious:zombie_lumberjack but it was marked as removed already
[01Feb2026 07:50:46.934] [Server thread/WARN] [net.minecraft.server.level.ServerLevel/]: Tried to add entity infectious:zombie_lumberjack but it was marked as removed already
[01Feb2026 07:50:46.934] [Server thread/WARN] [net.minecraft.server.level.ServerLevel/]: Tried to add entity infectious:zombie_doctor but it was marked as removed already
[01Feb2026 07:50:59.379] [Server thread/DEBUG] [xaero.pac.OpenPartiesAndClaims/]: Saving player configs...
[01Feb2026 07:52:58.591] [Server thread/WARN] [net.minecraft.server.level.ServerLevel/]: Tried to add entity infectious:tower_zombie_1 but it was marked as removed already
[01Feb2026 07:52:58.592] [Server thread/WARN] [net.minecraft.server.level.ServerLevel/]: Tried to add entity infectious:tower_zombie_1 but it was marked as removed already
[01Feb2026 07:53:00.696] [Server thread/WARN] [net.minecraft.server.level.ServerLevel/]: Tried to add entity infectious:zombie but it was marked as removed already
[01Feb2026 07:53:00.697] [Server thread/WARN] [net.minecraft.server.level.ServerLevel/]: Tried to add entity infectious:zombie but it was marked as removed already
[01Feb2026 07:53:00.697] [Server thread/WARN] [net.minecraft.server.level.ServerLevel/]: Tried to add entity infectious:chained_zombie but it was marked as removed already
[01Feb2026 07:53:01.747] [Server thread/WARN] [net.minecraft.server.level.ServerLevel/]: Tried to add entity infectious:pumpkin_zombie but it was marked as removed already
[01Feb2026 07:54:19.359] [Server thread/DEBUG] [xaero.pac.OpenPartiesAndClaims/]: Saving parties...
[01Feb2026 07:54:19.360] [Server thread/DEBUG] [xaero.pac.OpenPartiesAndClaims/]: Saving server info!
[01Feb2026 07:54:35.804] [Server thread/DEBUG] [net.minecraftforge.common.ForgeHooks/WP]: Gathering id map for writing to world save world
[01Feb2026 07:54:35.810] [Server thread/DEBUG] [net.minecraftforge.common.ForgeHooks/WP]: ID Map collection complete world
[01Feb2026 07:56:20.667] [Server thread/DEBUG] [mixin/]: Mixing MixinPiglinAi from curios.mixins.json into net.minecraft.world.entity.monster.piglin.PiglinAi
[01Feb2026 07:57:39.526] [Server thread/DEBUG] [xaero.pac.OpenPartiesAndClaims/]: Saving claims!
[01Feb2026 07:58:01.445] [Server thread/INFO] [net.minecraft.server.MinecraftServer/]: [Aureyaza: Set the time to 1000]
[01Feb2026 07:59:35.846] [Server thread/DEBUG] [net.minecraftforge.common.ForgeHooks/WP]: Gathering id map for writing to world save world
[01Feb2026 07:59:35.852] [Server thread/DEBUG] [net.minecraftforge.common.ForgeHooks/WP]: ID Map collection complete world
[01Feb2026 08:00:59.464] [Server thread/DEBUG] [xaero.pac.OpenPartiesAndClaims/]: Saving player configs...
[01Feb2026 08:01:17.062] [Worker-Main-17/DEBUG] [mixin/]: Mixing JigsawPlacementPlacerMixin from waystones.mixins.json into net.minecraft.world.level.levelgen.structure.pools.JigsawPlacement$Placer
[01Feb2026 08:01:47.008] [Worker-Main-18/WARN] [net.minecraft.world.entity.EntityType/]: Skipping Entity with id scpo:scp_3199
[01Feb2026 08:04:19.379] [Server thread/DEBUG] [xaero.pac.OpenPartiesAndClaims/]: Saving parties...
[01Feb2026 08:04:19.380] [Server thread/DEBUG] [xaero.pac.OpenPartiesAndClaims/]: Saving server info!
[01Feb2026 08:04:35.817] [Server thread/DEBUG] [net.minecraftforge.common.ForgeHooks/WP]: Gathering id map for writing to world save world
[01Feb2026 08:04:35.823] [Server thread/DEBUG] [net.minecraftforge.common.ForgeHooks/WP]: ID Map collection complete world
[01Feb2026 08:04:36.883] [Worker-Main-17/WARN] [net.minecraft.world.entity.EntityType/]: Skipping Entity with id scpo:scp_049
[01Feb2026 08:04:51.698] [Server thread/DEBUG] [mixin/]: Mixing VibrationListenerMix from zombie_variants.mixins.json into net.minecraft.world.level.gameevent.vibrations.VibrationSystem$Listener
[01Feb2026 08:05:19.132] [Worker-Main-17/WARN] [net.minecraft.world.entity.EntityType/]: Skipping Entity with id scpo:scp_939_biped
[01Feb2026 08:05:28.344] [Server thread/INFO] [net.minecraft.server.MinecraftServer/]: [Aureyaza: Set the time to 13000]
[01Feb2026 08:05:35.286] [Worker-Main-17/WARN] [net.minecraft.world.entity.EntityType/]: Skipping Entity with id scpo:scp_106
[01Feb2026 08:05:42.908] [Server thread/WARN] [net.minecraft.server.level.ServerLevel/]: Tried to add entity infectious:zombie_runner but it was marked as removed already
[01Feb2026 08:05:42.909] [Server thread/WARN] [net.minecraft.server.level.ServerLevel/]: Tried to add entity infectious:zombie_runner but it was marked as removed already
[01Feb2026 08:05:43.680] [Server thread/WARN] [net.minecraft.server.level.ServerLevel/]: Tried to add entity infectious:zombie_on_stelts but it was marked as removed already
[01Feb2026 08:05:43.680] [Server thread/WARN] [net.minecraft.server.level.ServerLevel/]: Tried to add entity infectious:zombie_on_stelts but it was marked as removed already
[01Feb2026 08:05:43.680] [Server thread/WARN] [net.minecraft.server.level.ServerLevel/]: Tried to add entity infectious:zombie_on_stelts but it was marked as removed already
[01Feb2026 08:05:43.681] [Server thread/WARN] [net.minecraft.server.level.ServerLevel/]: Tried to add entity infectious:zombie_warrior but it was marked as removed already
[01Feb2026 08:05:43.712] [Server thread/WARN] [net.minecraft.server.level.ServerLevel/]: Tried to add entity infectious:claw_zombie but it was marked as removed already
[01Feb2026 08:05:43.712] [Server thread/WARN] [net.minecraft.server.level.ServerLevel/]: Tried to add entity infectious:claw_zombie but it was marked as removed already
[01Feb2026 08:05:43.712] [Server thread/WARN] [net.minecraft.server.level.ServerLevel/]: Tried to add entity infectious:blind_zombie but it was marked as removed already
[01Feb2026 08:05:43.747] [Server thread/WARN] [net.minecraft.server.level.ServerLevel/]: Tried to add entity infectious:angry_zombie but it was marked as removed already
[01Feb2026 08:05:43.748] [Server thread/WARN] [net.minecraft.server.level.ServerLevel/]: Tried to add entity infectious:angry_zombie but it was marked as removed already
[01Feb2026 08:05:43.748] [Server thread/WARN] [net.minecraft.server.level.ServerLevel/]: Tried to add entity infectious:angry_zombie but it was marked as removed already
[01Feb2026 08:05:44.773] [Worker-Main-18/WARN] [net.minecraft.world.entity.EntityType/]: Skipping Entity with id scpo:scp_049
[01Feb2026 08:05:45.296] [Server thread/WARN] [net.minecraft.server.level.ServerLevel/]: Tried to add entity infectious:golden_zombie but it was marked as removed already
[01Feb2026 08:05:45.391] [Server thread/WARN] [net.minecraft.server.level.ServerLevel/]: Tried to add entity infectious:zombie but it was marked as removed already
[01Feb2026 08:05:45.391] [Server thread/WARN] [net.minecraft.server.level.ServerLevel/]: Tried to add entity infectious:zombie but it was marked as removed already
[01Feb2026 08:05:46.183] [Worker-Main-17/WARN] [net.minecraft.world.entity.EntityType/]: Skipping Entity with id scpo:scp_939_biped
[01Feb2026 08:05:52.953] [Server thread/WARN] [net.minecraft.server.level.ServerLevel/]: Tried to add entity infectious:fat_zombie but it was marked as removed already
[01Feb2026 08:05:53.731] [Worker-Main-18/WARN] [net.minecraft.world.entity.EntityType/]: Skipping Entity with id scpo:scp_3199
[01Feb2026 08:05:54.422] [Server thread/WARN] [net.minecraft.server.level.ServerLevel/]: Tried to add entity infectious:brain_zombie but it was marked as removed already
[01Feb2026 08:05:54.423] [Server thread/WARN] [net.minecraft.server.level.ServerLevel/]: Tried to add entity infectious:brain_zombie but it was marked as removed already
[01Feb2026 08:05:55.588] [Server thread/WARN] [net.minecraft.server.level.ServerLevel/]: Tried to add entity infectious:zombie_bomber but it was marked as removed already
[01Feb2026 08:05:55.649] [Server thread/WARN] [net.minecraft.server.level.ServerLevel/]: Tried to add entity infectious:zombie but it was marked as removed already
[01Feb2026 08:05:55.650] [Server thread/WARN] [net.minecraft.server.level.ServerLevel/]: Tried to add entity infectious:zombie but it was marked as removed already
[01Feb2026 08:05:55.650] [Server thread/WARN] [net.minecraft.server.level.ServerLevel/]: Tried to add entity infectious:zombie but it was marked as removed already
[01Feb2026 08:05:55.650] [Server thread/WARN] [net.minecraft.server.level.ServerLevel/]: Tried to add entity infectious:zombie but it was marked as removed already
[01Feb2026 08:05:55.688] [Server thread/WARN] [net.minecraft.server.level.ServerLevel/]: Tried to add entity infectious:robotic_zombie but it was marked as removed already
[01Feb2026 08:05:55.688] [Server thread/WARN] [net.minecraft.server.level.ServerLevel/]: Tried to add entity infectious:robotic_zombie but it was marked as removed already
[01Feb2026 08:05:55.737] [Server thread/WARN] [net.minecraft.server.level.ServerLevel/]: Tried to add entity infectious:barrel_zombie but it was marked as removed already
[01Feb2026 08:05:55.738] [Server thread/WARN] [net.minecraft.server.level.ServerLevel/]: Tried to add entity infectious:zombie_girl but it was marked as removed already
[01Feb2026 08:05:55.738] [Server thread/WARN] [net.minecraft.server.level.ServerLevel/]: Tried to add entity infectious:zombie_girl but it was marked as removed already
[01Feb2026 08:05:55.738] [Server thread/WARN] [net.minecraft.server.level.ServerLevel/]: Tried to add entity infectious:brain_zombie but it was marked as removed already
[01Feb2026 08:05:56.962] [Server thread/WARN] [net.minecraft.server.level.ServerLevel/]: Tried to add entity infectious:mecha_zombie but it was marked as removed already
[01Feb2026 08:05:56.963] [Server thread/WARN] [net.minecraft.server.level.ServerLevel/]: Tried to add entity infectious:mecha_zombie but it was marked as removed already
[01Feb2026 08:05:56.963] [Server thread/WARN] [net.minecraft.server.level.ServerLevel/]: Tried to add entity infectious:zombie_fisherman but it was marked as removed already
[01Feb2026 08:05:56.963] [Server thread/WARN] [net.minecraft.server.level.ServerLevel/]: Tried to add entity infectious:zombie_warrior but it was marked as removed already
[01Feb2026 08:05:56.990] [Server thread/WARN] [net.minecraft.server.level.ServerLevel/]: Tried to add entity infectious:zombie_scientist but it was marked as removed already
[01Feb2026 08:05:56.990] [Server thread/WARN] [net.minecraft.server.level.ServerLevel/]: Tried to add entity infectious:spore_zombie but it was marked as removed already
[01Feb2026 08:05:57.389] [Server thread/INFO] [net.minecraft.server.MinecraftServer/]: [Aureyaza: Set own game mode to Survival Mode]
[01Feb2026 08:05:57.719] [Worker-Main-16/WARN] [net.minecraft.world.entity.EntityType/]: Skipping Entity with id scpo:scp_106
[01Feb2026 08:05:59.703] [Worker-Main-18/WARN] [net.minecraft.world.entity.EntityType/]: Skipping Entity with id scpo:scp_966
[01Feb2026 08:06:01.165] [Server thread/WARN] [net.minecraft.server.level.ServerLevel/]: Tried to add entity infectious:claw_zombie but it was marked as removed already
[01Feb2026 08:06:01.165] [Server thread/WARN] [net.minecraft.server.level.ServerLevel/]: Tried to add entity infectious:claw_zombie but it was marked as removed already
[01Feb2026 08:06:01.166] [Server thread/WARN] [net.minecraft.server.level.ServerLevel/]: Tried to add entity infectious:claw_zombie but it was marked as removed already
[01Feb2026 08:06:01.166] [Server thread/WARN] [net.minecraft.server.level.ServerLevel/]: Tried to add entity infectious:claw_zombie but it was marked as removed already
[01Feb2026 08:06:17.027] [Server thread/INFO] [net.minecraft.server.MinecraftServer/]: Aureyaza has made the advancement [Walk, don't crawl!]
[01Feb2026 08:07:05.518] [Server thread/WARN] [net.minecraft.server.MinecraftServer/]: Can't keep up! Is the server overloaded? Running 3939ms or 78 ticks behind
[01Feb2026 08:07:08.453] [Server thread/INFO] [net.minecraft.server.MinecraftServer/]: Aureyaza has made the advancement [Radiated]
[01Feb2026 08:07:39.529] [Server thread/DEBUG] [xaero.pac.OpenPartiesAndClaims/]: Saving claims!
[01Feb2026 08:07:46.258] [Server thread/INFO] [net.minecraft.server.MinecraftServer/]: [Aureyaza: Set own game mode to Creative Mode]
[01Feb2026 08:09:39.638] [Server thread/DEBUG] [net.minecraftforge.common.ForgeHooks/WP]: Gathering id map for writing to world save world
[01Feb2026 08:09:39.644] [Server thread/DEBUG] [net.minecraftforge.common.ForgeHooks/WP]: ID Map collection complete world
[01Feb2026 08:10:59.482] [Server thread/DEBUG] [xaero.pac.OpenPartiesAndClaims/]: Saving player configs...
[01Feb2026 08:11:13.149] [Server thread/INFO] [net.minecraft.server.MinecraftServer/]: Aureyaza has made the advancement [Safety First!]
[01Feb2026 08:13:25.714] [Server thread/WARN] [net.minecraft.server.level.ServerLevel/]: Tried to add entity infectious:brain_zombie but it was marked as removed already
[01Feb2026 08:13:25.714] [Server thread/WARN] [net.minecraft.server.level.ServerLevel/]: Tried to add entity infectious:brain_zombie but it was marked as removed already
[01Feb2026 08:13:25.714] [Server thread/WARN] [net.minecraft.server.level.ServerLevel/]: Tried to add entity infectious:brain_zombie but it was marked as removed already
[01Feb2026 08:13:25.714] [Server thread/WARN] [net.minecraft.server.level.ServerLevel/]: Tried to add entity infectious:brain_zombie but it was marked as removed already
[01Feb2026 08:13:25.785] [Server thread/WARN] [net.minecraft.server.level.ServerLevel/]: Tried to add entity infectious:zombie_prisoner but it was marked as removed already
[01Feb2026 08:13:26.284] [Server thread/WARN] [net.minecraft.server.level.ServerLevel/]: Tried to add entity infectious:mecha_zombie but it was marked as removed already
[01Feb2026 08:13:26.636] [Server thread/WARN] [net.minecraft.server.level.ServerLevel/]: Tried to add entity infectious:claw_zombie but it was marked as removed already
[01Feb2026 08:13:26.637] [Server thread/WARN] [net.minecraft.server.level.ServerLevel/]: Tried to add entity infectious:claw_zombie but it was marked as removed already
[01Feb2026 08:13:26.637] [Server thread/WARN] [net.minecraft.server.level.ServerLevel/]: Tried to add entity infectious:claw_zombie but it was marked as removed already
[01Feb2026 08:13:30.433] [Server thread/WARN] [net.minecraft.server.level.ServerLevel/]: Tried to add entity infectious:balloon_zombie but it was marked as removed already
[01Feb2026 08:13:30.484] [Server thread/WARN] [net.minecraft.server.level.ServerLevel/]: Tried to add entity infectious:sleepy_zombie but it was marked as removed already
[01Feb2026 08:13:31.283] [Server thread/WARN] [net.minecraft.server.level.ServerLevel/]: Tried to add entity infectious:zombified_boar but it was marked as removed already
[01Feb2026 08:13:31.284] [Server thread/WARN] [net.minecraft.server.level.ServerLevel/]: Tried to add entity infectious:zombified_boar but it was marked as removed already
[01Feb2026 08:13:31.284] [Server thread/WARN] [net.minecraft.server.level.ServerLevel/]: Tried to add entity infectious:zombified_boar but it was marked as removed already
[01Feb2026 08:13:31.284] [Server thread/WARN] [net.minecraft.server.level.ServerLevel/]: Tried to add entity infectious:pylon_zombie but it was marked as removed already
[01Feb2026 08:13:32.235] [Server thread/WARN] [net.minecraft.server.level.ServerLevel/]: Tried to add entity infectious:zombie but it was marked as removed already
[01Feb2026 08:13:32.235] [Server thread/WARN] [net.minecraft.server.level.ServerLevel/]: Tried to add entity infectious:zombie but it was marked as removed already
[01Feb2026 08:13:32.235] [Server thread/WARN] [net.minecraft.server.level.ServerLevel/]: Tried to add entity infectious:zombie but it was marked as removed already
[01Feb2026 08:13:32.285] [Server thread/WARN] [net.minecraft.server.level.ServerLevel/]: Tried to add entity infectious:zombie_runner but it was marked as removed already
[01Feb2026 08:13:32.285] [Server thread/WARN] [net.minecraft.server.level.ServerLevel/]: Tried to add entity infectious:zombie_horseman but it was marked as removed already
[01Feb2026 08:13:32.285] [Server thread/WARN] [net.minecraft.server.level.ServerLevel/]: Tried to add entity infectious:zombie_horseman but it was marked as removed already
[01Feb2026 08:13:32.341] [Server thread/WARN] [net.minecraft.server.level.ServerLevel/]: Tried to add entity infectious:blind_zombie but it was marked as removed already
[01Feb2026 08:13:32.341] [Server thread/WARN] [net.minecraft.server.level.ServerLevel/]: Tried to add entity infectious:zombie_clown but it was marked as removed already
[01Feb2026 08:13:32.418] [Server thread/WARN] [net.minecraft.server.level.ServerLevel/]: Tried to add entity infectious:zombie_boxer but it was marked as removed already
[01Feb2026 08:13:33.883] [Server thread/WARN] [net.minecraft.server.level.ServerLevel/]: Tried to add entity infectious:burned_zombie but it was marked as removed already
[01Feb2026 08:13:37.733] [Server thread/WARN] [net.minecraft.server.level.ServerLevel/]: Tried to add entity infectious:crawling_zombie but it was marked as removed already
[01Feb2026 08:13:37.733] [Server thread/WARN] [net.minecraft.server.level.ServerLevel/]: Tried to add entity infectious:crawling_zombie but it was marked as removed already
[01Feb2026 08:13:39.538] [Server thread/WARN] [net.minecraft.server.level.ServerLevel/]: Tried to add entity infectious:zombie_prisoner but it was marked as removed already
[01Feb2026 08:13:39.538] [Server thread/WARN] [net.minecraft.server.level.ServerLevel/]: Tried to add entity infectious:zombie_fisherman but it was marked as removed already
[01Feb2026 08:13:39.538] [Server thread/WARN] [net.minecraft.server.level.ServerLevel/]: Tried to add entity infectious:zombie_fisherman but it was marked as removed already
[01Feb2026 08:13:52.351] [Server thread/WARN] [net.minecraft.server.level.ServerLevel/]: Tried to add entity infectious:zombie_spiter but it was marked as removed already
[01Feb2026 08:13:52.351] [Server thread/WARN] [net.minecraft.server.level.ServerLevel/]: Tried to add entity infectious:zombie_spiter but it was marked as removed already
[01Feb2026 08:13:53.628] [Server thread/WARN] [net.minecraft.server.level.ServerLevel/]: Tried to add entity infectious:zombie_archer but it was marked as removed already
[01Feb2026 08:13:53.698] [Server thread/WARN] [net.minecraft.server.level.ServerLevel/]: Tried to add entity infectious:zombie but it was marked as removed already
[01Feb2026 08:13:53.698] [Server thread/WARN] [net.minecraft.server.level.ServerLevel/]: Tried to add entity infectious:zombie but it was marked as removed already
[01Feb2026 08:13:53.699] [Server thread/WARN] [net.minecraft.server.level.ServerLevel/]: Tried to add entity infectious:zombie but it was marked as removed already
[01Feb2026 08:13:56.418] [Server thread/WARN] [net.minecraft.server.level.ServerLevel/]: Tried to add entity infectious:burning_zombie but it was marked as removed already
[01Feb2026 08:13:56.418] [Server thread/WARN] [net.minecraft.server.level.ServerLevel/]: Tried to add entity infectious:zombie_climber but it was marked as removed already
[01Feb2026 08:13:56.418] [Server thread/WARN] [net.minecraft.server.level.ServerLevel/]: Tried to add entity infectious:zombie_climber but it was marked as removed already
[01Feb2026 08:13:56.418] [Server thread/WARN] [net.minecraft.server.level.ServerLevel/]: Tried to add entity infectious:burning_zombie but it was marked as removed already
[01Feb2026 08:14:00.083] [Server thread/WARN] [net.minecraft.server.level.ServerLevel/]: Tried to add entity infectious:zombie_farmer but it was marked as removed already
[01Feb2026 08:14:00.084] [Server thread/WARN] [net.minecraft.server.level.ServerLevel/]: Tried to add entity infectious:zombie_farmer but it was marked as removed already
[01Feb2026 08:14:00.084] [Server thread/WARN] [net.minecraft.server.level.ServerLevel/]: Tried to add entity infectious:angry_zombie but it was marked as removed already
[01Feb2026 08:14:00.084] [Server thread/WARN] [net.minecraft.server.level.ServerLevel/]: Tried to add entity infectious:angry_zombie but it was marked as removed already
[01Feb2026 08:14:00.137] [Server thread/WARN] [net.minecraft.server.level.ServerLevel/]: Tried to add entity infectious:bodyless_zombie but it was marked as removed already
[01Feb2026 08:14:00.684] [Server thread/WARN] [net.minecraft.server.level.ServerLevel/]: Tried to add entity infectious:zombified_bird but it was marked as removed already
[01Feb2026 08:14:00.754] [Server thread/WARN] [net.minecraft.server.level.ServerLevel/]: Tried to add entity infectious:armless_zombie but it was marked as removed already
[01Feb2026 08:14:00.754] [Server thread/WARN] [net.minecraft.server.level.ServerLevel/]: Tried to add entity infectious:armless_zombie but it was marked as removed already
[01Feb2026 08:14:00.755] [Server thread/WARN] [net.minecraft.server.level.ServerLevel/]: Tried to add entity infectious:door_zombie but it was marked as removed already
[01Feb2026 08:14:03.509] [Server thread/WARN] [net.minecraft.server.level.ServerLevel/]: Tried to add entity infectious:spore_zombie but it was marked as removed already
[01Feb2026 08:14:03.509] [Server thread/WARN] [net.minecraft.server.level.ServerLevel/]: Tried to add entity infectious:spore_zombie but it was marked as removed already
[01Feb2026 08:14:13.384] [Server thread/WARN] [net.minecraft.server.level.ServerLevel/]: Tried to add entity infectious:zombie_cook but it was marked as removed already
[01Feb2026 08:14:13.384] [Server thread/WARN] [net.minecraft.server.level.ServerLevel/]: Tried to add entity infectious:zombie_cook but it was marked as removed already
[01Feb2026 08:14:13.384] [Server thread/WARN] [net.minecraft.server.level.ServerLevel/]: Tried to add entity infectious:burning_zombie but it was marked as removed already
[01Feb2026 08:14:19.429] [Server thread/DEBUG] [xaero.pac.OpenPartiesAndClaims/]: Saving parties...
[01Feb2026 08:14:19.429] [Server thread/DEBUG] [xaero.pac.OpenPartiesAndClaims/]: Saving server info!
[01Feb2026 08:14:39.574] [Server thread/DEBUG] [net.minecraftforge.common.ForgeHooks/WP]: Gathering id map for writing to world save world
[01Feb2026 08:14:39.579] [Server thread/DEBUG] [net.minecraftforge.common.ForgeHooks/WP]: ID Map collection complete world
[01Feb2026 08:17:39.552] [Server thread/DEBUG] [xaero.pac.OpenPartiesAndClaims/]: Saving claims!
[01Feb2026 08:19:39.580] [Server thread/DEBUG] [net.minecraftforge.common.ForgeHooks/WP]: Gathering id map for writing to world save world
[01Feb2026 08:19:39.586] [Server thread/DEBUG] [net.minecraftforge.common.ForgeHooks/WP]: ID Map collection complete world
[01Feb2026 08:20:59.539] [Server thread/DEBUG] [xaero.pac.OpenPartiesAndClaims/]: Saving player configs...
[01Feb2026 08:24:19.438] [Server thread/DEBUG] [xaero.pac.OpenPartiesAndClaims/]: Saving parties...
[01Feb2026 08:24:19.438] [Server thread/DEBUG] [xaero.pac.OpenPartiesAndClaims/]: Saving server info!
[01Feb2026 08:24:39.587] [Server thread/DEBUG] [net.minecraftforge.common.ForgeHooks/WP]: Gathering id map for writing to world save world
[01Feb2026 08:24:39.593] [Server thread/DEBUG] [net.minecraftforge.common.ForgeHooks/WP]: ID Map collection complete world
[01Feb2026 08:24:42.784] [Server thread/WARN] [net.minecraft.server.level.ServerLevel/]: Tried to add entity infectious:armless_zombie but it was marked as removed already
[01Feb2026 08:24:42.784] [Server thread/WARN] [net.minecraft.server.level.ServerLevel/]: Tried to add entity infectious:armless_zombie but it was marked as removed already
[01Feb2026 08:24:42.784] [Server thread/WARN] [net.minecraft.server.level.ServerLevel/]: Tried to add entity infectious:fire_fighter_zombie but it was marked as removed already
[01Feb2026 08:24:42.785] [Server thread/WARN] [net.minecraft.server.level.ServerLevel/]: Tried to add entity infectious:fire_fighter_zombie but it was marked as removed already
[01Feb2026 08:24:42.833] [Server thread/WARN] [net.minecraft.server.level.ServerLevel/]: Tried to add entity infectious:iron_door_zombie but it was marked as removed already
[01Feb2026 08:24:42.833] [Server thread/WARN] [net.minecraft.server.level.ServerLevel/]: Tried to add entity infectious:iron_door_zombie but it was marked as removed already
[01Feb2026 08:24:53.434] [Server thread/WARN] [net.minecraft.server.level.ServerLevel/]: Tried to add entity infectious:burned_zombie but it was marked as removed already
[01Feb2026 08:24:56.435] [Server thread/WARN] [net.minecraft.server.level.ServerLevel/]: Tried to add entity infectious:burning_zombie but it was marked as removed already
[01Feb2026 08:24:56.436] [Server thread/WARN] [net.minecraft.server.level.ServerLevel/]: Tried to add entity infectious:burning_zombie but it was marked as removed already
[01Feb2026 08:24:56.436] [Server thread/WARN] [net.minecraft.server.level.ServerLevel/]: Tried to add entity infectious:burning_zombie but it was marked as removed already
[01Feb2026 08:24:57.885] [Server thread/WARN] [net.minecraft.server.level.ServerLevel/]: Tried to add entity infectious:zombie_runner but it was marked as removed already
[01Feb2026 08:24:57.886] [Server thread/WARN] [net.minecraft.server.level.ServerLevel/]: Tried to add entity infectious:pool_tube_zombie but it was marked as removed already
[01Feb2026 08:24:57.886] [Server thread/WARN] [net.minecraft.server.level.ServerLevel/]: Tried to add entity infectious:pool_tube_zombie but it was marked as removed already
[01Feb2026 08:24:57.886] [Server thread/WARN] [net.minecraft.server.level.ServerLevel/]: Tried to add entity infectious:enchanted_zombie but it was marked as removed already
[01Feb2026 08:24:58.014] [Server thread/WARN] [net.minecraft.server.level.ServerLevel/]: Tried to add entity infectious:zombie_cook but it was marked as removed already
[01Feb2026 08:24:58.015] [Server thread/WARN] [net.minecraft.server.level.ServerLevel/]: Tried to add entity infectious:zombie_cook but it was marked as removed already
[01Feb2026 08:24:58.015] [Server thread/WARN] [net.minecraft.server.level.ServerLevel/]: Tried to add entity infectious:zombie_cook but it was marked as removed already
[01Feb2026 08:24:58.015] [Server thread/WARN] [net.minecraft.server.level.ServerLevel/]: Tried to add entity infectious:fire_fighter_zombie but it was marked as removed already
[01Feb2026 08:24:59.158] [Server thread/WARN] [net.minecraft.server.level.ServerLevel/]: Tried to add entity infectious:pylon_zombie but it was marked as removed already
[01Feb2026 08:24:59.158] [Server thread/WARN] [net.minecraft.server.level.ServerLevel/]: Tried to add entity infectious:pylon_zombie but it was marked as removed already
[01Feb2026 08:24:59.158] [Server thread/WARN] [net.minecraft.server.level.ServerLevel/]: Tried to add entity infectious:pylon_zombie but it was marked as removed already
[01Feb2026 08:24:59.159] [Server thread/WARN] [net.minecraft.server.level.ServerLevel/]: Tried to add entity infectious:spore_zombie but it was marked as removed already
[01Feb2026 08:24:59.229] [Server thread/WARN] [net.minecraft.server.level.ServerLevel/]: Tried to add entity infectious:beekeeper_zombie but it was marked as removed already
[01Feb2026 08:25:01.685] [Server thread/WARN] [net.minecraft.server.level.ServerLevel/]: Tried to add entity infectious:zombie_police but it was marked as removed already
[01Feb2026 08:25:05.985] [Server thread/WARN] [net.minecraft.server.level.ServerLevel/]: Tried to add entity infectious:bodyless_zombie but it was marked as removed already
[01Feb2026 08:25:05.986] [Server thread/WARN] [net.minecraft.server.level.ServerLevel/]: Tried to add entity infectious:zombified_wolf but it was marked as removed already
[01Feb2026 08:25:05.986] [Server thread/WARN] [net.minecraft.server.level.ServerLevel/]: Tried to add entity infectious:zombified_wolf but it was marked as removed already
[01Feb2026 08:25:05.986] [Server thread/WARN] [net.minecraft.server.level.ServerLevel/]: Tried to add entity infectious:zombified_wolf but it was marked as removed already
[01Feb2026 08:25:08.535] [Server thread/WARN] [net.minecraft.server.level.ServerLevel/]: Tried to add entity infectious:zombie_clown but it was marked as removed already
[01Feb2026 08:25:08.535] [Server thread/WARN] [net.minecraft.server.level.ServerLevel/]: Tried to add entity infectious:zombie_clown but it was marked as removed already
[01Feb2026 08:25:08.535] [Server thread/WARN] [net.minecraft.server.level.ServerLevel/]: Tried to add entity infectious:zombie_clown but it was marked as removed already
[01Feb2026 08:25:08.535] [Server thread/WARN] [net.minecraft.server.level.ServerLevel/]: Tried to add entity infectious:zombie_clown but it was marked as removed already
[01Feb2026 08:25:21.184] [Server thread/WARN] [net.minecraft.server.level.ServerLevel/]: Tried to add entity infectious:franklin_zombie but it was marked as removed already
[01Feb2026 08:25:21.184] [Server thread/WARN] [net.minecraft.server.level.ServerLevel/]: Tried to add entity infectious:beekeeper_zombie but it was marked as removed already
[01Feb2026 08:25:21.184] [Server thread/WARN] [net.minecraft.server.level.ServerLevel/]: Tried to add entity infectious:beekeeper_zombie but it was marked as removed already
[01Feb2026 08:25:23.935] [Server thread/WARN] [net.minecraft.server.level.ServerLevel/]: Tried to add entity infectious:bouncer_zombie but it was marked as removed already
[01Feb2026 08:25:23.936] [Server thread/WARN] [net.minecraft.server.level.ServerLevel/]: Tried to add entity infectious:big_zombie but it was marked as removed already
[01Feb2026 08:25:23.936] [Server thread/WARN] [net.minecraft.server.level.ServerLevel/]: Tried to add entity infectious:football_player_zombie but it was marked as removed already
[01Feb2026 08:25:23.985] [Server thread/WARN] [net.minecraft.server.level.ServerLevel/]: Tried to add entity infectious:infectious_zombie but it was marked as removed already
[01Feb2026 08:25:25.436] [Server thread/WARN] [net.minecraft.server.level.ServerLevel/]: Tried to add entity infectious:construction_worker_zombie but it was marked as removed already
[01Feb2026 08:25:31.491] [Server thread/WARN] [net.minecraft.server.level.ServerLevel/]: Tried to add entity infectious:zombie_head but it was marked as removed already
[01Feb2026 08:25:31.563] [Server thread/WARN] [net.minecraft.server.level.ServerLevel/]: Tried to add entity infectious:brain_zombie but it was marked as removed already
[01Feb2026 08:25:31.564] [Server thread/WARN] [net.minecraft.server.level.ServerLevel/]: Tried to add entity infectious:brain_zombie but it was marked as removed already
[01Feb2026 08:25:31.564] [Server thread/WARN] [net.minecraft.server.level.ServerLevel/]: Tried to add entity infectious:brain_zombie but it was marked as removed already
[01Feb2026 08:25:31.640] [Server thread/WARN] [net.minecraft.server.level.ServerLevel/]: Tried to add entity infectious:robotic_zombie but it was marked as removed already
[01Feb2026 08:25:31.641] [Server thread/WARN] [net.minecraft.server.level.ServerLevel/]: Tried to add entity infectious:robotic_zombie but it was marked as removed already
[01Feb2026 08:25:31.641] [Server thread/WARN] [net.minecraft.server.level.ServerLevel/]: Tried to add entity infectious:robotic_zombie but it was marked as removed already
[01Feb2026 08:25:31.711] [Server thread/WARN] [net.minecraft.server.level.ServerLevel/]: Tried to add entity infectious:zombie_horseman but it was marked as removed already
[01Feb2026 08:25:31.711] [Server thread/WARN] [net.minecraft.server.level.ServerLevel/]: Tried to add entity infectious:zombie_cook but it was marked as removed already
[01Feb2026 08:25:31.779] [Server thread/WARN] [net.minecraft.server.level.ServerLevel/]: Tried to add entity infectious:zombie_painter but it was marked as removed already
[01Feb2026 08:25:31.779] [Server thread/WARN] [net.minecraft.server.level.ServerLevel/]: Tried to add entity infectious:zombie_painter but it was marked as removed already
[01Feb2026 08:25:31.780] [Server thread/WARN] [net.minecraft.server.level.ServerLevel/]: Tried to add entity infectious:zombie_painter but it was marked as removed already
[01Feb2026 08:25:43.383] [Server thread/WARN] [net.minecraft.server.level.ServerLevel/]: Tried to add entity infectious:zombified_wolf but it was marked as removed already
[01Feb2026 08:25:43.384] [Server thread/WARN] [net.minecraft.server.level.ServerLevel/]: Tried to add entity infectious:zombified_wolf but it was marked as removed already
[01Feb2026 08:25:43.384] [Server thread/WARN] [net.minecraft.server.level.ServerLevel/]: Tried to add entity infectious:zombified_wolf but it was marked as removed already
[01Feb2026 08:25:43.384] [Server thread/WARN] [net.minecraft.server.level.ServerLevel/]: Tried to add entity infectious:zombified_wolf but it was marked as removed already
[01Feb2026 08:25:57.286] [Server thread/WARN] [net.minecraft.server.level.ServerLevel/]: Tried to add entity infectious:screamer but it was marked as removed already
[01Feb2026 08:25:57.286] [Server thread/WARN] [net.minecraft.server.level.ServerLevel/]: Tried to add entity infectious:screamer but it was marked as removed already
[01Feb2026 08:25:57.287] [Server thread/WARN] [net.minecraft.server.level.ServerLevel/]: Tried to add entity infectious:screamer but it was marked as removed already
[01Feb2026 08:26:02.786] [Server thread/WARN] [net.minecraft.server.level.ServerLevel/]: Tried to add entity infectious:zombie_doctor but it was marked as removed already
[01Feb2026 08:26:03.334] [Server thread/WARN] [net.minecraft.server.level.ServerLevel/]: Tried to add entity infectious:zombie_head but it was marked as removed already
[01Feb2026 08:26:03.334] [Server thread/WARN] [net.minecraft.server.level.ServerLevel/]: Tried to add entity infectious:zombie_head but it was marked as removed already
[01Feb2026 08:26:03.335] [Server thread/WARN] [net.minecraft.server.level.ServerLevel/]: Tried to add entity infectious:crawling_zombie but it was marked as removed already
[01Feb2026 08:26:03.335] [Server thread/WARN] [net.minecraft.server.level.ServerLevel/]: Tried to add entity infectious:pumpkin_zombie but it was marked as removed already
[01Feb2026 08:27:39.579] [Server thread/DEBUG] [xaero.pac.OpenPartiesAndClaims/]: Saving claims!
[01Feb2026 08:29:39.592] [Server thread/DEBUG] [net.minecraftforge.common.ForgeHooks/WP]: Gathering id map for writing to world save world
[01Feb2026 08:29:39.599] [Server thread/DEBUG] [net.minecraftforge.common.ForgeHooks/WP]: ID Map collection complete world
[01Feb2026 08:30:59.553] [Server thread/DEBUG] [xaero.pac.OpenPartiesAndClaims/]: Saving player configs...
[01Feb2026 08:33:19.751] [Server thread/WARN] [net.minecraft.server.level.ServerLevel/]: Tried to add entity infectious:screamer but it was marked as removed already
[01Feb2026 08:33:19.751] [Server thread/WARN] [net.minecraft.server.level.ServerLevel/]: Tried to add entity infectious:screamer but it was marked as removed already
[01Feb2026 08:33:19.752] [Server thread/WARN] [net.minecraft.server.level.ServerLevel/]: Tried to add entity infectious:screamer but it was marked as removed already
[01Feb2026 08:33:19.752] [Server thread/WARN] [net.minecraft.server.level.ServerLevel/]: Tried to add entity infectious:screamer but it was marked as removed already
[01Feb2026 08:33:19.811] [Server thread/WARN] [net.minecraft.server.level.ServerLevel/]: Tried to add entity infectious:zombie_climber but it was marked as removed already
[01Feb2026 08:33:19.811] [Server thread/WARN] [net.minecraft.server.level.ServerLevel/]: Tried to add entity infectious:burned_zombie but it was marked as removed already
[01Feb2026 08:33:19.812] [Server thread/WARN] [net.minecraft.server.level.ServerLevel/]: Tried to add entity infectious:enchanted_zombie but it was marked as removed already
[01Feb2026 08:33:19.812] [Server thread/WARN] [net.minecraft.server.level.ServerLevel/]: Tried to add entity infectious:enchanted_zombie but it was marked as removed already
[01Feb2026 08:33:20.584] [Server thread/WARN] [net.minecraft.server.level.ServerLevel/]: Tried to add entity infectious:zombified_spider but it was marked as removed already
[01Feb2026 08:33:20.585] [Server thread/WARN] [net.minecraft.server.level.ServerLevel/]: Tried to add entity infectious:zombified_spider but it was marked as removed already
[01Feb2026 08:33:20.585] [Server thread/WARN] [net.minecraft.server.level.ServerLevel/]: Tried to add entity infectious:zombified_spider but it was marked as removed already
[01Feb2026 08:33:20.585] [Server thread/WARN] [net.minecraft.server.level.ServerLevel/]: Tried to add entity infectious:zombified_spider but it was marked as removed already
[01Feb2026 08:33:25.239] [Server thread/WARN] [net.minecraft.server.level.ServerLevel/]: Tried to add entity infectious:bucket_zombie but it was marked as removed already
[01Feb2026 08:33:25.239] [Server thread/WARN] [net.minecraft.server.level.ServerLevel/]: Tried to add entity infectious:blind_zombie but it was marked as removed already
[01Feb2026 08:33:33.034] [Server thread/WARN] [net.minecraft.server.level.ServerLevel/]: Tried to add entity infectious:zombie_painter but it was marked as removed already
[01Feb2026 08:33:33.035] [Server thread/WARN] [net.minecraft.server.level.ServerLevel/]: Tried to add entity infectious:mecha_zombie but it was marked as removed already
[01Feb2026 08:33:33.035] [Server thread/WARN] [net.minecraft.server.level.ServerLevel/]: Tried to add entity infectious:mecha_zombie but it was marked as removed already
[01Feb2026 08:33:44.953] [Server thread/WARN] [net.minecraft.server.level.ServerLevel/]: Tried to add entity infectious:door_zombie but it was marked as removed already
[01Feb2026 08:33:44.953] [Server thread/WARN] [net.minecraft.server.level.ServerLevel/]: Tried to add entity infectious:door_zombie but it was marked as removed already
[01Feb2026 08:33:45.467] [Server thread/WARN] [net.minecraft.server.level.ServerLevel/]: Tried to add entity infectious:zombie_doctor but it was marked as removed already
[01Feb2026 08:33:45.467] [Server thread/WARN] [net.minecraft.server.level.ServerLevel/]: Tried to add entity infectious:zombie_doctor but it was marked as removed already
[01Feb2026 08:33:45.467] [Server thread/WARN] [net.minecraft.server.level.ServerLevel/]: Tried to add entity infectious:pylon_zombie but it was marked as removed already
[01Feb2026 08:33:45.468] [Server thread/WARN] [net.minecraft.server.level.ServerLevel/]: Tried to add entity infectious:pylon_zombie but it was marked as removed already
[01Feb2026 08:33:46.828] [Server thread/WARN] [net.minecraft.server.level.ServerLevel/]: Tried to add entity infectious:football_player_zombie but it was marked as removed already
[01Feb2026 08:33:46.828] [Server thread/WARN] [net.minecraft.server.level.ServerLevel/]: Tried to add entity infectious:football_player_zombie but it was marked as removed already
[01Feb2026 08:33:46.892] [Server thread/WARN] [net.minecraft.server.level.ServerLevel/]: Tried to add entity infectious:zombie_horseman but it was marked as removed already
[01Feb2026 08:33:46.892] [Server thread/WARN] [net.minecraft.server.level.ServerLevel/]: Tried to add entity infectious:zombie_horseman but it was marked as removed already
[01Feb2026 08:33:46.892] [Server thread/WARN] [net.minecraft.server.level.ServerLevel/]: Tried to add entity infectious:zombie_horseman but it was marked as removed already
[01Feb2026 08:33:50.983] [Server thread/WARN] [net.minecraft.server.level.ServerLevel/]: Tried to add entity infectious:crawling_zombie but it was marked as removed already
[01Feb2026 08:33:51.986] [Server thread/WARN] [net.minecraft.server.level.ServerLevel/]: Tried to add entity infectious:bucket_zombie but it was marked as removed already
[01Feb2026 08:33:52.035] [Server thread/WARN] [net.minecraft.server.level.ServerLevel/]: Tried to add entity infectious:baseball_bat_zombie but it was marked as removed already
[01Feb2026 08:33:52.085] [Server thread/WARN] [net.minecraft.server.level.ServerLevel/]: Tried to add entity infectious:zombie but it was marked as removed already
[01Feb2026 08:33:52.085] [Server thread/WARN] [net.minecraft.server.level.ServerLevel/]: Tried to add entity infectious:zombie but it was marked as removed already
[01Feb2026 08:34:07.784] [Server thread/WARN] [net.minecraft.server.level.ServerLevel/]: Tried to add entity infectious:spore_zombie but it was marked as removed already
[01Feb2026 08:34:07.784] [Server thread/WARN] [net.minecraft.server.level.ServerLevel/]: Tried to add entity infectious:spore_zombie but it was marked as removed already
[01Feb2026 08:34:07.785] [Server thread/WARN] [net.minecraft.server.level.ServerLevel/]: Tried to add entity infectious:balloon_zombie but it was marked as removed already
[01Feb2026 08:34:07.785] [Server thread/WARN] [net.minecraft.server.level.ServerLevel/]: Tried to add entity infectious:balloon_zombie but it was marked as removed already
[01Feb2026 08:34:07.837] [Server thread/WARN] [net.minecraft.server.level.ServerLevel/]: Tried to add entity infectious:zombie_painter but it was marked as removed already
[01Feb2026 08:34:07.885] [Server thread/WARN] [net.minecraft.server.level.ServerLevel/]: Tried to add entity infectious:angry_zombie but it was marked as removed already
[01Feb2026 08:34:09.783] [Server thread/WARN] [net.minecraft.server.level.ServerLevel/]: Tried to add entity infectious:zombie_police but it was marked as removed already
[01Feb2026 08:34:09.783] [Server thread/WARN] [net.minecraft.server.level.ServerLevel/]: Tried to add entity infectious:zombie_police but it was marked as removed already
[01Feb2026 08:34:09.783] [Server thread/WARN] [net.minecraft.server.level.ServerLevel/]: Tried to add entity infectious:zombie_police but it was marked as removed already
[01Feb2026 08:34:09.784] [Server thread/WARN] [net.minecraft.server.level.ServerLevel/]: Tried to add entity infectious:zombie_police but it was marked as removed already
[01Feb2026 08:34:12.985] [Server thread/WARN] [net.minecraft.server.level.ServerLevel/]: Tried to add entity infectious:zombie_breeder but it was marked as removed already
[01Feb2026 08:34:13.673] [Server thread/INFO] [net.minecraft.server.MinecraftServer/]: Aureyaza has made the advancement [Breaking Bad]
[01Feb2026 08:34:14.193] [Server thread/WARN] [net.minecraft.server.level.ServerLevel/]: Tried to add entity infectious:zombified_boar but it was marked as removed already
[01Feb2026 08:34:14.193] [Server thread/WARN] [net.minecraft.server.level.ServerLevel/]: Tried to add entity infectious:zombified_boar but it was marked as removed already
[01Feb2026 08:34:14.193] [Server thread/WARN] [net.minecraft.server.level.ServerLevel/]: Tried to add entity infectious:zombified_boar but it was marked as removed already
[01Feb2026 08:34:14.193] [Server thread/WARN] [net.minecraft.server.level.ServerLevel/]: Tried to add entity infectious:zombified_boar but it was marked as removed already
[01Feb2026 08:34:14.638] [Server thread/WARN] [net.minecraft.server.level.ServerLevel/]: Tried to add entity infectious:zombie_clown but it was marked as removed already
[01Feb2026 08:34:19.467] [Server thread/DEBUG] [xaero.pac.OpenPartiesAndClaims/]: Saving parties...
[01Feb2026 08:34:19.467] [Server thread/DEBUG] [xaero.pac.OpenPartiesAndClaims/]: Saving server info!
[01Feb2026 08:34:19.772] [Server thread/WARN] [net.minecraft.server.level.ServerLevel/]: Tried to add entity infectious:angry_zombie but it was marked as removed already
[01Feb2026 08:34:26.583] [Server thread/WARN] [net.minecraft.server.level.ServerLevel/]: Tried to add entity infectious:crawling_zombie but it was marked as removed already
[01Feb2026 08:34:26.583] [Server thread/WARN] [net.minecraft.server.level.ServerLevel/]: Tried to add entity infectious:crawling_zombie but it was marked as removed already
[01Feb2026 08:34:26.635] [Server thread/WARN] [net.minecraft.server.level.ServerLevel/]: Tried to add entity infectious:spore_zombie but it was marked as removed already
[01Feb2026 08:34:27.988] [Server thread/WARN] [net.minecraft.server.level.ServerLevel/]: Tried to add entity infectious:zombie_bomber but it was marked as removed already
[01Feb2026 08:34:27.988] [Server thread/WARN] [net.minecraft.server.level.ServerLevel/]: Tried to add entity infectious:zombie_bomber but it was marked as removed already
[01Feb2026 08:34:27.988] [Server thread/WARN] [net.minecraft.server.level.ServerLevel/]: Tried to add entity infectious:zombie_bomber but it was marked as removed already
[01Feb2026 08:34:27.989] [Server thread/WARN] [net.minecraft.server.level.ServerLevel/]: Tried to add entity infectious:zombie_bomber but it was marked as removed already
[01Feb2026 08:34:28.060] [Server thread/WARN] [net.minecraft.server.level.ServerLevel/]: Tried to add entity infectious:zombified_bird but it was marked as removed already
[01Feb2026 08:34:28.060] [Server thread/WARN] [net.minecraft.server.level.ServerLevel/]: Tried to add entity infectious:zombified_bird but it was marked as removed already
[01Feb2026 08:34:28.061] [Server thread/WARN] [net.minecraft.server.level.ServerLevel/]: Tried to add entity infectious:zombified_bird but it was marked as removed already
[01Feb2026 08:34:28.061] [Server thread/WARN] [net.minecraft.server.level.ServerLevel/]: Tried to add entity infectious:zombified_bird but it was marked as removed already
[01Feb2026 08:34:33.284] [Server thread/WARN] [net.minecraft.server.level.ServerLevel/]: Tried to add entity infectious:zombified_boar but it was marked as removed already
[01Feb2026 08:34:39.576] [Server thread/DEBUG] [net.minecraftforge.common.ForgeHooks/WP]: Gathering id map for writing to world save world
[01Feb2026 08:34:39.582] [Server thread/DEBUG] [net.minecraftforge.common.ForgeHooks/WP]: ID Map collection complete world
[01Feb2026 08:37:39.629] [Server thread/DEBUG] [xaero.pac.OpenPartiesAndClaims/]: Saving claims!
[01Feb2026 08:39:39.577] [Server thread/DEBUG] [net.minecraftforge.common.ForgeHooks/WP]: Gathering id map for writing to world save world
[01Feb2026 08:39:39.582] [Server thread/DEBUG] [net.minecraftforge.common.ForgeHooks/WP]: ID Map collection complete world
[01Feb2026 08:40:59.590] [Server thread/DEBUG] [xaero.pac.OpenPartiesAndClaims/]: Saving player configs...
[01Feb2026 08:44:19.479] [Server thread/DEBUG] [xaero.pac.OpenPartiesAndClaims/]: Saving parties...
[01Feb2026 08:44:19.479] [Server thread/DEBUG] [xaero.pac.OpenPartiesAndClaims/]: Saving server info!
[01Feb2026 08:44:39.601] [Server thread/DEBUG] [net.minecraftforge.common.ForgeHooks/WP]: Gathering id map for writing to world save world
[01Feb2026 08:44:39.607] [Server thread/DEBUG] [net.minecraftforge.common.ForgeHooks/WP]: ID Map collection complete world
[01Feb2026 08:45:09.335] [Server thread/WARN] [net.minecraft.server.level.ServerLevel/]: Tried to add entity infectious:balloon_zombie but it was marked as removed already
[01Feb2026 08:45:09.384] [Server thread/WARN] [net.minecraft.server.level.ServerLevel/]: Tried to add entity infectious:pumpkin_zombie but it was marked as removed already
[01Feb2026 08:45:09.384] [Server thread/WARN] [net.minecraft.server.level.ServerLevel/]: Tried to add entity infectious:pumpkin_zombie but it was marked as removed already
[01Feb2026 08:45:09.385] [Server thread/WARN] [net.minecraft.server.level.ServerLevel/]: Tried to add entity infectious:pumpkin_zombie but it was marked as removed already
[01Feb2026 08:45:09.385] [Server thread/WARN] [net.minecraft.server.level.ServerLevel/]: Tried to add entity infectious:pumpkin_zombie but it was marked as removed already
[01Feb2026 08:45:11.034] [Server thread/WARN] [net.minecraft.server.level.ServerLevel/]: Tried to add entity infectious:zombie_painter but it was marked as removed already
[01Feb2026 08:45:11.034] [Server thread/WARN] [net.minecraft.server.level.ServerLevel/]: Tried to add entity infectious:zombie_painter but it was marked as removed already
[01Feb2026 08:45:14.504] [Server thread/WARN] [net.minecraft.server.level.ServerLevel/]: Tried to add entity infectious:sleepy_zombie but it was marked as removed already
[01Feb2026 08:45:17.232] [Server thread/WARN] [net.minecraft.server.level.ServerLevel/]: Tried to add entity infectious:iron_door_zombie but it was marked as removed already
[01Feb2026 08:45:22.272] [Server thread/WARN] [net.minecraft.server.level.ServerLevel/]: Tried to add entity infectious:burned_zombie but it was marked as removed already
[01Feb2026 08:45:22.273] [Server thread/WARN] [net.minecraft.server.level.ServerLevel/]: Tried to add entity infectious:burned_zombie but it was marked as removed already
[01Feb2026 08:45:22.341] [Server thread/WARN] [net.minecraft.server.level.ServerLevel/]: Tried to add entity infectious:zombie but it was marked as removed already
[01Feb2026 08:45:22.341] [Server thread/WARN] [net.minecraft.server.level.ServerLevel/]: Tried to add entity infectious:zombie but it was marked as removed already
[01Feb2026 08:45:32.573] [Server thread/WARN] [net.minecraft.server.level.ServerLevel/]: Tried to add entity infectious:fire_fighter_zombie but it was marked as removed already
[01Feb2026 08:45:36.887] [Server thread/WARN] [net.minecraft.server.level.ServerLevel/]: Tried to add entity infectious:psycho_zombie but it was marked as removed already
[01Feb2026 08:45:36.960] [Server thread/WARN] [net.minecraft.server.level.ServerLevel/]: Tried to add entity infectious:radioactive_zombie but it was marked as removed already
[01Feb2026 08:45:36.961] [Server thread/WARN] [net.minecraft.server.level.ServerLevel/]: Tried to add entity infectious:radioactive_zombie but it was marked as removed already
[01Feb2026 08:45:37.014] [Server thread/WARN] [net.minecraft.server.level.ServerLevel/]: Tried to add entity infectious:hazmat_zombie but it was marked as removed already
[01Feb2026 08:45:37.014] [Server thread/WARN] [net.minecraft.server.level.ServerLevel/]: Tried to add entity infectious:hazmat_zombie but it was marked as removed already
[01Feb2026 08:45:37.014] [Server thread/WARN] [net.minecraft.server.level.ServerLevel/]: Tried to add entity infectious:zombie_girl but it was marked as removed already
[01Feb2026 08:45:37.014] [Server thread/WARN] [net.minecraft.server.level.ServerLevel/]: Tried to add entity infectious:zombie but it was marked as removed already
[01Feb2026 08:45:41.738] [Server thread/WARN] [net.minecraft.server.level.ServerLevel/]: Tried to add entity infectious:zombified_bird but it was marked as removed already
[01Feb2026 08:45:52.249] [Server thread/WARN] [net.minecraft.server.level.ServerLevel/]: Tried to add entity infectious:door_zombie but it was marked as removed already
[01Feb2026 08:46:03.384] [Server thread/WARN] [net.minecraft.server.level.ServerLevel/]: Tried to add entity infectious:mc_donalds_worker_zombie but it was marked as removed already
[01Feb2026 08:46:03.385] [Server thread/WARN] [net.minecraft.server.level.ServerLevel/]: Tried to add entity infectious:mc_donalds_worker_zombie but it was marked as removed already
[01Feb2026 08:46:03.385] [Server thread/WARN] [net.minecraft.server.level.ServerLevel/]: Tried to add entity infectious:zombie but it was marked as removed already
[01Feb2026 08:47:39.649] [Server thread/DEBUG] [xaero.pac.OpenPartiesAndClaims/]: Saving claims!
[01Feb2026 08:49:39.633] [Server thread/DEBUG] [net.minecraftforge.common.ForgeHooks/WP]: Gathering id map for writing to world save world
[01Feb2026 08:49:39.638] [Server thread/DEBUG] [net.minecraftforge.common.ForgeHooks/WP]: ID Map collection complete world
[01Feb2026 08:50:59.629] [Server thread/DEBUG] [xaero.pac.OpenPartiesAndClaims/]: Saving player configs...
[01Feb2026 08:53:31.525] [Server thread/WARN] [net.minecraft.server.level.ServerLevel/]: Tried to add entity infectious:firework_zombie but it was marked as removed already
[01Feb2026 08:53:31.525] [Server thread/WARN] [net.minecraft.server.level.ServerLevel/]: Tried to add entity infectious:firework_zombie but it was marked as removed already
[01Feb2026 08:53:32.252] [Server thread/WARN] [net.minecraft.server.level.ServerLevel/]: Tried to add entity infectious:bucket_zombie but it was marked as removed already
[01Feb2026 08:53:36.982] [Server thread/WARN] [net.minecraft.server.level.ServerLevel/]: Tried to add entity infectious:angry_zombie but it was marked as removed already
[01Feb2026 08:53:36.982] [Server thread/WARN] [net.minecraft.server.level.ServerLevel/]: Tried to add entity infectious:angry_zombie but it was marked as removed already
[01Feb2026 08:53:36.983] [Server thread/WARN] [net.minecraft.server.level.ServerLevel/]: Tried to add entity infectious:angry_zombie but it was marked as removed already
[01Feb2026 08:53:37.059] [Server thread/WARN] [net.minecraft.server.level.ServerLevel/]: Tried to add entity infectious:security_zombie but it was marked as removed already
[01Feb2026 08:53:39.584] [Server thread/WARN] [net.minecraft.server.level.ServerLevel/]: Tried to add entity infectious:door_zombie but it was marked as removed already
[01Feb2026 08:53:50.260] [Server thread/WARN] [net.minecraft.server.level.ServerLevel/]: Tried to add entity infectious:zombified_boar but it was marked as removed already
[01Feb2026 08:53:50.260] [Server thread/WARN] [net.minecraft.server.level.ServerLevel/]: Tried to add entity infectious:zombified_boar but it was marked as removed already
[01Feb2026 08:53:50.261] [Server thread/WARN] [net.minecraft.server.level.ServerLevel/]: Tried to add entity infectious:zombified_boar but it was marked as removed already
[01Feb2026 08:53:50.261] [Server thread/WARN] [net.minecraft.server.level.ServerLevel/]: Tried to add entity infectious:zombified_boar but it was marked as removed already
[01Feb2026 08:53:54.635] [Server thread/WARN] [net.minecraft.server.level.ServerLevel/]: Tried to add entity infectious:zombie_girl but it was marked as removed already
[01Feb2026 08:53:54.636] [Server thread/WARN] [net.minecraft.server.level.ServerLevel/]: Tried to add entity infectious:zombie_girl but it was marked as removed already
[01Feb2026 08:53:54.636] [Server thread/WARN] [net.minecraft.server.level.ServerLevel/]: Tried to add entity infectious:zombie_girl but it was marked as removed already
[01Feb2026 08:54:00.736] [Server thread/WARN] [net.minecraft.server.level.ServerLevel/]: Tried to add entity infectious:zombie_bomber but it was marked as removed already
[01Feb2026 08:54:00.736] [Server thread/WARN] [net.minecraft.server.level.ServerLevel/]: Tried to add entity infectious:zombie_bomber but it was marked as removed already
[01Feb2026 08:54:03.490] [Server thread/WARN] [net.minecraft.server.level.ServerLevel/]: Tried to add entity infectious:iron_door_zombie but it was marked as removed already
[01Feb2026 08:54:03.506] [Server thread/WARN] [net.minecraft.server.level.ServerLevel/]: Tried to add entity infectious:door_zombie but it was marked as removed already
[01Feb2026 08:54:03.506] [Server thread/WARN] [net.minecraft.server.level.ServerLevel/]: Tried to add entity infectious:door_zombie but it was marked as removed already
[01Feb2026 08:54:04.367] [Server thread/WARN] [net.minecraft.server.level.ServerLevel/]: Tried to add entity infectious:zombie_warrior but it was marked as removed already
[01Feb2026 08:54:09.585] [Server thread/WARN] [net.minecraft.server.level.ServerLevel/]: Tried to add entity infectious:zombified_spider but it was marked as removed already
[01Feb2026 08:54:10.938] [Server thread/WARN] [net.minecraft.server.level.ServerLevel/]: Tried to add entity infectious:hazmat_zombie but it was marked as removed already
[01Feb2026 08:54:10.939] [Server thread/WARN] [net.minecraft.server.level.ServerLevel/]: Tried to add entity infectious:tower_zombie_1 but it was marked as removed already
[01Feb2026 08:54:10.939] [Server thread/WARN] [net.minecraft.server.level.ServerLevel/]: Tried to add entity infectious:tower_zombie_1 but it was marked as removed already
[01Feb2026 08:54:10.985] [Server thread/WARN] [net.minecraft.server.level.ServerLevel/]: Tried to add entity infectious:claw_zombie but it was marked as removed already
[01Feb2026 08:54:10.985] [Server thread/WARN] [net.minecraft.server.level.ServerLevel/]: Tried to add entity infectious:infectious_zombie but it was marked as removed already
[01Feb2026 08:54:10.985] [Server thread/WARN] [net.minecraft.server.level.ServerLevel/]: Tried to add entity infectious:infectious_zombie but it was marked as removed already
[01Feb2026 08:54:12.786] [Server thread/WARN] [net.minecraft.server.level.ServerLevel/]: Tried to add entity infectious:pool_tube_zombie but it was marked as removed already
[01Feb2026 08:54:12.786] [Server thread/WARN] [net.minecraft.server.level.ServerLevel/]: Tried to add entity infectious:balloon_zombie but it was marked as removed already
[01Feb2026 08:54:12.786] [Server thread/WARN] [net.minecraft.server.level.ServerLevel/]: Tried to add entity infectious:balloon_zombie but it was marked as removed already
[01Feb2026 08:54:12.787] [Server thread/WARN] [net.minecraft.server.level.ServerLevel/]: Tried to add entity infectious:zombie_archer but it was marked as removed already
[01Feb2026 08:54:19.529] [Server thread/DEBUG] [xaero.pac.OpenPartiesAndClaims/]: Saving parties...
[01Feb2026 08:54:19.529] [Server thread/DEBUG] [xaero.pac.OpenPartiesAndClaims/]: Saving server info!
[01Feb2026 08:54:39.716] [Server thread/DEBUG] [net.minecraftforge.common.ForgeHooks/WP]: Gathering id map for writing to world save world
[01Feb2026 08:54:39.722] [Server thread/DEBUG] [net.minecraftforge.common.ForgeHooks/WP]: ID Map collection complete world
[01Feb2026 08:57:39.676] [Server thread/DEBUG] [xaero.pac.OpenPartiesAndClaims/]: Saving claims!
[01Feb2026 08:59:39.693] [Server thread/DEBUG] [net.minecraftforge.common.ForgeHooks/WP]: Gathering id map for writing to world save world
[01Feb2026 08:59:39.700] [Server thread/DEBUG] [net.minecraftforge.common.ForgeHooks/WP]: ID Map collection complete world
[01Feb2026 09:00:59.637] [Server thread/DEBUG] [xaero.pac.OpenPartiesAndClaims/]: Saving player configs...
[01Feb2026 09:04:19.579] [Server thread/DEBUG] [xaero.pac.OpenPartiesAndClaims/]: Saving parties...
[01Feb2026 09:04:19.579] [Server thread/DEBUG] [xaero.pac.OpenPartiesAndClaims/]: Saving server info!
[01Feb2026 09:04:39.669] [Server thread/DEBUG] [net.minecraftforge.common.ForgeHooks/WP]: Gathering id map for writing to world save world
[01Feb2026 09:04:39.675] [Server thread/DEBUG] [net.minecraftforge.common.ForgeHooks/WP]: ID Map collection complete world
[01Feb2026 09:05:09.938] [Server thread/WARN] [net.minecraft.server.level.ServerLevel/]: Tried to add entity infectious:chained_zombie but it was marked as removed already
[01Feb2026 09:05:09.939] [Server thread/WARN] [net.minecraft.server.level.ServerLevel/]: Tried to add entity infectious:chained_zombie but it was marked as removed already
[01Feb2026 09:05:09.985] [Server thread/WARN] [net.minecraft.server.level.ServerLevel/]: Tried to add entity infectious:zombie_agent but it was marked as removed already
[01Feb2026 09:05:13.734] [Server thread/WARN] [net.minecraft.server.level.ServerLevel/]: Tried to add entity infectious:zombie_lumberjack but it was marked as removed already
[01Feb2026 09:05:13.734] [Server thread/WARN] [net.minecraft.server.level.ServerLevel/]: Tried to add entity infectious:zombie_lumberjack but it was marked as removed already
[01Feb2026 09:05:13.736] [Server thread/WARN] [net.minecraft.server.level.ServerLevel/]: Tried to add entity infectious:bucket_zombie but it was marked as removed already
[01Feb2026 09:05:21.327] [Server thread/WARN] [net.minecraft.server.level.ServerLevel/]: Tried to add entity infectious:zombie_cook but it was marked as removed already
[01Feb2026 09:05:21.327] [Server thread/WARN] [net.minecraft.server.level.ServerLevel/]: Tried to add entity infectious:zombie_cook but it was marked as removed already
[01Feb2026 09:05:56.887] [Server thread/WARN] [net.minecraft.server.level.ServerLevel/]: Tried to add entity infectious:zombie but it was marked as removed already
[01Feb2026 09:05:56.888] [Server thread/WARN] [net.minecraft.server.level.ServerLevel/]: Tried to add entity infectious:zombie but it was marked as removed already
[01Feb2026 09:05:56.888] [Server thread/WARN] [net.minecraft.server.level.ServerLevel/]: Tried to add entity infectious:zombie but it was marked as removed already
[01Feb2026 09:05:56.888] [Server thread/WARN] [net.minecraft.server.level.ServerLevel/]: Tried to add entity infectious:zombie but it was marked as removed already
[01Feb2026 09:05:56.955] [Server thread/WARN] [net.minecraft.server.level.ServerLevel/]: Tried to add entity infectious:brain_zombie but it was marked as removed already
[01Feb2026 09:05:56.955] [Server thread/WARN] [net.minecraft.server.level.ServerLevel/]: Tried to add entity infectious:brain_zombie but it was marked as removed already
[01Feb2026 09:05:56.955] [Server thread/WARN] [net.minecraft.server.level.ServerLevel/]: Tried to add entity infectious:brain_zombie but it was marked as removed already
[01Feb2026 09:05:56.955] [Server thread/WARN] [net.minecraft.server.level.ServerLevel/]: Tried to add entity infectious:brain_zombie but it was marked as removed already
[01Feb2026 09:06:03.081] [Server thread/WARN] [net.minecraft.server.level.ServerLevel/]: Tried to add entity infectious:zombie_girl but it was marked as removed already
[01Feb2026 09:06:03.081] [Server thread/WARN] [net.minecraft.server.level.ServerLevel/]: Tried to add entity infectious:zombie_girl but it was marked as removed already
[01Feb2026 09:06:03.082] [Server thread/WARN] [net.minecraft.server.level.ServerLevel/]: Tried to add entity infectious:door_zombie but it was marked as removed already
[01Feb2026 09:06:03.082] [Server thread/WARN] [net.minecraft.server.level.ServerLevel/]: Tried to add entity infectious:door_zombie but it was marked as removed already
[01Feb2026 09:07:39.679] [Server thread/DEBUG] [xaero.pac.OpenPartiesAndClaims/]: Saving claims!
[01Feb2026 09:07:49.434] [Server thread/WARN] [net.minecraft.server.level.ServerLevel/]: Tried to add entity infectious:zombie_hitler but it was marked as removed already
[01Feb2026 09:07:49.435] [Server thread/WARN] [net.minecraft.server.level.ServerLevel/]: Tried to add entity infectious:zombie_hitler but it was marked as removed already
[01Feb2026 09:09:39.606] [Server thread/DEBUG] [net.minecraftforge.common.ForgeHooks/WP]: Gathering id map for writing to world save world
[01Feb2026 09:09:39.612] [Server thread/DEBUG] [net.minecraftforge.common.ForgeHooks/WP]: ID Map collection complete world
[01Feb2026 09:10:59.679] [Server thread/DEBUG] [xaero.pac.OpenPartiesAndClaims/]: Saving player configs...
[01Feb2026 09:11:47.198] [Server thread/INFO] [net.minecraft.server.MinecraftServer/]: Aureyaza has made the advancement [I'm the law]
[01Feb2026 09:13:19.238] [Server thread/WARN] [net.minecraft.server.level.ServerLevel/]: Tried to add entity infectious:zombie but it was marked as removed already
[01Feb2026 09:13:19.238] [Server thread/WARN] [net.minecraft.server.level.ServerLevel/]: Tried to add entity infectious:zombie but it was marked as removed already
[01Feb2026 09:13:19.238] [Server thread/WARN] [net.minecraft.server.level.ServerLevel/]: Tried to add entity infectious:zombie_painter but it was marked as removed already
[01Feb2026 09:13:19.238] [Server thread/WARN] [net.minecraft.server.level.ServerLevel/]: Tried to add entity infectious:maggot_zombie but it was marked as removed already
[01Feb2026 09:13:19.291] [Server thread/WARN] [net.minecraft.server.level.ServerLevel/]: Tried to add entity infectious:zombie_prisoner but it was marked as removed already
[01Feb2026 09:13:19.292] [Server thread/WARN] [net.minecraft.server.level.ServerLevel/]: Tried to add entity infectious:zombie_scientist but it was marked as removed already
[01Feb2026 09:13:19.292] [Server thread/WARN] [net.minecraft.server.level.ServerLevel/]: Tried to add entity infectious:zombie_scientist but it was marked as removed already
[01Feb2026 09:13:19.341] [Server thread/WARN] [net.minecraft.server.level.ServerLevel/]: Tried to add entity infectious:zombie but it was marked as removed already
[01Feb2026 09:13:19.342] [Server thread/WARN] [net.minecraft.server.level.ServerLevel/]: Tried to add entity infectious:zombie but it was marked as removed already
[01Feb2026 09:13:19.342] [Server thread/WARN] [net.minecraft.server.level.ServerLevel/]: Tried to add entity infectious:zombie but it was marked as removed already
[01Feb2026 09:13:19.387] [Server thread/WARN] [net.minecraft.server.level.ServerLevel/]: Tried to add entity infectious:zombie_girl but it was marked as removed already
[01Feb2026 09:13:19.991] [Server thread/WARN] [net.minecraft.server.level.ServerLevel/]: Tried to add entity infectious:fungal_zombie but it was marked as removed already
[01Feb2026 09:13:19.991] [Server thread/WARN] [net.minecraft.server.level.ServerLevel/]: Tried to add entity infectious:fungal_zombie but it was marked as removed already
[01Feb2026 09:13:20.706] [Server thread/INFO] [net.minecraft.server.MinecraftServer/]: Aureyaza has made the advancement [Who ordered this?]
[01Feb2026 09:13:20.949] [Server thread/WARN] [net.minecraft.server.level.ServerLevel/]: Tried to add entity infectious:brain_zombie but it was marked as removed already
[01Feb2026 09:13:20.949] [Server thread/WARN] [net.minecraft.server.level.ServerLevel/]: Tried to add entity infectious:brain_zombie but it was marked as removed already
[01Feb2026 09:13:21.291] [Server thread/WARN] [net.minecraft.server.level.ServerLevel/]: Tried to add entity infectious:claw_zombie but it was marked as removed already
[01Feb2026 09:13:21.292] [Server thread/WARN] [net.minecraft.server.level.ServerLevel/]: Tried to add entity infectious:claw_zombie but it was marked as removed already
[01Feb2026 09:13:23.038] [Server thread/WARN] [net.minecraft.server.level.ServerLevel/]: Tried to add entity infectious:burned_zombie but it was marked as removed already
[01Feb2026 09:13:23.112] [Server thread/WARN] [net.minecraft.server.level.ServerLevel/]: Tried to add entity infectious:security_zombie but it was marked as removed already
[01Feb2026 09:13:29.791] [Server thread/WARN] [net.minecraft.server.level.ServerLevel/]: Tried to add entity infectious:old_zombie but it was marked as removed already
[01Feb2026 09:13:29.864] [Server thread/WARN] [net.minecraft.server.level.ServerLevel/]: Tried to add entity infectious:fat_zombie but it was marked as removed already
[01Feb2026 09:13:29.864] [Server thread/WARN] [net.minecraft.server.level.ServerLevel/]: Tried to add entity infectious:fat_zombie but it was marked as removed already
[01Feb2026 09:13:29.864] [Server thread/WARN] [net.minecraft.server.level.ServerLevel/]: Tried to add entity infectious:fat_zombie but it was marked as removed already
[01Feb2026 09:13:37.785] [Server thread/WARN] [net.minecraft.server.level.ServerLevel/]: Tried to add entity infectious:zombie_runner but it was marked as removed already
[01Feb2026 09:13:37.785] [Server thread/WARN] [net.minecraft.server.level.ServerLevel/]: Tried to add entity infectious:football_player_zombie but it was marked as removed already
[01Feb2026 09:13:37.786] [Server thread/WARN] [net.minecraft.server.level.ServerLevel/]: Tried to add entity infectious:football_player_zombie but it was marked as removed already
[01Feb2026 09:13:42.987] [Server thread/WARN] [net.minecraft.server.level.ServerLevel/]: Tried to add entity infectious:burning_zombie but it was marked as removed already
[01Feb2026 09:13:51.784] [Server thread/WARN] [net.minecraft.server.level.ServerLevel/]: Tried to add entity infectious:zombie but it was marked as removed already
[01Feb2026 09:13:51.785] [Server thread/WARN] [net.minecraft.server.level.ServerLevel/]: Tried to add entity infectious:zombie but it was marked as removed already
[01Feb2026 09:13:51.785] [Server thread/WARN] [net.minecraft.server.level.ServerLevel/]: Tried to add entity infectious:zombie but it was marked as removed already
[01Feb2026 09:13:51.785] [Server thread/WARN] [net.minecraft.server.level.ServerLevel/]: Tried to add entity infectious:zombie_boxer but it was marked as removed already
[01Feb2026 09:13:51.837] [Server thread/WARN] [net.minecraft.server.level.ServerLevel/]: Tried to add entity infectious:angry_zombie but it was marked as removed already
[01Feb2026 09:13:51.837] [Server thread/WARN] [net.minecraft.server.level.ServerLevel/]: Tried to add entity infectious:brain_zombie but it was marked as removed already
[01Feb2026 09:13:51.837] [Server thread/WARN] [net.minecraft.server.level.ServerLevel/]: Tried to add entity infectious:brain_zombie but it was marked as removed already
[01Feb2026 09:13:51.837] [Server thread/WARN] [net.minecraft.server.level.ServerLevel/]: Tried to add entity infectious:big_zombie but it was marked as removed already
[01Feb2026 09:13:53.987] [Server thread/WARN] [net.minecraft.server.level.ServerLevel/]: Tried to add entity infectious:screamer but it was marked as removed already
[01Feb2026 09:13:53.988] [Server thread/WARN] [net.minecraft.server.level.ServerLevel/]: Tried to add entity infectious:screamer but it was marked as removed already
[01Feb2026 09:13:53.988] [Server thread/WARN] [net.minecraft.server.level.ServerLevel/]: Tried to add entity infectious:screamer but it was marked as removed already
[01Feb2026 09:13:53.988] [Server thread/WARN] [net.minecraft.server.level.ServerLevel/]: Tried to add entity infectious:screamer but it was marked as removed already
[01Feb2026 09:13:54.036] [Server thread/WARN] [net.minecraft.server.level.ServerLevel/]: Tried to add entity infectious:barrel_zombie but it was marked as removed already
[01Feb2026 09:13:54.037] [Server thread/WARN] [net.minecraft.server.level.ServerLevel/]: Tried to add entity infectious:zombie_girl but it was marked as removed already
[01Feb2026 09:13:54.037] [Server thread/WARN] [net.minecraft.server.level.ServerLevel/]: Tried to add entity infectious:zombie_girl but it was marked as removed already
[01Feb2026 09:13:54.037] [Server thread/WARN] [net.minecraft.server.level.ServerLevel/]: Tried to add entity infectious:zombie_girl but it was marked as removed already
[01Feb2026 09:13:55.099] [Server thread/WARN] [net.minecraft.server.level.ServerLevel/]: Tried to add entity infectious:crawling_zombie but it was marked as removed already
[01Feb2026 09:14:04.132] [Server thread/WARN] [net.minecraft.server.level.ServerLevel/]: Tried to add entity infectious:firework_zombie but it was marked as removed already
[01Feb2026 09:14:04.133] [Server thread/WARN] [net.minecraft.server.level.ServerLevel/]: Tried to add entity infectious:firework_zombie but it was marked as removed already
[01Feb2026 09:14:04.133] [Server thread/WARN] [net.minecraft.server.level.ServerLevel/]: Tried to add entity infectious:pylon_zombie but it was marked as removed already
[01Feb2026 09:14:04.133] [Server thread/WARN] [net.minecraft.server.level.ServerLevel/]: Tried to add entity infectious:pylon_zombie but it was marked as removed already
[01Feb2026 09:14:19.673] [Server thread/DEBUG] [xaero.pac.OpenPartiesAndClaims/]: Saving parties...
[01Feb2026 09:14:19.673] [Server thread/DEBUG] [xaero.pac.OpenPartiesAndClaims/]: Saving server info!
[01Feb2026 09:14:39.586] [Server thread/DEBUG] [net.minecraftforge.common.ForgeHooks/WP]: Gathering id map for writing to world save world
[01Feb2026 09:14:39.592] [Server thread/DEBUG] [net.minecraftforge.common.ForgeHooks/WP]: ID Map collection complete world
[01Feb2026 09:16:00.200] [Server thread/INFO] [net.minecraft.server.MinecraftServer/]: Aureyaza has made the advancement [Tower Defender]
[01Feb2026 09:16:18.048] [Server thread/INFO] [net.minecraft.server.MinecraftServer/]: Aureyaza has made the advancement [I need more bullets]
[01Feb2026 09:17:39.704] [Server thread/DEBUG] [xaero.pac.OpenPartiesAndClaims/]: Saving claims!
[01Feb2026 09:18:07.827] [Server thread/INFO] [net.minecraft.server.MinecraftServer/]: Aureyaza has completed the challenge [《RoboCop》]
[01Feb2026 09:19:39.618] [Server thread/DEBUG] [net.minecraftforge.common.ForgeHooks/WP]: Gathering id map for writing to world save world
[01Feb2026 09:19:39.623] [Server thread/DEBUG] [net.minecraftforge.common.ForgeHooks/WP]: ID Map collection complete world
[01Feb2026 09:20:48.468] [Server thread/INFO] [net.minecraft.server.MinecraftServer/]: Aureyaza has completed the challenge [Heavy Machine Gun!]
[01Feb2026 09:20:50.079] [Server thread/DEBUG] [software.bernie.geckolib.GeckoLib/]: Registered SyncedAnimatable for class com.scarasol.zombiekit.entity.mechanics.HeavyMachineGunEntity
[01Feb2026 09:20:50.566] [Server thread/DEBUG] [software.bernie.geckolib.GeckoLib/]: Registered SyncedAnimatable for class com.scarasol.zombiekit.entity.mechanics.HeavyMachineGunEntity
[01Feb2026 09:20:59.729] [Server thread/DEBUG] [xaero.pac.OpenPartiesAndClaims/]: Saving player configs...
[01Feb2026 09:21:55.517] [Server thread/DEBUG] [software.bernie.geckolib.GeckoLib/]: Registered SyncedAnimatable for class com.scarasol.zombiekit.entity.mechanics.HeavyMachineGunEntity
[01Feb2026 09:22:29.866] [Server thread/DEBUG] [software.bernie.geckolib.GeckoLib/]: Registered SyncedAnimatable for class com.scarasol.zombiekit.entity.mechanics.HeavyMachineGunEntity
[01Feb2026 09:24:19.677] [Server thread/DEBUG] [xaero.pac.OpenPartiesAndClaims/]: Saving parties...
[01Feb2026 09:24:19.677] [Server thread/DEBUG] [xaero.pac.OpenPartiesAndClaims/]: Saving server info!
[01Feb2026 09:24:39.585] [Server thread/DEBUG] [net.minecraftforge.common.ForgeHooks/WP]: Gathering id map for writing to world save world
[01Feb2026 09:24:39.591] [Server thread/DEBUG] [net.minecraftforge.common.ForgeHooks/WP]: ID Map collection complete world
[01Feb2026 09:25:13.974] [Server thread/WARN] [net.minecraft.server.level.ServerLevel/]: Tried to add entity infectious:zombified_wolf but it was marked as removed already
[01Feb2026 09:25:18.533] [Server thread/WARN] [net.minecraft.server.level.ServerLevel/]: Tried to add entity infectious:pylon_zombie but it was marked as removed already
[01Feb2026 09:25:18.534] [Server thread/WARN] [net.minecraft.server.level.ServerLevel/]: Tried to add entity infectious:zombie_police but it was marked as removed already
[01Feb2026 09:25:18.584] [Server thread/WARN] [net.minecraft.server.level.ServerLevel/]: Tried to add entity infectious:robotic_zombie but it was marked as removed already
[01Feb2026 09:25:18.585] [Server thread/WARN] [net.minecraft.server.level.ServerLevel/]: Tried to add entity infectious:robotic_zombie but it was marked as removed already
[01Feb2026 09:25:18.585] [Server thread/WARN] [net.minecraft.server.level.ServerLevel/]: Tried to add entity infectious:robotic_zombie but it was marked as removed already
[01Feb2026 09:25:18.585] [Server thread/WARN] [net.minecraft.server.level.ServerLevel/]: Tried to add entity infectious:zombie but it was marked as removed already
[01Feb2026 09:25:27.084] [Server thread/WARN] [net.minecraft.server.level.ServerLevel/]: Tried to add entity infectious:door_zombie but it was marked as removed already
[01Feb2026 09:25:27.085] [Server thread/WARN] [net.minecraft.server.level.ServerLevel/]: Tried to add entity infectious:fat_zombie but it was marked as removed already
[01Feb2026 09:25:36.085] [Server thread/WARN] [net.minecraft.server.level.ServerLevel/]: Tried to add entity infectious:brain_zombie but it was marked as removed already
[01Feb2026 09:25:36.085] [Server thread/WARN] [net.minecraft.server.level.ServerLevel/]: Tried to add entity infectious:fungal_zombie but it was marked as removed already
[01Feb2026 09:25:36.085] [Server thread/WARN] [net.minecraft.server.level.ServerLevel/]: Tried to add entity infectious:fungal_zombie but it was marked as removed already
[01Feb2026 09:25:36.086] [Server thread/WARN] [net.minecraft.server.level.ServerLevel/]: Tried to add entity infectious:fungal_zombie but it was marked as removed already
[01Feb2026 09:25:38.255] [Server thread/WARN] [net.minecraft.server.level.ServerLevel/]: Tried to add entity infectious:burned_zombie but it was marked as removed already
[01Feb2026 09:25:38.657] [Server thread/WARN] [net.minecraft.server.level.ServerLevel/]: Tried to add entity infectious:zombie_bomber but it was marked as removed already
[01Feb2026 09:25:38.657] [Server thread/WARN] [net.minecraft.server.level.ServerLevel/]: Tried to add entity infectious:zombie_bomber but it was marked as removed already
[01Feb2026 09:25:38.657] [Server thread/WARN] [net.minecraft.server.level.ServerLevel/]: Tried to add entity infectious:zombie_bomber but it was marked as removed already
[01Feb2026 09:25:41.037] [Server thread/WARN] [net.minecraft.server.level.ServerLevel/]: Tried to add entity infectious:zombie_astronaut but it was marked as removed already
[01Feb2026 09:25:41.037] [Server thread/WARN] [net.minecraft.server.level.ServerLevel/]: Tried to add entity infectious:zombie_astronaut but it was marked as removed already
[01Feb2026 09:25:41.037] [Server thread/WARN] [net.minecraft.server.level.ServerLevel/]: Tried to add entity infectious:claw_zombie but it was marked as removed already
[01Feb2026 09:25:41.528] [Server thread/WARN] [net.minecraft.server.level.ServerLevel/]: Tried to add entity infectious:brain_zombie but it was marked as removed already
[01Feb2026 09:25:46.085] [Server thread/WARN] [net.minecraft.server.level.ServerLevel/]: Tried to add entity infectious:football_player_zombie but it was marked as removed already
[01Feb2026 09:25:46.085] [Server thread/WARN] [net.minecraft.server.level.ServerLevel/]: Tried to add entity infectious:football_player_zombie but it was marked as removed already
[01Feb2026 09:27:39.729] [Server thread/DEBUG] [xaero.pac.OpenPartiesAndClaims/]: Saving claims!
[01Feb2026 09:29:39.662] [Server thread/DEBUG] [net.minecraftforge.common.ForgeHooks/WP]: Gathering id map for writing to world save world
[01Feb2026 09:29:39.667] [Server thread/DEBUG] [net.minecraftforge.common.ForgeHooks/WP]: ID Map collection complete world
[01Feb2026 09:30:59.779] [Server thread/DEBUG] [xaero.pac.OpenPartiesAndClaims/]: Saving player configs...
[01Feb2026 09:33:05.362] [Server thread/INFO] [net.minecraft.server.MinecraftServer/]: Aureyaza has made the advancement [Clean Energy]
[01Feb2026 09:33:27.082] [Server thread/WARN] [net.minecraft.server.level.ServerLevel/]: Tried to add entity infectious:zombie_fisherman but it was marked as removed already
[01Feb2026 09:33:27.083] [Server thread/WARN] [net.minecraft.server.level.ServerLevel/]: Tried to add entity infectious:zombified_boar but it was marked as removed already
[01Feb2026 09:33:27.135] [Server thread/WARN] [net.minecraft.server.level.ServerLevel/]: Tried to add entity infectious:balloon_zombie but it was marked as removed already
[01Feb2026 09:33:27.789] [Server thread/WARN] [net.minecraft.server.level.ServerLevel/]: Tried to add entity infectious:sleepy_zombie but it was marked as removed already
[01Feb2026 09:33:27.789] [Server thread/WARN] [net.minecraft.server.level.ServerLevel/]: Tried to add entity infectious:sleepy_zombie but it was marked as removed already
[01Feb2026 09:33:27.864] [Server thread/WARN] [net.minecraft.server.level.ServerLevel/]: Tried to add entity infectious:burning_zombie but it was marked as removed already
[01Feb2026 09:33:27.864] [Server thread/WARN] [net.minecraft.server.level.ServerLevel/]: Tried to add entity infectious:burning_zombie but it was marked as removed already
[01Feb2026 09:33:27.864] [Server thread/WARN] [net.minecraft.server.level.ServerLevel/]: Tried to add entity infectious:burning_zombie but it was marked as removed already
[01Feb2026 09:33:27.864] [Server thread/WARN] [net.minecraft.server.level.ServerLevel/]: Tried to add entity infectious:burning_zombie but it was marked as removed already
[01Feb2026 09:33:54.428] [Server thread/WARN] [net.minecraft.server.level.ServerLevel/]: Tried to add entity infectious:giant_zombie but it was marked as removed already
[01Feb2026 09:33:55.545] [Server thread/WARN] [net.minecraft.server.level.ServerLevel/]: Tried to add entity infectious:armless_zombie but it was marked as removed already
[01Feb2026 09:33:55.545] [Server thread/WARN] [net.minecraft.server.level.ServerLevel/]: Tried to add entity infectious:armless_zombie but it was marked as removed already
[01Feb2026 09:33:55.545] [Server thread/WARN] [net.minecraft.server.level.ServerLevel/]: Tried to add entity infectious:armless_zombie but it was marked as removed already
[01Feb2026 09:33:55.545] [Server thread/WARN] [net.minecraft.server.level.ServerLevel/]: Tried to add entity infectious:armless_zombie but it was marked as removed already
[01Feb2026 09:33:59.485] [Server thread/WARN] [net.minecraft.server.level.ServerLevel/]: Tried to add entity infectious:zombie_clown but it was marked as removed already
[01Feb2026 09:33:59.533] [Server thread/WARN] [net.minecraft.server.level.ServerLevel/]: Tried to add entity infectious:zombie_prisoner but it was marked as removed already
[01Feb2026 09:33:59.533] [Server thread/WARN] [net.minecraft.server.level.ServerLevel/]: Tried to add entity infectious:zombie_prisoner but it was marked as removed already
[01Feb2026 09:33:59.533] [Server thread/WARN] [net.minecraft.server.level.ServerLevel/]: Tried to add entity infectious:radioactive_zombie but it was marked as removed already
[01Feb2026 09:34:01.333] [Server thread/WARN] [net.minecraft.server.level.ServerLevel/]: Tried to add entity infectious:crawling_zombie but it was marked as removed already
[01Feb2026 09:34:01.333] [Server thread/WARN] [net.minecraft.server.level.ServerLevel/]: Tried to add entity infectious:crawling_zombie but it was marked as removed already
[01Feb2026 09:34:01.334] [Server thread/WARN] [net.minecraft.server.level.ServerLevel/]: Tried to add entity infectious:infectious_zombie but it was marked as removed already
[01Feb2026 09:34:01.334] [Server thread/WARN] [net.minecraft.server.level.ServerLevel/]: Tried to add entity infectious:infectious_zombie but it was marked as removed already
[01Feb2026 09:34:01.384] [Server thread/WARN] [net.minecraft.server.level.ServerLevel/]: Tried to add entity infectious:brain_zombie but it was marked as removed already
[01Feb2026 09:34:01.385] [Server thread/WARN] [net.minecraft.server.level.ServerLevel/]: Tried to add entity infectious:brain_zombie but it was marked as removed already
[01Feb2026 09:34:02.285] [Server thread/WARN] [net.minecraft.server.level.ServerLevel/]: Tried to add entity infectious:fire_fighter_zombie but it was marked as removed already
[01Feb2026 09:34:02.285] [Server thread/WARN] [net.minecraft.server.level.ServerLevel/]: Tried to add entity infectious:fire_fighter_zombie but it was marked as removed already
[01Feb2026 09:34:02.285] [Server thread/WARN] [net.minecraft.server.level.ServerLevel/]: Tried to add entity infectious:fire_fighter_zombie but it was marked as removed already
[01Feb2026 09:34:03.482] [Server thread/WARN] [net.minecraft.server.level.ServerLevel/]: Tried to add entity infectious:zombie_girl but it was marked as removed already
[01Feb2026 09:34:03.483] [Server thread/WARN] [net.minecraft.server.level.ServerLevel/]: Tried to add entity infectious:zombified_wolf but it was marked as removed already
[01Feb2026 09:34:03.483] [Server thread/WARN] [net.minecraft.server.level.ServerLevel/]: Tried to add entity infectious:zombified_wolf but it was marked as removed already
[01Feb2026 09:34:03.483] [Server thread/WARN] [net.minecraft.server.level.ServerLevel/]: Tried to add entity infectious:zombified_wolf but it was marked as removed already
[01Feb2026 09:34:03.536] [Server thread/WARN] [net.minecraft.server.level.ServerLevel/]: Tried to add entity infectious:zombie but it was marked as removed already
[01Feb2026 09:34:03.536] [Server thread/WARN] [net.minecraft.server.level.ServerLevel/]: Tried to add entity infectious:zombie but it was marked as removed already
[01Feb2026 09:34:03.536] [Server thread/WARN] [net.minecraft.server.level.ServerLevel/]: Tried to add entity infectious:zombie but it was marked as removed already
[01Feb2026 09:34:03.536] [Server thread/WARN] [net.minecraft.server.level.ServerLevel/]: Tried to add entity infectious:zombie but it was marked as removed already
[01Feb2026 09:34:06.084] [Server thread/WARN] [net.minecraft.server.level.ServerLevel/]: Tried to add entity infectious:mecha_zombie but it was marked as removed already
[01Feb2026 09:34:06.084] [Server thread/WARN] [net.minecraft.server.level.ServerLevel/]: Tried to add entity infectious:mecha_zombie but it was marked as removed already
[01Feb2026 09:34:06.085] [Server thread/WARN] [net.minecraft.server.level.ServerLevel/]: Tried to add entity infectious:beekeeper_zombie but it was marked as removed already
[01Feb2026 09:34:06.085] [Server thread/WARN] [net.minecraft.server.level.ServerLevel/]: Tried to add entity infectious:beekeeper_zombie but it was marked as removed already
[01Feb2026 09:34:08.184] [Server thread/WARN] [net.minecraft.server.level.ServerLevel/]: Tried to add entity infectious:blind_zombie but it was marked as removed already
[01Feb2026 09:34:08.184] [Server thread/WARN] [net.minecraft.server.level.ServerLevel/]: Tried to add entity infectious:blind_zombie but it was marked as removed already
[01Feb2026 09:34:11.736] [Server thread/WARN] [net.minecraft.server.level.ServerLevel/]: Tried to add entity infectious:zombie_archer but it was marked as removed already
[01Feb2026 09:34:19.679] [Server thread/DEBUG] [xaero.pac.OpenPartiesAndClaims/]: Saving parties...
[01Feb2026 09:34:19.679] [Server thread/DEBUG] [xaero.pac.OpenPartiesAndClaims/]: Saving server info!
[01Feb2026 09:34:39.630] [Server thread/DEBUG] [net.minecraftforge.common.ForgeHooks/WP]: Gathering id map for writing to world save world
[01Feb2026 09:34:39.635] [Server thread/DEBUG] [net.minecraftforge.common.ForgeHooks/WP]: ID Map collection complete world
[01Feb2026 09:37:15.941] [Worker-Main-17/WARN] [net.minecraft.world.entity.EntityType/]: Skipping Entity with id zombiekit:uv_lamp_entity
[01Feb2026 09:37:20.842] [Worker-Main-18/WARN] [net.minecraft.world.entity.EntityType/]: Skipping Entity with id scpo:scp_966
[01Feb2026 09:37:23.645] [Worker-Main-18/WARN] [net.minecraft.world.entity.EntityType/]: Skipping Entity with id scpo:scp_049
[01Feb2026 09:37:39.779] [Server thread/DEBUG] [xaero.pac.OpenPartiesAndClaims/]: Saving claims!
[01Feb2026 09:38:55.103] [Worker-Main-17/WARN] [net.minecraft.world.entity.EntityType/]: Skipping Entity with id scpo:scp_106
[01Feb2026 09:38:58.104] [Worker-Main-17/WARN] [net.minecraft.world.entity.EntityType/]: Skipping Entity with id scpo:scp_106
[01Feb2026 09:39:41.619] [Server thread/WARN] [net.minecraft.server.MinecraftServer/]: Can't keep up! Is the server overloaded? Running 2089ms or 41 ticks behind
[01Feb2026 09:39:42.662] [Server thread/DEBUG] [net.minecraftforge.common.ForgeHooks/WP]: Gathering id map for writing to world save world
[01Feb2026 09:39:42.669] [Server thread/DEBUG] [net.minecraftforge.common.ForgeHooks/WP]: ID Map collection complete world
[01Feb2026 09:40:00.922] [Server thread/WARN] [net.minecraft.server.MinecraftServer/]: Can't keep up! Is the server overloaded? Running 4342ms or 86 ticks behind
[01Feb2026 09:40:59.819] [Server thread/DEBUG] [xaero.pac.OpenPartiesAndClaims/]: Saving player configs...
[01Feb2026 09:44:19.703] [Server thread/DEBUG] [xaero.pac.OpenPartiesAndClaims/]: Saving parties...
[01Feb2026 09:44:19.704] [Server thread/DEBUG] [xaero.pac.OpenPartiesAndClaims/]: Saving server info!
[01Feb2026 09:44:46.067] [Server thread/DEBUG] [net.minecraftforge.common.ForgeHooks/WP]: Gathering id map for writing to world save world
[01Feb2026 09:44:46.073] [Server thread/DEBUG] [net.minecraftforge.common.ForgeHooks/WP]: ID Map collection complete world
[01Feb2026 09:45:46.238] [Server thread/WARN] [net.minecraft.server.level.ServerLevel/]: Tried to add entity infectious:zombie_prisoner but it was marked as removed already
[01Feb2026 09:45:46.239] [Server thread/WARN] [net.minecraft.server.level.ServerLevel/]: Tried to add entity infectious:zombie_prisoner but it was marked as removed already
[01Feb2026 09:45:46.239] [Server thread/WARN] [net.minecraft.server.level.ServerLevel/]: Tried to add entity infectious:zombie_fisherman but it was marked as removed already
[01Feb2026 09:45:47.429] [Server thread/WARN] [net.minecraft.server.level.ServerLevel/]: Tried to add entity infectious:fat_zombie but it was marked as removed already
[01Feb2026 09:45:47.497] [Server thread/WARN] [net.minecraft.server.level.ServerLevel/]: Tried to add entity infectious:iron_door_zombie but it was marked as removed already
[01Feb2026 09:45:47.497] [Server thread/WARN] [net.minecraft.server.level.ServerLevel/]: Tried to add entity infectious:iron_door_zombie but it was marked as removed already
[01Feb2026 09:45:47.497] [Server thread/WARN] [net.minecraft.server.level.ServerLevel/]: Tried to add entity infectious:zombie_clown but it was marked as removed already
[01Feb2026 09:45:47.498] [Server thread/WARN] [net.minecraft.server.level.ServerLevel/]: Tried to add entity infectious:zombie_clown but it was marked as removed already
[01Feb2026 09:45:47.544] [Server thread/WARN] [net.minecraft.server.level.ServerLevel/]: Tried to add entity infectious:zombie_spiter but it was marked as removed already
[01Feb2026 09:45:47.847] [Server thread/WARN] [net.minecraft.server.level.ServerLevel/]: Tried to add entity infectious:zombified_spider but it was marked as removed already
[01Feb2026 09:45:47.847] [Server thread/WARN] [net.minecraft.server.level.ServerLevel/]: Tried to add entity infectious:fungal_zombie but it was marked as removed already
[01Feb2026 09:45:47.847] [Server thread/WARN] [net.minecraft.server.level.ServerLevel/]: Tried to add entity infectious:fungal_zombie but it was marked as removed already
[01Feb2026 09:45:47.848] [Server thread/WARN] [net.minecraft.server.level.ServerLevel/]: Tried to add entity infectious:barrel_zombie but it was marked as removed already
[01Feb2026 09:45:50.835] [Server thread/WARN] [net.minecraft.server.level.ServerLevel/]: Tried to add entity infectious:zombified_bear but it was marked as removed already
[01Feb2026 09:45:50.836] [Server thread/WARN] [net.minecraft.server.level.ServerLevel/]: Tried to add entity infectious:zombified_bear but it was marked as removed already
[01Feb2026 09:45:50.836] [Server thread/WARN] [net.minecraft.server.level.ServerLevel/]: Tried to add entity infectious:zombified_bear but it was marked as removed already
[01Feb2026 09:45:50.836] [Server thread/WARN] [net.minecraft.server.level.ServerLevel/]: Tried to add entity infectious:zombified_bear but it was marked as removed already
[01Feb2026 09:45:50.885] [Server thread/WARN] [net.minecraft.server.level.ServerLevel/]: Tried to add entity infectious:headless_zombie but it was marked as removed already
[01Feb2026 09:45:50.886] [Server thread/WARN] [net.minecraft.server.level.ServerLevel/]: Tried to add entity infectious:headless_zombie but it was marked as removed already
[01Feb2026 09:45:51.287] [Server thread/WARN] [net.minecraft.server.level.ServerLevel/]: Tried to add entity infectious:fungal_zombie but it was marked as removed already
[01Feb2026 09:45:51.336] [Server thread/WARN] [net.minecraft.server.level.ServerLevel/]: Tried to add entity infectious:zombie_scientist but it was marked as removed already
[01Feb2026 09:45:53.068] [Server thread/WARN] [net.minecraft.server.level.ServerLevel/]: Tried to add entity infectious:headless_zombie but it was marked as removed already
[01Feb2026 09:45:53.640] [Server thread/WARN] [net.minecraft.server.level.ServerLevel/]: Tried to add entity infectious:zombie but it was marked as removed already
[01Feb2026 09:45:53.640] [Server thread/WARN] [net.minecraft.server.level.ServerLevel/]: Tried to add entity infectious:zombie but it was marked as removed already
[01Feb2026 09:45:53.640] [Server thread/WARN] [net.minecraft.server.level.ServerLevel/]: Tried to add entity infectious:muscular_zombie but it was marked as removed already
[01Feb2026 09:45:53.641] [Server thread/WARN] [net.minecraft.server.level.ServerLevel/]: Tried to add entity infectious:muscular_zombie but it was marked as removed already
[01Feb2026 09:45:54.234] [Server thread/WARN] [net.minecraft.server.level.ServerLevel/]: Tried to add entity infectious:zombified_bear but it was marked as removed already
[01Feb2026 09:47:39.829] [Server thread/DEBUG] [xaero.pac.OpenPartiesAndClaims/]: Saving claims!
[01Feb2026 09:48:27.207] [Server thread/INFO] [net.minecraft.server.MinecraftServer/]: Aureyaza has made the advancement [Bob Ross]
[01Feb2026 09:48:47.826] [Server thread/INFO] [net.minecraft.server.MinecraftServer/]: Aureyaza has made the advancement [BrAaAaInS]
[01Feb2026 09:49:16.197] [Server thread/INFO] [net.minecraft.server.MinecraftServer/]: Aureyaza has made the advancement [Mmm... Roasted Zombie]
[01Feb2026 09:49:45.938] [Server thread/DEBUG] [net.minecraftforge.common.ForgeHooks/WP]: Gathering id map for writing to world save world
[01Feb2026 09:49:45.944] [Server thread/DEBUG] [net.minecraftforge.common.ForgeHooks/WP]: ID Map collection complete world
[01Feb2026 09:50:59.829] [Server thread/DEBUG] [xaero.pac.OpenPartiesAndClaims/]: Saving player configs...
[01Feb2026 09:53:36.934] [Server thread/WARN] [net.minecraft.server.level.ServerLevel/]: Tried to add entity infectious:zombified_boar but it was marked as removed already
[01Feb2026 09:53:36.934] [Server thread/WARN] [net.minecraft.server.level.ServerLevel/]: Tried to add entity infectious:zombified_boar but it was marked as removed already
[01Feb2026 09:53:36.935] [Server thread/WARN] [net.minecraft.server.level.ServerLevel/]: Tried to add entity infectious:zombified_boar but it was marked as removed already
[01Feb2026 09:53:44.584] [Server thread/WARN] [net.minecraft.server.level.ServerLevel/]: Tried to add entity infectious:zombie_farmer but it was marked as removed already
[01Feb2026 09:53:44.584] [Server thread/WARN] [net.minecraft.server.level.ServerLevel/]: Tried to add entity infectious:blind_zombie but it was marked as removed already
[01Feb2026 09:53:44.584] [Server thread/WARN] [net.minecraft.server.level.ServerLevel/]: Tried to add entity infectious:blind_zombie but it was marked as removed already
[01Feb2026 09:54:15.962] [Server thread/WARN] [net.minecraft.server.level.ServerLevel/]: Tried to add entity infectious:zombie_girl but it was marked as removed already
[01Feb2026 09:54:19.729] [Server thread/DEBUG] [xaero.pac.OpenPartiesAndClaims/]: Saving parties...
[01Feb2026 09:54:19.729] [Server thread/DEBUG] [xaero.pac.OpenPartiesAndClaims/]: Saving server info!
[01Feb2026 09:54:20.834] [Server thread/WARN] [net.minecraft.server.level.ServerLevel/]: Tried to add entity infectious:crawling_zombie but it was marked as removed already
[01Feb2026 09:54:20.834] [Server thread/WARN] [net.minecraft.server.level.ServerLevel/]: Tried to add entity infectious:construction_worker_zombie but it was marked as removed already
[01Feb2026 09:54:20.834] [Server thread/WARN] [net.minecraft.server.level.ServerLevel/]: Tried to add entity infectious:construction_worker_zombie but it was marked as removed already
[01Feb2026 09:54:20.835] [Server thread/WARN] [net.minecraft.server.level.ServerLevel/]: Tried to add entity infectious:construction_worker_zombie but it was marked as removed already
[01Feb2026 09:54:46.051] [Server thread/DEBUG] [net.minecraftforge.common.ForgeHooks/WP]: Gathering id map for writing to world save world
[01Feb2026 09:54:46.057] [Server thread/DEBUG] [net.minecraftforge.common.ForgeHooks/WP]: ID Map collection complete world
[01Feb2026 09:57:39.879] [Server thread/DEBUG] [xaero.pac.OpenPartiesAndClaims/]: Saving claims!
[01Feb2026 09:59:46.037] [Server thread/DEBUG] [net.minecraftforge.common.ForgeHooks/WP]: Gathering id map for writing to world save world
[01Feb2026 09:59:46.042] [Server thread/DEBUG] [net.minecraftforge.common.ForgeHooks/WP]: ID Map collection complete world
[01Feb2026 10:00:59.852] [Server thread/DEBUG] [xaero.pac.OpenPartiesAndClaims/]: Saving player configs...
[01Feb2026 10:01:53.376] [Server thread/ERROR] [net.minecraftforge.eventbus.EventBus/EVENTBUS]: Exception caught during firing event: Cannot invoke "net.minecraft.world.level.block.entity.BlockEntity.m_58903_()" because "blockEntity" is null
	Index: 3
	Listeners:
		0: HIGH
		1: ASM: class dev.architectury.event.forge.EventHandlerImplCommon eventPlayerContainerEvent(Lnet/minecraftforge/event/entity/player/PlayerContainerEvent$Open;)V
		2: NORMAL
		3: ASM: class com.scarasol.sona.event.ManagerEventHandler onOpen(Lnet/minecraftforge/event/entity/player/PlayerContainerEvent$Open;)V
		4: ASM: class com.atsuishio.superbwarfare.menu.FuMO25Menu onContainerOpened(Lnet/minecraftforge/event/entity/player/PlayerContainerEvent$Open;)V
		5: ASM: class com.atsuishio.superbwarfare.menu.EnergyMenu onContainerOpened(Lnet/minecraftforge/event/entity/player/PlayerContainerEvent$Open;)V
java.lang.NullPointerException: Cannot invoke "net.minecraft.world.level.block.entity.BlockEntity.m_58903_()" because "blockEntity" is null
	at TRANSFORMER/sona@1.4.2/com.scarasol.sona.manager.RotManager.containerOpen(RotManager.java:206)
	at TRANSFORMER/sona@1.4.2/com.scarasol.sona.event.ManagerEventHandler.onOpen(ManagerEventHandler.java:189)
	at TRANSFORMER/sona@1.4.2/com.scarasol.sona.event.__ManagerEventHandler_onOpen_Open.invoke(.dynamic)
	at MC-BOOTSTRAP/net.minecraftforge.eventbus/net.minecraftforge.eventbus.ASMEventHandler.invoke(ASMEventHandler.java:73)
	at MC-BOOTSTRAP/net.minecraftforge.eventbus/net.minecraftforge.eventbus.EventBus.post(EventBus.java:315)
	at MC-BOOTSTRAP/net.minecraftforge.eventbus/net.minecraftforge.eventbus.EventBus.post(EventBus.java:296)
	at TRANSFORMER/minecraft@1.20.1/net.minecraft.server.level.ServerPlayer.m_5893_(ServerPlayer.java:974)
	at TRANSFORMER/minecraft@1.20.1/net.minecraft.world.level.block.CraftingTableBlock.m_6227_(CraftingTableBlock.java:30)
	at TRANSFORMER/minecraft@1.20.1/net.minecraft.world.level.block.state.BlockBehaviour$BlockStateBase.m_60664_(BlockBehaviour.java:778)
	at TRANSFORMER/minecraft@1.20.1/net.minecraft.server.level.ServerPlayerGameMode.m_7179_(ServerPlayerGameMode.java:351)
	at TRANSFORMER/minecraft@1.20.1/net.minecraft.server.network.ServerGamePacketListenerImpl.m_6371_(ServerGamePacketListenerImpl.java:1057)
	at TRANSFORMER/minecraft@1.20.1/net.minecraft.network.protocol.game.ServerboundUseItemOnPacket.m_5797_(ServerboundUseItemOnPacket.java:34)
	at TRANSFORMER/minecraft@1.20.1/net.minecraft.network.protocol.game.ServerboundUseItemOnPacket.m_5797_(ServerboundUseItemOnPacket.java:8)
	at TRANSFORMER/minecraft@1.20.1/net.minecraft.network.protocol.PacketUtils.m_263899_(PacketUtils.java:22)
	at TRANSFORMER/minecraft@1.20.1/net.minecraft.server.TickTask.run(TickTask.java:18)
	at TRANSFORMER/minecraft@1.20.1/net.minecraft.util.thread.BlockableEventLoop.m_6367_(BlockableEventLoop.java:156)
	at TRANSFORMER/minecraft@1.20.1/net.minecraft.util.thread.ReentrantBlockableEventLoop.m_6367_(ReentrantBlockableEventLoop.java:23)
	at TRANSFORMER/minecraft@1.20.1/net.minecraft.server.MinecraftServer.m_6367_(MinecraftServer.java:770)
	at TRANSFORMER/minecraft@1.20.1/net.minecraft.server.MinecraftServer.m_6367_(MinecraftServer.java:161)
	at TRANSFORMER/minecraft@1.20.1/net.minecraft.util.thread.BlockableEventLoop.m_7245_(BlockableEventLoop.java:130)
	at TRANSFORMER/minecraft@1.20.1/net.minecraft.server.MinecraftServer.m_129961_(MinecraftServer.java:753)
	at TRANSFORMER/minecraft@1.20.1/net.minecraft.server.MinecraftServer.m_7245_(MinecraftServer.java:747)
	at TRANSFORMER/minecraft@1.20.1/net.minecraft.util.thread.BlockableEventLoop.m_18699_(BlockableEventLoop.java:115)
	at TRANSFORMER/minecraft@1.20.1/net.minecraft.server.MinecraftServer.m_130012_(MinecraftServer.java:732)
	at TRANSFORMER/minecraft@1.20.1/net.minecraft.server.MinecraftServer.m_130011_(MinecraftServer.java:665)
	at TRANSFORMER/minecraft@1.20.1/net.minecraft.server.MinecraftServer.m_206580_(MinecraftServer.java:251)
	at java.base/java.lang.Thread.run(Thread.java:1474)

[01Feb2026 10:01:53.378] [Server thread/ERROR] [net.minecraft.network.protocol.PacketUtils/]: Failed to handle packet net.minecraft.network.protocol.game.ServerboundUseItemOnPacket@6c2214c2, suppressing error
java.lang.NullPointerException: Cannot invoke "net.minecraft.world.level.block.entity.BlockEntity.m_58903_()" because "blockEntity" is null
	at com.scarasol.sona.manager.RotManager.containerOpen(RotManager.java:206) ~[Sona-1.20.1-forge-1.4.2.jar%23183!/:1.4.2]
	at com.scarasol.sona.event.ManagerEventHandler.onOpen(ManagerEventHandler.java:189) ~[Sona-1.20.1-forge-1.4.2.jar%23183!/:1.4.2]
	at com.scarasol.sona.event.__ManagerEventHandler_onOpen_Open.invoke(.dynamic) ~[Sona-1.20.1-forge-1.4.2.jar%23183!/:1.4.2]
	at net.minecraftforge.eventbus.ASMEventHandler.invoke(ASMEventHandler.java:73) ~[eventbus-6.0.5.jar%2352!/:?]
	at net.minecraftforge.eventbus.EventBus.post(EventBus.java:315) ~[eventbus-6.0.5.jar%2352!/:?]
	at net.minecraftforge.eventbus.EventBus.post(EventBus.java:296) ~[eventbus-6.0.5.jar%2352!/:?]
	at net.minecraft.server.level.ServerPlayer.m_5893_(ServerPlayer.java:974) ~[server-1.20.1-20230612.114412-srg.jar%23197!/:?]
	at net.minecraft.world.level.block.CraftingTableBlock.m_6227_(CraftingTableBlock.java:30) ~[server-1.20.1-20230612.114412-srg.jar%23197!/:?]
	at net.minecraft.world.level.block.state.BlockBehaviour$BlockStateBase.m_60664_(BlockBehaviour.java:778) ~[server-1.20.1-20230612.114412-srg.jar%23197!/:?]
	at net.minecraft.server.level.ServerPlayerGameMode.m_7179_(ServerPlayerGameMode.java:351) ~[server-1.20.1-20230612.114412-srg.jar%23197!/:?]
	at net.minecraft.server.network.ServerGamePacketListenerImpl.m_6371_(ServerGamePacketListenerImpl.java:1057) ~[server-1.20.1-20230612.114412-srg.jar%23197!/:?]
	at net.minecraft.network.protocol.game.ServerboundUseItemOnPacket.m_5797_(ServerboundUseItemOnPacket.java:34) ~[server-1.20.1-20230612.114412-srg.jar%23197!/:?]
	at net.minecraft.network.protocol.game.ServerboundUseItemOnPacket.m_5797_(ServerboundUseItemOnPacket.java:8) ~[server-1.20.1-20230612.114412-srg.jar%23197!/:?]
	at net.minecraft.network.protocol.PacketUtils.m_263899_(PacketUtils.java:22) ~[server-1.20.1-20230612.114412-srg.jar%23197!/:?]
	at net.minecraft.server.TickTask.run(TickTask.java:18) ~[server-1.20.1-20230612.114412-srg.jar%23197!/:?]
	at net.minecraft.util.thread.BlockableEventLoop.m_6367_(BlockableEventLoop.java:156) ~[server-1.20.1-20230612.114412-srg.jar%23197!/:?]
	at net.minecraft.util.thread.ReentrantBlockableEventLoop.m_6367_(ReentrantBlockableEventLoop.java:23) ~[server-1.20.1-20230612.114412-srg.jar%23197!/:?]
	at net.minecraft.server.MinecraftServer.m_6367_(MinecraftServer.java:770) ~[server-1.20.1-20230612.114412-srg.jar%23197!/:?]
	at net.minecraft.server.MinecraftServer.m_6367_(MinecraftServer.java:161) ~[server-1.20.1-20230612.114412-srg.jar%23197!/:?]
	at net.minecraft.util.thread.BlockableEventLoop.m_7245_(BlockableEventLoop.java:130) ~[server-1.20.1-20230612.114412-srg.jar%23197!/:?]
	at net.minecraft.server.MinecraftServer.m_129961_(MinecraftServer.java:753) ~[server-1.20.1-20230612.114412-srg.jar%23197!/:?]
	at net.minecraft.server.MinecraftServer.m_7245_(MinecraftServer.java:747) ~[server-1.20.1-20230612.114412-srg.jar%23197!/:?]
	at net.minecraft.util.thread.BlockableEventLoop.m_18699_(BlockableEventLoop.java:115) ~[server-1.20.1-20230612.114412-srg.jar%23197!/:?]
	at net.minecraft.server.MinecraftServer.m_130012_(MinecraftServer.java:732) ~[server-1.20.1-20230612.114412-srg.jar%23197!/:?]
	at net.minecraft.server.MinecraftServer.m_130011_(MinecraftServer.java:665) ~[server-1.20.1-20230612.114412-srg.jar%23197!/:?]
	at net.minecraft.server.MinecraftServer.m_206580_(MinecraftServer.java:251) ~[server-1.20.1-20230612.114412-srg.jar%23197!/:?]
	at java.lang.Thread.run(Thread.java:1474) ~[?:?]
[01Feb2026 10:01:59.357] [Server thread/ERROR] [net.minecraftforge.eventbus.EventBus/EVENTBUS]: Exception caught during firing event: Cannot invoke "net.minecraft.world.level.block.entity.BlockEntity.m_58903_()" because "blockEntity" is null
	Index: 3
	Listeners:
		0: HIGH
		1: ASM: class dev.architectury.event.forge.EventHandlerImplCommon eventPlayerContainerEvent(Lnet/minecraftforge/event/entity/player/PlayerContainerEvent$Open;)V
		2: NORMAL
		3: ASM: class com.scarasol.sona.event.ManagerEventHandler onOpen(Lnet/minecraftforge/event/entity/player/PlayerContainerEvent$Open;)V
		4: ASM: class com.atsuishio.superbwarfare.menu.FuMO25Menu onContainerOpened(Lnet/minecraftforge/event/entity/player/PlayerContainerEvent$Open;)V
		5: ASM: class com.atsuishio.superbwarfare.menu.EnergyMenu onContainerOpened(Lnet/minecraftforge/event/entity/player/PlayerContainerEvent$Open;)V
java.lang.NullPointerException: Cannot invoke "net.minecraft.world.level.block.entity.BlockEntity.m_58903_()" because "blockEntity" is null
	at TRANSFORMER/sona@1.4.2/com.scarasol.sona.manager.RotManager.containerOpen(RotManager.java:206)
	at TRANSFORMER/sona@1.4.2/com.scarasol.sona.event.ManagerEventHandler.onOpen(ManagerEventHandler.java:189)
	at TRANSFORMER/sona@1.4.2/com.scarasol.sona.event.__ManagerEventHandler_onOpen_Open.invoke(.dynamic)
	at MC-BOOTSTRAP/net.minecraftforge.eventbus/net.minecraftforge.eventbus.ASMEventHandler.invoke(ASMEventHandler.java:73)
	at MC-BOOTSTRAP/net.minecraftforge.eventbus/net.minecraftforge.eventbus.EventBus.post(EventBus.java:315)
	at MC-BOOTSTRAP/net.minecraftforge.eventbus/net.minecraftforge.eventbus.EventBus.post(EventBus.java:296)
	at TRANSFORMER/minecraft@1.20.1/net.minecraft.server.level.ServerPlayer.m_5893_(ServerPlayer.java:974)
	at TRANSFORMER/minecraft@1.20.1/net.minecraft.world.level.block.CraftingTableBlock.m_6227_(CraftingTableBlock.java:30)
	at TRANSFORMER/minecraft@1.20.1/net.minecraft.world.level.block.state.BlockBehaviour$BlockStateBase.m_60664_(BlockBehaviour.java:778)
	at TRANSFORMER/minecraft@1.20.1/net.minecraft.server.level.ServerPlayerGameMode.m_7179_(ServerPlayerGameMode.java:351)
	at TRANSFORMER/minecraft@1.20.1/net.minecraft.server.network.ServerGamePacketListenerImpl.m_6371_(ServerGamePacketListenerImpl.java:1057)
	at TRANSFORMER/minecraft@1.20.1/net.minecraft.network.protocol.game.ServerboundUseItemOnPacket.m_5797_(ServerboundUseItemOnPacket.java:34)
	at TRANSFORMER/minecraft@1.20.1/net.minecraft.network.protocol.game.ServerboundUseItemOnPacket.m_5797_(ServerboundUseItemOnPacket.java:8)
	at TRANSFORMER/minecraft@1.20.1/net.minecraft.network.protocol.PacketUtils.m_263899_(PacketUtils.java:22)
	at TRANSFORMER/minecraft@1.20.1/net.minecraft.server.TickTask.run(TickTask.java:18)
	at TRANSFORMER/minecraft@1.20.1/net.minecraft.util.thread.BlockableEventLoop.m_6367_(BlockableEventLoop.java:156)
	at TRANSFORMER/minecraft@1.20.1/net.minecraft.util.thread.ReentrantBlockableEventLoop.m_6367_(ReentrantBlockableEventLoop.java:23)
	at TRANSFORMER/minecraft@1.20.1/net.minecraft.server.MinecraftServer.m_6367_(MinecraftServer.java:770)
	at TRANSFORMER/minecraft@1.20.1/net.minecraft.server.MinecraftServer.m_6367_(MinecraftServer.java:161)
	at TRANSFORMER/minecraft@1.20.1/net.minecraft.util.thread.BlockableEventLoop.m_7245_(BlockableEventLoop.java:130)
	at TRANSFORMER/minecraft@1.20.1/net.minecraft.server.MinecraftServer.m_129961_(MinecraftServer.java:753)
	at TRANSFORMER/minecraft@1.20.1/net.minecraft.server.MinecraftServer.m_7245_(MinecraftServer.java:747)
	at TRANSFORMER/minecraft@1.20.1/net.minecraft.util.thread.BlockableEventLoop.m_18701_(BlockableEventLoop.java:139)
	at TRANSFORMER/minecraft@1.20.1/net.minecraft.server.MinecraftServer.m_130012_(MinecraftServer.java:733)
	at TRANSFORMER/minecraft@1.20.1/net.minecraft.server.MinecraftServer.m_130011_(MinecraftServer.java:665)
	at TRANSFORMER/minecraft@1.20.1/net.minecraft.server.MinecraftServer.m_206580_(MinecraftServer.java:251)
	at java.base/java.lang.Thread.run(Thread.java:1474)

[01Feb2026 10:01:59.359] [Server thread/ERROR] [net.minecraft.network.protocol.PacketUtils/]: Failed to handle packet net.minecraft.network.protocol.game.ServerboundUseItemOnPacket@43753f36, suppressing error
java.lang.NullPointerException: Cannot invoke "net.minecraft.world.level.block.entity.BlockEntity.m_58903_()" because "blockEntity" is null
	at com.scarasol.sona.manager.RotManager.containerOpen(RotManager.java:206) ~[Sona-1.20.1-forge-1.4.2.jar%23183!/:1.4.2]
	at com.scarasol.sona.event.ManagerEventHandler.onOpen(ManagerEventHandler.java:189) ~[Sona-1.20.1-forge-1.4.2.jar%23183!/:1.4.2]
	at com.scarasol.sona.event.__ManagerEventHandler_onOpen_Open.invoke(.dynamic) ~[Sona-1.20.1-forge-1.4.2.jar%23183!/:1.4.2]
	at net.minecraftforge.eventbus.ASMEventHandler.invoke(ASMEventHandler.java:73) ~[eventbus-6.0.5.jar%2352!/:?]
	at net.minecraftforge.eventbus.EventBus.post(EventBus.java:315) ~[eventbus-6.0.5.jar%2352!/:?]
	at net.minecraftforge.eventbus.EventBus.post(EventBus.java:296) ~[eventbus-6.0.5.jar%2352!/:?]
	at net.minecraft.server.level.ServerPlayer.m_5893_(ServerPlayer.java:974) ~[server-1.20.1-20230612.114412-srg.jar%23197!/:?]
	at net.minecraft.world.level.block.CraftingTableBlock.m_6227_(CraftingTableBlock.java:30) ~[server-1.20.1-20230612.114412-srg.jar%23197!/:?]
	at net.minecraft.world.level.block.state.BlockBehaviour$BlockStateBase.m_60664_(BlockBehaviour.java:778) ~[server-1.20.1-20230612.114412-srg.jar%23197!/:?]
	at net.minecraft.server.level.ServerPlayerGameMode.m_7179_(ServerPlayerGameMode.java:351) ~[server-1.20.1-20230612.114412-srg.jar%23197!/:?]
	at net.minecraft.server.network.ServerGamePacketListenerImpl.m_6371_(ServerGamePacketListenerImpl.java:1057) ~[server-1.20.1-20230612.114412-srg.jar%23197!/:?]
	at net.minecraft.network.protocol.game.ServerboundUseItemOnPacket.m_5797_(ServerboundUseItemOnPacket.java:34) ~[server-1.20.1-20230612.114412-srg.jar%23197!/:?]
	at net.minecraft.network.protocol.game.ServerboundUseItemOnPacket.m_5797_(ServerboundUseItemOnPacket.java:8) ~[server-1.20.1-20230612.114412-srg.jar%23197!/:?]
	at net.minecraft.network.protocol.PacketUtils.m_263899_(PacketUtils.java:22) ~[server-1.20.1-20230612.114412-srg.jar%23197!/:?]
	at net.minecraft.server.TickTask.run(TickTask.java:18) ~[server-1.20.1-20230612.114412-srg.jar%23197!/:?]
	at net.minecraft.util.thread.BlockableEventLoop.m_6367_(BlockableEventLoop.java:156) ~[server-1.20.1-20230612.114412-srg.jar%23197!/:?]
	at net.minecraft.util.thread.ReentrantBlockableEventLoop.m_6367_(ReentrantBlockableEventLoop.java:23) ~[server-1.20.1-20230612.114412-srg.jar%23197!/:?]
	at net.minecraft.server.MinecraftServer.m_6367_(MinecraftServer.java:770) ~[server-1.20.1-20230612.114412-srg.jar%23197!/:?]
	at net.minecraft.server.MinecraftServer.m_6367_(MinecraftServer.java:161) ~[server-1.20.1-20230612.114412-srg.jar%23197!/:?]
	at net.minecraft.util.thread.BlockableEventLoop.m_7245_(BlockableEventLoop.java:130) ~[server-1.20.1-20230612.114412-srg.jar%23197!/:?]
	at net.minecraft.server.MinecraftServer.m_129961_(MinecraftServer.java:753) ~[server-1.20.1-20230612.114412-srg.jar%23197!/:?]
	at net.minecraft.server.MinecraftServer.m_7245_(MinecraftServer.java:747) ~[server-1.20.1-20230612.114412-srg.jar%23197!/:?]
	at net.minecraft.util.thread.BlockableEventLoop.m_18701_(BlockableEventLoop.java:139) ~[server-1.20.1-20230612.114412-srg.jar%23197!/:?]
	at net.minecraft.server.MinecraftServer.m_130012_(MinecraftServer.java:733) ~[server-1.20.1-20230612.114412-srg.jar%23197!/:?]
	at net.minecraft.server.MinecraftServer.m_130011_(MinecraftServer.java:665) ~[server-1.20.1-20230612.114412-srg.jar%23197!/:?]
	at net.minecraft.server.MinecraftServer.m_206580_(MinecraftServer.java:251) ~[server-1.20.1-20230612.114412-srg.jar%23197!/:?]
	at java.lang.Thread.run(Thread.java:1474) ~[?:?]
[01Feb2026 10:02:01.755] [Server thread/ERROR] [net.minecraftforge.eventbus.EventBus/EVENTBUS]: Exception caught during firing event: Cannot invoke "net.minecraft.world.level.block.entity.BlockEntity.m_58903_()" because "blockEntity" is null
	Index: 3
	Listeners:
		0: HIGH
		1: ASM: class dev.architectury.event.forge.EventHandlerImplCommon eventPlayerContainerEvent(Lnet/minecraftforge/event/entity/player/PlayerContainerEvent$Open;)V
		2: NORMAL
		3: ASM: class com.scarasol.sona.event.ManagerEventHandler onOpen(Lnet/minecraftforge/event/entity/player/PlayerContainerEvent$Open;)V
		4: ASM: class com.atsuishio.superbwarfare.menu.FuMO25Menu onContainerOpened(Lnet/minecraftforge/event/entity/player/PlayerContainerEvent$Open;)V
		5: ASM: class com.atsuishio.superbwarfare.menu.EnergyMenu onContainerOpened(Lnet/minecraftforge/event/entity/player/PlayerContainerEvent$Open;)V
java.lang.NullPointerException: Cannot invoke "net.minecraft.world.level.block.entity.BlockEntity.m_58903_()" because "blockEntity" is null
	at TRANSFORMER/sona@1.4.2/com.scarasol.sona.manager.RotManager.containerOpen(RotManager.java:206)
	at TRANSFORMER/sona@1.4.2/com.scarasol.sona.event.ManagerEventHandler.onOpen(ManagerEventHandler.java:189)
	at TRANSFORMER/sona@1.4.2/com.scarasol.sona.event.__ManagerEventHandler_onOpen_Open.invoke(.dynamic)
	at MC-BOOTSTRAP/net.minecraftforge.eventbus/net.minecraftforge.eventbus.ASMEventHandler.invoke(ASMEventHandler.java:73)
	at MC-BOOTSTRAP/net.minecraftforge.eventbus/net.minecraftforge.eventbus.EventBus.post(EventBus.java:315)
	at MC-BOOTSTRAP/net.minecraftforge.eventbus/net.minecraftforge.eventbus.EventBus.post(EventBus.java:296)
	at TRANSFORMER/minecraft@1.20.1/net.minecraft.server.level.ServerPlayer.m_5893_(ServerPlayer.java:974)
	at TRANSFORMER/minecraft@1.20.1/net.minecraft.world.level.block.CraftingTableBlock.m_6227_(CraftingTableBlock.java:30)
	at TRANSFORMER/minecraft@1.20.1/net.minecraft.world.level.block.state.BlockBehaviour$BlockStateBase.m_60664_(BlockBehaviour.java:778)
	at TRANSFORMER/minecraft@1.20.1/net.minecraft.server.level.ServerPlayerGameMode.m_7179_(ServerPlayerGameMode.java:351)
	at TRANSFORMER/minecraft@1.20.1/net.minecraft.server.network.ServerGamePacketListenerImpl.m_6371_(ServerGamePacketListenerImpl.java:1057)
	at TRANSFORMER/minecraft@1.20.1/net.minecraft.network.protocol.game.ServerboundUseItemOnPacket.m_5797_(ServerboundUseItemOnPacket.java:34)
	at TRANSFORMER/minecraft@1.20.1/net.minecraft.network.protocol.game.ServerboundUseItemOnPacket.m_5797_(ServerboundUseItemOnPacket.java:8)
	at TRANSFORMER/minecraft@1.20.1/net.minecraft.network.protocol.PacketUtils.m_263899_(PacketUtils.java:22)
	at TRANSFORMER/minecraft@1.20.1/net.minecraft.server.TickTask.run(TickTask.java:18)
	at TRANSFORMER/minecraft@1.20.1/net.minecraft.util.thread.BlockableEventLoop.m_6367_(BlockableEventLoop.java:156)
	at TRANSFORMER/minecraft@1.20.1/net.minecraft.util.thread.ReentrantBlockableEventLoop.m_6367_(ReentrantBlockableEventLoop.java:23)
	at TRANSFORMER/minecraft@1.20.1/net.minecraft.server.MinecraftServer.m_6367_(MinecraftServer.java:770)
	at TRANSFORMER/minecraft@1.20.1/net.minecraft.server.MinecraftServer.m_6367_(MinecraftServer.java:161)
	at TRANSFORMER/minecraft@1.20.1/net.minecraft.util.thread.BlockableEventLoop.m_7245_(BlockableEventLoop.java:130)
	at TRANSFORMER/minecraft@1.20.1/net.minecraft.server.MinecraftServer.m_129961_(MinecraftServer.java:753)
	at TRANSFORMER/minecraft@1.20.1/net.minecraft.server.MinecraftServer.m_7245_(MinecraftServer.java:747)
	at TRANSFORMER/minecraft@1.20.1/net.minecraft.util.thread.BlockableEventLoop.m_18701_(BlockableEventLoop.java:139)
	at TRANSFORMER/minecraft@1.20.1/net.minecraft.server.MinecraftServer.m_130012_(MinecraftServer.java:733)
	at TRANSFORMER/minecraft@1.20.1/net.minecraft.server.MinecraftServer.m_130011_(MinecraftServer.java:665)
	at TRANSFORMER/minecraft@1.20.1/net.minecraft.server.MinecraftServer.m_206580_(MinecraftServer.java:251)
	at java.base/java.lang.Thread.run(Thread.java:1474)

[01Feb2026 10:02:01.756] [Server thread/ERROR] [net.minecraft.network.protocol.PacketUtils/]: Failed to handle packet net.minecraft.network.protocol.game.ServerboundUseItemOnPacket@73d83996, suppressing error
java.lang.NullPointerException: Cannot invoke "net.minecraft.world.level.block.entity.BlockEntity.m_58903_()" because "blockEntity" is null
	at com.scarasol.sona.manager.RotManager.containerOpen(RotManager.java:206) ~[Sona-1.20.1-forge-1.4.2.jar%23183!/:1.4.2]
	at com.scarasol.sona.event.ManagerEventHandler.onOpen(ManagerEventHandler.java:189) ~[Sona-1.20.1-forge-1.4.2.jar%23183!/:1.4.2]
	at com.scarasol.sona.event.__ManagerEventHandler_onOpen_Open.invoke(.dynamic) ~[Sona-1.20.1-forge-1.4.2.jar%23183!/:1.4.2]
	at net.minecraftforge.eventbus.ASMEventHandler.invoke(ASMEventHandler.java:73) ~[eventbus-6.0.5.jar%2352!/:?]
	at net.minecraftforge.eventbus.EventBus.post(EventBus.java:315) ~[eventbus-6.0.5.jar%2352!/:?]
	at net.minecraftforge.eventbus.EventBus.post(EventBus.java:296) ~[eventbus-6.0.5.jar%2352!/:?]
	at net.minecraft.server.level.ServerPlayer.m_5893_(ServerPlayer.java:974) ~[server-1.20.1-20230612.114412-srg.jar%23197!/:?]
	at net.minecraft.world.level.block.CraftingTableBlock.m_6227_(CraftingTableBlock.java:30) ~[server-1.20.1-20230612.114412-srg.jar%23197!/:?]
	at net.minecraft.world.level.block.state.BlockBehaviour$BlockStateBase.m_60664_(BlockBehaviour.java:778) ~[server-1.20.1-20230612.114412-srg.jar%23197!/:?]
	at net.minecraft.server.level.ServerPlayerGameMode.m_7179_(ServerPlayerGameMode.java:351) ~[server-1.20.1-20230612.114412-srg.jar%23197!/:?]
	at net.minecraft.server.network.ServerGamePacketListenerImpl.m_6371_(ServerGamePacketListenerImpl.java:1057) ~[server-1.20.1-20230612.114412-srg.jar%23197!/:?]
	at net.minecraft.network.protocol.game.ServerboundUseItemOnPacket.m_5797_(ServerboundUseItemOnPacket.java:34) ~[server-1.20.1-20230612.114412-srg.jar%23197!/:?]
	at net.minecraft.network.protocol.game.ServerboundUseItemOnPacket.m_5797_(ServerboundUseItemOnPacket.java:8) ~[server-1.20.1-20230612.114412-srg.jar%23197!/:?]
	at net.minecraft.network.protocol.PacketUtils.m_263899_(PacketUtils.java:22) ~[server-1.20.1-20230612.114412-srg.jar%23197!/:?]
	at net.minecraft.server.TickTask.run(TickTask.java:18) ~[server-1.20.1-20230612.114412-srg.jar%23197!/:?]
	at net.minecraft.util.thread.BlockableEventLoop.m_6367_(BlockableEventLoop.java:156) ~[server-1.20.1-20230612.114412-srg.jar%23197!/:?]
	at net.minecraft.util.thread.ReentrantBlockableEventLoop.m_6367_(ReentrantBlockableEventLoop.java:23) ~[server-1.20.1-20230612.114412-srg.jar%23197!/:?]
	at net.minecraft.server.MinecraftServer.m_6367_(MinecraftServer.java:770) ~[server-1.20.1-20230612.114412-srg.jar%23197!/:?]
	at net.minecraft.server.MinecraftServer.m_6367_(MinecraftServer.java:161) ~[server-1.20.1-20230612.114412-srg.jar%23197!/:?]
	at net.minecraft.util.thread.BlockableEventLoop.m_7245_(BlockableEventLoop.java:130) ~[server-1.20.1-20230612.114412-srg.jar%23197!/:?]
	at net.minecraft.server.MinecraftServer.m_129961_(MinecraftServer.java:753) ~[server-1.20.1-20230612.114412-srg.jar%23197!/:?]
	at net.minecraft.server.MinecraftServer.m_7245_(MinecraftServer.java:747) ~[server-1.20.1-20230612.114412-srg.jar%23197!/:?]
	at net.minecraft.util.thread.BlockableEventLoop.m_18701_(BlockableEventLoop.java:139) ~[server-1.20.1-20230612.114412-srg.jar%23197!/:?]
	at net.minecraft.server.MinecraftServer.m_130012_(MinecraftServer.java:733) ~[server-1.20.1-20230612.114412-srg.jar%23197!/:?]
	at net.minecraft.server.MinecraftServer.m_130011_(MinecraftServer.java:665) ~[server-1.20.1-20230612.114412-srg.jar%23197!/:?]
	at net.minecraft.server.MinecraftServer.m_206580_(MinecraftServer.java:251) ~[server-1.20.1-20230612.114412-srg.jar%23197!/:?]
	at java.lang.Thread.run(Thread.java:1474) ~[?:?]
[01Feb2026 10:02:08.614] [Server thread/INFO] [net.minecraft.server.MinecraftServer/]: Aureyaza has made the advancement [Eighty!]
[01Feb2026 10:04:19.779] [Server thread/DEBUG] [xaero.pac.OpenPartiesAndClaims/]: Saving parties...
[01Feb2026 10:04:19.779] [Server thread/DEBUG] [xaero.pac.OpenPartiesAndClaims/]: Saving server info!
[01Feb2026 10:04:45.928] [Server thread/DEBUG] [net.minecraftforge.common.ForgeHooks/WP]: Gathering id map for writing to world save world
[01Feb2026 10:04:45.933] [Server thread/DEBUG] [net.minecraftforge.common.ForgeHooks/WP]: ID Map collection complete world
[01Feb2026 10:05:16.282] [Server thread/WARN] [net.minecraft.server.level.ServerLevel/]: Tried to add entity infectious:old_zombie but it was marked as removed already
[01Feb2026 10:05:23.111] [Server thread/WARN] [net.minecraft.server.level.ServerLevel/]: Tried to add entity infectious:football_player_zombie but it was marked as removed already
[01Feb2026 10:05:23.112] [Server thread/WARN] [net.minecraft.server.level.ServerLevel/]: Tried to add entity infectious:zombie_girl but it was marked as removed already
[01Feb2026 10:05:23.112] [Server thread/WARN] [net.minecraft.server.level.ServerLevel/]: Tried to add entity infectious:enchanted_zombie but it was marked as removed already
[01Feb2026 10:05:23.184] [Server thread/WARN] [net.minecraft.server.level.ServerLevel/]: Tried to add entity infectious:pumpkin_zombie but it was marked as removed already
[01Feb2026 10:05:23.248] [Server thread/WARN] [net.minecraft.server.level.ServerLevel/]: Tried to add entity infectious:hazmat_zombie but it was marked as removed already
[01Feb2026 10:05:23.248] [Server thread/WARN] [net.minecraft.server.level.ServerLevel/]: Tried to add entity infectious:hazmat_zombie but it was marked as removed already
[01Feb2026 10:05:23.248] [Server thread/WARN] [net.minecraft.server.level.ServerLevel/]: Tried to add entity infectious:claw_zombie but it was marked as removed already
[01Feb2026 10:05:23.248] [Server thread/WARN] [net.minecraft.server.level.ServerLevel/]: Tried to add entity infectious:claw_zombie but it was marked as removed already
[01Feb2026 10:05:23.266] [Server thread/WARN] [net.minecraft.server.level.ServerLevel/]: Tried to add entity infectious:blind_zombie but it was marked as removed already
[01Feb2026 10:05:25.784] [Server thread/WARN] [net.minecraft.server.level.ServerLevel/]: Tried to add entity infectious:zombie_doctor but it was marked as removed already
[01Feb2026 10:05:25.785] [Server thread/WARN] [net.minecraft.server.level.ServerLevel/]: Tried to add entity infectious:zombie_doctor but it was marked as removed already
[01Feb2026 10:05:25.834] [Server thread/WARN] [net.minecraft.server.level.ServerLevel/]: Tried to add entity infectious:door_zombie but it was marked as removed already
[01Feb2026 10:05:25.835] [Server thread/WARN] [net.minecraft.server.level.ServerLevel/]: Tried to add entity infectious:zombie_scientist but it was marked as removed already
[01Feb2026 10:05:25.835] [Server thread/WARN] [net.minecraft.server.level.ServerLevel/]: Tried to add entity infectious:zombie_doctor but it was marked as removed already
[01Feb2026 10:05:26.034] [Server thread/WARN] [net.minecraft.server.level.ServerLevel/]: Tried to add entity infectious:zombie but it was marked as removed already
[01Feb2026 10:05:26.034] [Server thread/WARN] [net.minecraft.server.level.ServerLevel/]: Tried to add entity infectious:zombie_lumberjack but it was marked as removed already
[01Feb2026 10:05:26.034] [Server thread/WARN] [net.minecraft.server.level.ServerLevel/]: Tried to add entity infectious:zombie_lumberjack but it was marked as removed already
[01Feb2026 10:05:26.035] [Server thread/WARN] [net.minecraft.server.level.ServerLevel/]: Tried to add entity infectious:zombie_lumberjack but it was marked as removed already
[01Feb2026 10:05:26.084] [Server thread/WARN] [net.minecraft.server.level.ServerLevel/]: Tried to add entity infectious:chained_zombie but it was marked as removed already
[01Feb2026 10:05:32.800] [Server thread/WARN] [net.minecraft.server.level.ServerLevel/]: Tried to add entity infectious:muscular_zombie but it was marked as removed already
[01Feb2026 10:05:32.801] [Server thread/WARN] [net.minecraft.server.level.ServerLevel/]: Tried to add entity infectious:muscular_zombie but it was marked as removed already
[01Feb2026 10:05:34.884] [Server thread/WARN] [net.minecraft.server.level.ServerLevel/]: Tried to add entity infectious:hazmat_zombie but it was marked as removed already
[01Feb2026 10:05:43.235] [Server thread/WARN] [net.minecraft.server.level.ServerLevel/]: Tried to add entity infectious:old_zombie but it was marked as removed already
[01Feb2026 10:06:03.433] [Server thread/WARN] [net.minecraft.server.level.ServerLevel/]: Tried to add entity infectious:claw_zombie but it was marked as removed already
[01Feb2026 10:07:39.929] [Server thread/DEBUG] [xaero.pac.OpenPartiesAndClaims/]: Saving claims!
[01Feb2026 10:09:45.927] [Server thread/DEBUG] [net.minecraftforge.common.ForgeHooks/WP]: Gathering id map for writing to world save world
[01Feb2026 10:09:45.933] [Server thread/DEBUG] [net.minecraftforge.common.ForgeHooks/WP]: ID Map collection complete world
[01Feb2026 10:10:59.879] [Server thread/DEBUG] [xaero.pac.OpenPartiesAndClaims/]: Saving player configs...
[01Feb2026 10:13:27.038] [Server thread/WARN] [net.minecraft.server.level.ServerLevel/]: Tried to add entity infectious:crawling_zombie but it was marked as removed already
[01Feb2026 10:13:44.087] [Server thread/WARN] [net.minecraft.server.level.ServerLevel/]: Tried to add entity infectious:blind_zombie but it was marked as removed already
[01Feb2026 10:13:44.088] [Server thread/WARN] [net.minecraft.server.level.ServerLevel/]: Tried to add entity infectious:construction_worker_zombie but it was marked as removed already
[01Feb2026 10:13:44.088] [Server thread/WARN] [net.minecraft.server.level.ServerLevel/]: Tried to add entity infectious:construction_worker_zombie but it was marked as removed already
[01Feb2026 10:13:44.137] [Server thread/WARN] [net.minecraft.server.level.ServerLevel/]: Tried to add entity infectious:baseball_bat_zombie but it was marked as removed already
[01Feb2026 10:13:45.736] [Server thread/WARN] [net.minecraft.server.level.ServerLevel/]: Tried to add entity infectious:disco_zombie but it was marked as removed already
[01Feb2026 10:13:48.885] [Server thread/WARN] [net.minecraft.server.level.ServerLevel/]: Tried to add entity infectious:crawling_zombie but it was marked as removed already
[01Feb2026 10:13:49.335] [Server thread/WARN] [net.minecraft.server.level.ServerLevel/]: Tried to add entity infectious:zombie_horseman but it was marked as removed already
[01Feb2026 10:13:49.336] [Server thread/WARN] [net.minecraft.server.level.ServerLevel/]: Tried to add entity infectious:zombie_horseman but it was marked as removed already
[01Feb2026 10:13:49.336] [Server thread/WARN] [net.minecraft.server.level.ServerLevel/]: Tried to add entity infectious:zombie_horseman but it was marked as removed already
[01Feb2026 10:13:49.336] [Server thread/WARN] [net.minecraft.server.level.ServerLevel/]: Tried to add entity infectious:zombie_horseman but it was marked as removed already
[01Feb2026 10:13:49.384] [Server thread/WARN] [net.minecraft.server.level.ServerLevel/]: Tried to add entity infectious:baseball_bat_zombie but it was marked as removed already
[01Feb2026 10:13:49.385] [Server thread/WARN] [net.minecraft.server.level.ServerLevel/]: Tried to add entity infectious:zombie_runner but it was marked as removed already
[01Feb2026 10:13:49.385] [Server thread/WARN] [net.minecraft.server.level.ServerLevel/]: Tried to add entity infectious:zombie_lumberjack but it was marked as removed already
[01Feb2026 10:13:49.385] [Server thread/WARN] [net.minecraft.server.level.ServerLevel/]: Tried to add entity infectious:zombie_lumberjack but it was marked as removed already
[01Feb2026 10:13:50.986] [Server thread/WARN] [net.minecraft.server.level.ServerLevel/]: Tried to add entity infectious:fire_fighter_zombie but it was marked as removed already
[01Feb2026 10:13:50.987] [Server thread/WARN] [net.minecraft.server.level.ServerLevel/]: Tried to add entity infectious:zombie_lumberjack but it was marked as removed already
[01Feb2026 10:13:50.987] [Server thread/WARN] [net.minecraft.server.level.ServerLevel/]: Tried to add entity infectious:zombie_lumberjack but it was marked as removed already
[01Feb2026 10:13:51.034] [Server thread/WARN] [net.minecraft.server.level.ServerLevel/]: Tried to add entity infectious:spore_zombie but it was marked as removed already
[01Feb2026 10:13:56.734] [Server thread/WARN] [net.minecraft.server.level.ServerLevel/]: Tried to add entity infectious:zombie_police but it was marked as removed already
[01Feb2026 10:13:56.735] [Server thread/WARN] [net.minecraft.server.level.ServerLevel/]: Tried to add entity infectious:zombie_police but it was marked as removed already
[01Feb2026 10:13:56.735] [Server thread/WARN] [net.minecraft.server.level.ServerLevel/]: Tried to add entity infectious:zombie_police but it was marked as removed already
[01Feb2026 10:13:56.735] [Server thread/WARN] [net.minecraft.server.level.ServerLevel/]: Tried to add entity infectious:zombie_police but it was marked as removed already
[01Feb2026 10:22:32.635] [Netty Epoll Server IO #6/DEBUG] [net.minecraftforge.network.HandshakeHandler/FMLHANDSHAKE]: Starting new modded impl connection. Found 34 messages to dispatch.
[01Feb2026 10:23:01.720] [Netty Epoll Server IO #7/DEBUG] [net.minecraftforge.network.HandshakeHandler/FMLHANDSHAKE]: Starting new modded impl connection. Found 34 messages to dispatch.
[01Feb2026 10:23:42.540] [Netty Epoll Server IO #1/DEBUG] [net.minecraftforge.network.HandshakeHandler/FMLHANDSHAKE]: Starting new modded impl connection. Found 34 messages to dispatch.
[01Feb2026 10:24:29.527] [Netty Epoll Server IO #5/DEBUG] [net.minecraftforge.network.HandshakeHandler/FMLHANDSHAKE]: Starting new modded impl connection. Found 34 messages to dispatch.
[01Feb2026 10:29:32.483] [Netty Epoll Server IO #7/DEBUG] [net.minecraftforge.network.HandshakeHandler/FMLHANDSHAKE]: Starting new modded impl connection. Found 34 messages to dispatch.
[01Feb2026 10:30:12.891] [Netty Epoll Server IO #1/DEBUG] [net.minecraftforge.network.HandshakeHandler/FMLHANDSHAKE]: Starting new modded impl connection. Found 34 messages to dispatch.
[01Feb2026 10:31:07.875] [Netty Epoll Server IO #2/DEBUG] [net.minecraftforge.network.HandshakeHandler/FMLHANDSHAKE]: Starting new modded impl connection. Found 34 messages to dispatch.
[01Feb2026 10:34:15.039] [Netty Epoll Server IO #0/DEBUG] [net.minecraftforge.network.HandshakeHandler/FMLHANDSHAKE]: Starting new modded impl connection. Found 34 messages to dispatch.
[01Feb2026 10:36:50.824] [Netty Epoll Server IO #2/DEBUG] [net.minecraftforge.network.HandshakeHandler/FMLHANDSHAKE]: Starting new modded impl connection. Found 34 messages to dispatch.
[01Feb2026 10:14:08.999] [Server thread/WARN] [net.minecraft.server.level.ServerLevel/]: Tried to add entity infectious:zombified_bird but it was marked as removed already
[01Feb2026 10:15:08.980] [Server Watchdog/ERROR] [net.minecraft.server.dedicated.ServerWatchdog/FATAL]: A single server tick took 60.00 seconds (should be max 0.05)
[01Feb2026 10:45:54.434] [Server thread/WARN] [net.minecraft.server.level.ServerLevel/]: Tried to add entity infectious:zombified_bird but it was marked as removed already
[01Feb2026 10:45:54.435] [Server Watchdog/ERROR] [net.minecraft.server.dedicated.ServerWatchdog/FATAL]: Considering it to be crashed, server will forcibly shutdown.
[01Feb2026 10:45:54.595] [Server Watchdog/DEBUG] [oshi.util.FileUtil/]: Reading file /sys/devices/system/cpu/cpu0/topology/core_id
[01Feb2026 10:45:54.595] [Server Watchdog/DEBUG] [oshi.util.FileUtil/]: Reading file /sys/devices/system/cpu/cpu0/topology/core_id
[01Feb2026 10:45:54.596] [Server Watchdog/DEBUG] [oshi.util.FileUtil/]: Reading file /sys/devices/system/cpu/cpu0/topology/physical_package_id
[01Feb2026 10:45:54.596] [Server Watchdog/DEBUG] [oshi.util.FileUtil/]: Reading file /sys/devices/system/cpu/cpu0/topology/physical_package_id
[01Feb2026 10:45:54.596] [Server Watchdog/DEBUG] [oshi.util.FileUtil/]: Reading file /sys/devices/system/cpu/cpu0/cpu_capacity
[01Feb2026 10:45:54.596] [Server Watchdog/DEBUG] [oshi.util.FileUtil/]: Reading file /sys/devices/system/cpu/cpu1/topology/core_id
[01Feb2026 10:45:54.596] [Server Watchdog/DEBUG] [oshi.util.FileUtil/]: Reading file /sys/devices/system/cpu/cpu1/topology/core_id
[01Feb2026 10:45:54.596] [Server Watchdog/DEBUG] [oshi.util.FileUtil/]: Reading file /sys/devices/system/cpu/cpu1/topology/physical_package_id
[01Feb2026 10:45:54.596] [Server Watchdog/DEBUG] [oshi.util.FileUtil/]: Reading file /sys/devices/system/cpu/cpu1/topology/physical_package_id
[01Feb2026 10:45:54.597] [Server Watchdog/DEBUG] [oshi.util.FileUtil/]: Reading file /sys/devices/system/cpu/cpu1/cpu_capacity
[01Feb2026 10:45:54.597] [Server Watchdog/DEBUG] [oshi.util.FileUtil/]: Reading file /sys/devices/system/cpu/cpu2/topology/core_id
[01Feb2026 10:45:54.597] [Server Watchdog/DEBUG] [oshi.util.FileUtil/]: Reading file /sys/devices/system/cpu/cpu2/topology/core_id
[01Feb2026 10:45:54.597] [Server Watchdog/DEBUG] [oshi.util.FileUtil/]: Reading file /sys/devices/system/cpu/cpu2/topology/physical_package_id
[01Feb2026 10:45:54.597] [Server Watchdog/DEBUG] [oshi.util.FileUtil/]: Reading file /sys/devices/system/cpu/cpu2/topology/physical_package_id
[01Feb2026 10:45:54.597] [Server Watchdog/DEBUG] [oshi.util.FileUtil/]: Reading file /sys/devices/system/cpu/cpu2/cpu_capacity
[01Feb2026 10:45:54.598] [Server Watchdog/DEBUG] [oshi.util.FileUtil/]: Reading file /sys/devices/system/cpu/cpu3/topology/core_id
[01Feb2026 10:45:54.598] [Server Watchdog/DEBUG] [oshi.util.FileUtil/]: Reading file /sys/devices/system/cpu/cpu3/topology/core_id
[01Feb2026 10:45:54.598] [Server Watchdog/DEBUG] [oshi.util.FileUtil/]: Reading file /sys/devices/system/cpu/cpu3/topology/physical_package_id
[01Feb2026 10:45:54.598] [Server Watchdog/DEBUG] [oshi.util.FileUtil/]: Reading file /sys/devices/system/cpu/cpu3/topology/physical_package_id
[01Feb2026 10:45:54.598] [Server Watchdog/DEBUG] [oshi.util.FileUtil/]: Reading file /sys/devices/system/cpu/cpu3/cpu_capacity
[01Feb2026 10:45:54.598] [Server Watchdog/DEBUG] [oshi.util.FileUtil/]: Reading file /proc/cpuinfo
[01Feb2026 10:45:54.611] [Server thread/INFO] [net.minecraft.server.network.ServerGamePacketListenerImpl/]: Aureyaza lost connection: Disconnected
[01Feb2026 10:45:54.612] [Server thread/INFO] [net.minecraft.server.MinecraftServer/]: Aureyaza left the game
[01Feb2026 10:45:54.612] [Server Watchdog/DEBUG] [oshi.util.FileUtil/]: Reading file /proc/self/auxv
[01Feb2026 10:45:54.613] [Server Watchdog/DEBUG] [oshi.util.FileUtil/]: No oshi.architecture.properties file found from ClassLoader cpw.mods.modlauncher.TransformingClassLoader@72557746
[01Feb2026 10:45:54.614] [Server thread/INFO] [xaero.pac.OpenPartiesAndClaims/]: Updating all forceload tickets for 15ca7238-61ef-3258-8460-f3e18bb6e3b1
[01Feb2026 10:45:54.615] [Server Watchdog/DEBUG] [oshi.util.FileUtil/]: No oshi.architecture.properties file found from ClassLoader jdk.internal.loader.ClassLoaders$AppClassLoader@28a418fc
[01Feb2026 10:45:54.632] [Server thread/INFO] [net.minecraft.server.network.ServerLoginPacketListenerImpl/]: com.mojang.authlib.GameProfile@6083ba01[id=<null>,name=Aureyaza,properties={},legacy=false] (/127.152.253.137:42225) lost connection: Disconnected
[01Feb2026 10:45:54.633] [Server thread/INFO] [net.minecraft.server.network.ServerLoginPacketListenerImpl/]: com.mojang.authlib.GameProfile@379450d7[id=<null>,name=Aureyaza,properties={},legacy=false] (/127.152.253.137:55883) lost connection: Disconnected
[01Feb2026 10:45:54.633] [Server thread/INFO] [net.minecraft.server.network.ServerLoginPacketListenerImpl/]: com.mojang.authlib.GameProfile@23011fc9[id=<null>,name=Aureyaza,properties={},legacy=false] (/127.152.253.137:33331) lost connection: Disconnected
[01Feb2026 10:45:54.634] [Server thread/INFO] [net.minecraft.server.network.ServerLoginPacketListenerImpl/]: com.mojang.authlib.GameProfile@32dc17ef[id=<null>,name=Aureyaza,properties={},legacy=false] (/127.152.253.137:47779) lost connection: Disconnected
[01Feb2026 10:45:54.634] [Server thread/INFO] [net.minecraft.server.network.ServerLoginPacketListenerImpl/]: com.mojang.authlib.GameProfile@2db8ca27[id=<null>,name=Aureyaza,properties={},legacy=false] (/127.152.253.137:54913) lost connection: Disconnected
[01Feb2026 10:45:54.634] [Server thread/INFO] [net.minecraft.server.network.ServerLoginPacketListenerImpl/]: com.mojang.authlib.GameProfile@383f25af[id=<null>,name=Aureyaza,properties={},legacy=false] (/127.152.253.137:38489) lost connection: Disconnected
[01Feb2026 10:45:54.635] [Server thread/INFO] [net.minecraft.server.network.ServerLoginPacketListenerImpl/]: com.mojang.authlib.GameProfile@13eb8a36[id=<null>,name=Aureyaza,properties={},legacy=false] (/127.152.253.137:51457) lost connection: Disconnected
[01Feb2026 10:45:54.635] [Server thread/INFO] [net.minecraft.server.network.ServerLoginPacketListenerImpl/]: com.mojang.authlib.GameProfile@41da84cb[id=<null>,name=Aureyaza,properties={},legacy=false] (/127.152.253.137:57913) lost connection: Disconnected
[01Feb2026 10:45:54.636] [Server thread/INFO] [net.minecraft.server.network.ServerLoginPacketListenerImpl/]: com.mojang.authlib.GameProfile@2a589725[id=<null>,name=Aureyaza,properties={},legacy=false] (/127.152.253.137:50633) lost connection: Disconnected
[01Feb2026 10:45:54.637] [Server Watchdog/DEBUG] [oshi.util.FileUtil/]: Reading file /proc/meminfo
[01Feb2026 10:45:54.638] [Server Watchdog/DEBUG] [oshi.util.FileUtil/]: Reading file /proc/meminfo
[01Feb2026 10:45:54.654] [Server thread/WARN] [net.minecraft.server.MinecraftServer/]: Can't keep up! Is the server overloaded? Running 1905674ms or 38113 ticks behind
[01Feb2026 10:45:54.654] [Server thread/DEBUG] [xaero.pac.OpenPartiesAndClaims/]: Saving parties...
[01Feb2026 10:45:54.655] [Server thread/DEBUG] [xaero.pac.OpenPartiesAndClaims/]: Saving server info!
[01Feb2026 10:45:54.712] [Server Watchdog/FATAL] [net.minecraftforge.common.ForgeMod/]: Preparing crash report with UUID d12465e7-64d3-4ef1-8c68-aa4535f033b6
[01Feb2026 10:45:54.716] [Server thread/DEBUG] [xaero.pac.OpenPartiesAndClaims/]: Saving player configs...
[01Feb2026 10:45:54.743] [Server Watchdog/FATAL] [net.minecraftforge.common.ForgeMod/]: Preparing crash report with UUID fdd73258-801b-4991-80f2-482fe56a2470
[01Feb2026 10:45:54.745] [Server Watchdog/ERROR] [net.minecraft.server.dedicated.ServerWatchdog/]: This crash report has been saved to: /workspaces/test-aja/./crash-reports/crash-2026-02-01_10.45.54-server.txt
[01Feb2026 10:45:54.761] [Server thread/DEBUG] [platform/]: Found existing server config directory directory : ./world/serverconfig
[01Feb2026 10:45:54.761] [Server thread/DEBUG] [com.blackgear.platform.core.util.config.ConfigTracker/]: Unloading configs type SERVER
[01Feb2026 10:45:54.761] [Server thread/INFO] [net.minecraft.server.MinecraftServer/]: Stopping server
[01Feb2026 10:45:54.762] [Server thread/INFO] [net.minecraft.server.MinecraftServer/]: Saving players
[01Feb2026 10:45:54.763] [Server thread/INFO] [net.minecraft.server.MinecraftServer/]: Saving worlds
[01Feb2026 10:45:55.486] [Server thread/INFO] [net.minecraft.server.MinecraftServer/]: Saving chunks for level 'ServerLevel[world]'/minecraft:overworld
[01Feb2026 10:45:56.313] [Server thread/INFO] [net.minecraft.server.MinecraftServer/]: Saving chunks for level 'ServerLevel[world]'/minecraft:the_end
[01Feb2026 10:45:56.315] [Server thread/INFO] [net.minecraft.server.MinecraftServer/]: Saving chunks for level 'ServerLevel[world]'/lostcities:lostcity
[01Feb2026 10:45:56.319] [Server thread/INFO] [net.minecraft.server.MinecraftServer/]: Saving chunks for level 'ServerLevel[world]'/minecraft:the_nether
[01Feb2026 10:45:56.322] [Server thread/DEBUG] [net.minecraftforge.common.ForgeHooks/WP]: Gathering id map for writing to world save world
[01Feb2026 10:45:56.333] [Server thread/DEBUG] [net.minecraftforge.common.ForgeHooks/WP]: ID Map collection complete world
[01Feb2026 10:45:56.345] [Server thread/INFO] [net.minecraft.server.MinecraftServer/]: ThreadedAnvilChunkStorage (world): All chunks are saved
[01Feb2026 10:45:56.346] [Server thread/INFO] [net.minecraft.server.MinecraftServer/]: ThreadedAnvilChunkStorage (DIM1): All chunks are saved
[01Feb2026 10:45:56.346] [Server thread/INFO] [net.minecraft.server.MinecraftServer/]: ThreadedAnvilChunkStorage (lostcity): All chunks are saved
[01Feb2026 10:45:56.347] [Server thread/INFO] [net.minecraft.server.MinecraftServer/]: ThreadedAnvilChunkStorage (DIM-1): All chunks are saved
[01Feb2026 10:45:56.347] [Server thread/INFO] [net.minecraft.server.MinecraftServer/]: ThreadedAnvilChunkStorage: All dimensions are saved
[01Feb2026 10:45:56.464] [Server thread/DEBUG] [xaero.pac.OpenPartiesAndClaims/]: Saving parties...
[01Feb2026 10:45:56.464] [Server thread/DEBUG] [xaero.pac.OpenPartiesAndClaims/]: Saving player configs...
[01Feb2026 10:45:56.464] [Server thread/DEBUG] [xaero.pac.OpenPartiesAndClaims/]: Saving claims!
[01Feb2026 10:45:56.465] [Server thread/DEBUG] [xaero.pac.OpenPartiesAndClaims/]: Saving server info!
[01Feb2026 10:45:56.465] [Server thread/INFO] [xaero.pac.OpenPartiesAndClaims/]: Stopping IO worker...
[01Feb2026 10:45:56.467] [Server thread/INFO] [xaero.pac.OpenPartiesAndClaims/]: Stopped IO worker!
[01Feb2026 10:45:56.467] [Server thread/DEBUG] [net.minecraftforge.fml.config.ConfigTracker/CONFIG]: Unloading configs type SERVER
[01Feb2026 10:45:56.470] [Server thread/INFO] [net.petemc.undeadnights.UndeadNights/]: Loading undeadnights server config
[01Feb2026 10:45:56.474] [Server thread/INFO] [net.petemc.mutantszombies.MutantsZombies/]: Loading mutantszombies server config
