[04Feb2026 02:22:52.116] [main/INFO] [cpw.mods.modlauncher.Launcher/MODLAUNCHER]: ModLauncher running: args [--launchTarget, forgeserver, --fml.forgeVersion, 47.4.10, --fml.mcVersion, 1.20.1, --fml.forgeGroup, net.minecraftforge, --fml.mcpVersion, 20230612.114412]
[04Feb2026 02:22:52.133] [main/INFO] [cpw.mods.modlauncher.Launcher/MODLAUNCHER]: ModLauncher 10.0.9+10.0.9+main.dcd20f30 starting: java version 25.0.1 by Microsoft; OS Linux arch amd64 version 6.8.0-1030-azure
[04Feb2026 02:22:54.882] [main/INFO] [net.minecraftforge.fml.loading.ImmediateWindowHandler/]: ImmediateWindowProvider not loading because launch target is forgeserver
[04Feb2026 02:22:54.975] [main/INFO] [mixin/]: SpongePowered MIXIN Subsystem Version=0.8.5 Source=union:/workspaces/test-aja/libraries/org/spongepowered/mixin/0.8.5/mixin-0.8.5.jar%2365!/ Service=ModLauncher Env=SERVER
[04Feb2026 02:22:55.496] [main/WARN] [net.minecraftforge.fml.loading.moddiscovery.ModFileParser/LOADING]: Mod file /workspaces/test-aja/libraries/net/minecraftforge/fmlcore/1.20.1-47.4.10/fmlcore-1.20.1-47.4.10.jar is missing mods.toml file
[04Feb2026 02:22:55.497] [main/WARN] [net.minecraftforge.fml.loading.moddiscovery.ModFileParser/LOADING]: Mod file /workspaces/test-aja/libraries/net/minecraftforge/javafmllanguage/1.20.1-47.4.10/javafmllanguage-1.20.1-47.4.10.jar is missing mods.toml file
[04Feb2026 02:22:55.499] [main/WARN] [net.minecraftforge.fml.loading.moddiscovery.ModFileParser/LOADING]: Mod file /workspaces/test-aja/libraries/net/minecraftforge/lowcodelanguage/1.20.1-47.4.10/lowcodelanguage-1.20.1-47.4.10.jar is missing mods.toml file
[04Feb2026 02:22:55.500] [main/WARN] [net.minecraftforge.fml.loading.moddiscovery.ModFileParser/LOADING]: Mod file /workspaces/test-aja/libraries/net/minecraftforge/mclanguage/1.20.1-47.4.10/mclanguage-1.20.1-47.4.10.jar is missing mods.toml file
[04Feb2026 02:22:56.185] [main/WARN] [net.minecraftforge.jarjar.selection.JarSelector/]: Attempted to select two dependency jars from JarJar which have the same identification: Mod File:  and Mod File: . Using Mod File: 
[04Feb2026 02:22:56.187] [main/INFO] [net.minecraftforge.fml.loading.moddiscovery.JarInJarDependencyLocator/]: Found 13 dependencies adding them to mods collection
[04Feb2026 02:22:58.306] [main/INFO] [mixin/]: Compatibility level set to JAVA_17
[04Feb2026 02:22:58.476] [main/INFO] [cpw.mods.modlauncher.LaunchServiceHandler/MODLAUNCHER]: Launching target 'forgeserver' with arguments []
[04Feb2026 02:22:59.618] [main/WARN] [mixin/]: Error loading class: com/illusivesoulworks/comforts/common/block/BaseComfortsBlock (java.lang.ClassNotFoundException: com.illusivesoulworks.comforts.common.block.BaseComfortsBlock)
[04Feb2026 02:22:59.619] [main/WARN] [mixin/]: @Mixin target com.illusivesoulworks.comforts.common.block.BaseComfortsBlock was not found undeadnights.mixins.json:BaseComfortBlocksMixin
[04Feb2026 02:23:00.128] [main/WARN] [mixin/]: Error loading class: com/simibubi/create/content/equipment/armor/BacktankBlockEntity (java.lang.ClassNotFoundException: com.simibubi.create.content.equipment.armor.BacktankBlockEntity)
[04Feb2026 02:23:00.129] [main/WARN] [mixin/]: @Mixin target com.simibubi.create.content.equipment.armor.BacktankBlockEntity was not found jadeaddons.mixins.json:create.BacktankBlockEntityAccess
[04Feb2026 02:23:00.148] [main/INFO] [memoryleakfix/]: [MemoryLeakFix] Will be applying 1 memory leak fixes!
[04Feb2026 02:23:00.149] [main/INFO] [memoryleakfix/]: [MemoryLeakFix] Currently enabled memory leak fixes: [biomeTemperatureLeak]
[04Feb2026 02:23:00.350] [main/INFO] [MixinExtras|Service/]: Initializing MixinExtras via com.llamalad7.mixinextras.service.MixinExtrasServiceImpl(version=0.4.1).
[04Feb2026 02:23:00.530] [main/INFO] [mixin/]: Mixing server.MixinDedicatedServer from mixins/common/nochatreports.mixins.json into net.minecraft.server.dedicated.DedicatedServer
[04Feb2026 02:23:03.540] [main/WARN] [mixin/]: Mixin sona.mixins.json:ItemStackMixin has multiple constructors, (Ljava/lang/Class;)V was selected

[04Feb2026 02:23:05.027] [main/INFO] [mixin/]: Mixing common.MixinFriendlyByteBuf from mixins/common/nochatreports.mixins.json into net.minecraft.network.FriendlyByteBuf
[04Feb2026 02:23:05.028] [main/INFO] [mixin/]: Renaming synthetic method lambda$onWriteJsonWithCodec$1(Ljava/lang/Object;Ljava/lang/String;)Lio/netty/handler/codec/EncoderException; to mdcc2773$lambda$onWriteJsonWithCodec$1$0 in mixins/common/nochatreports.mixins.json:common.MixinFriendlyByteBuf
[04Feb2026 02:23:05.028] [main/INFO] [mixin/]: Renaming synthetic method lambda$onReadJsonWithCodec$0(Ljava/lang/String;)Lio/netty/handler/codec/DecoderException; to mdcc2773$lambda$onReadJsonWithCodec$0$1 in mixins/common/nochatreports.mixins.json:common.MixinFriendlyByteBuf
[04Feb2026 02:23:05.242] [main/INFO] [mixin/]: Mixing server.MixinServerGamePacketListenerImpl from mixins/common/nochatreports.mixins.json into net.minecraft.server.network.ServerGamePacketListenerImpl
[04Feb2026 02:23:06.451] [modloading-worker-0/INFO] [net.petemc.undeadnights.UndeadNights/]: Registering Item Groups for undeadnights
[04Feb2026 02:23:06.499] [modloading-worker-0/INFO] [net.petemc.undeadnights.UndeadNights/]: Loading undeadnights horde mobs config
[04Feb2026 02:23:06.501] [modloading-worker-0/INFO] [net.petemc.undeadnights.UndeadNights/]: No target entities specified in horde mob config, no additional entities will be targeted.
[04Feb2026 02:23:06.503] [modloading-worker-0/INFO] [net.petemc.undeadnights.UndeadNights/]: Default horde mob undeadnights:horde_zombie was read from config.
[04Feb2026 02:23:06.505] [modloading-worker-0/INFO] [net.petemc.undeadnights.UndeadNights/]: Horde mob undeadnights:elite_zombie with chance 3% was read from config.
[04Feb2026 02:23:06.507] [modloading-worker-0/INFO] [net.petemc.undeadnights.UndeadNights/]: Horde mob undeadnights:demolition_zombie with chance 6% was read from config.
[04Feb2026 02:23:06.504] [modloading-worker-0/INFO] [dynamiclights/]: [Dynamic Lights] Registering server started event ...
[04Feb2026 02:23:06.522] [modloading-worker-0/INFO] [net.petemc.undeadnights.UndeadNights/]: Setting current difficulty level to: Level 1
[04Feb2026 02:23:06.526] [modloading-worker-0/INFO] [net.petemc.undeadnights.UndeadNights/]: Loaded difficulty config with 1 difficulty levels.
[04Feb2026 02:23:06.556] [modloading-worker-0/INFO] [mixin/]: Mixing server.MixinPlayerList from mixins/common/nochatreports.mixins.json into net.minecraft.server.players.PlayerList
[04Feb2026 02:23:06.596] [modloading-worker-0/INFO] [xaero.lib.XaeroLib/]: Registering common data for channel xaerolib:main!
[04Feb2026 02:23:06.613] [modloading-worker-0/INFO] [xaero.lib.XaeroLib/]: Loading primary common config for channel xaerolib:main!
[04Feb2026 02:23:06.621] [modloading-worker-0/INFO] [xaero.lib.XaeroLib/]: Loading server config profiles for channel xaerolib:main!
[04Feb2026 02:23:06.658] [modloading-worker-0/INFO] [xaero.map.WorldMap/]: Registering common data for channel xaeroworldmap:main!
[04Feb2026 02:23:06.688] [modloading-worker-0/INFO] [xaero.map.WorldMap/]: Loading primary common config for channel xaeroworldmap:main!
[04Feb2026 02:23:06.697] [modloading-worker-0/INFO] [xaero.map.WorldMap/]: Loading server config profiles for channel xaeroworldmap:main!
[04Feb2026 02:23:06.785] [modloading-worker-0/INFO] [net.blay09.mods.balm.forge.config.ForgeBalmConfig/]: Registering config for waystones:common (COMMON) with 46 properties.
[04Feb2026 02:23:06.887] [modloading-worker-0/INFO] [net.minecraftforge.common.ForgeMod/FORGEMOD]: Forge mod loading, version 47.4.10, for MC 1.20.1 with MCP 20230612.114412
[04Feb2026 02:23:06.888] [modloading-worker-0/INFO] [net.minecraftforge.common.MinecraftForge/FORGE]: MinecraftForge v47.4.10 Initialized
[04Feb2026 02:23:07.035] [modloading-worker-0/INFO] [NoChatReports/]: KONNICHIWA ZA WARUDO!
[04Feb2026 02:23:07.036] [modloading-worker-0/INFO] [NoChatReports/]: Default JVM text encoding is: UTF-8
[04Feb2026 02:23:07.045] [modloading-worker-0/INFO] [NoChatReports/]: Reading config file NoChatReports/NCR-Common.json...
[04Feb2026 02:23:07.046] [modloading-worker-0/INFO] [NoChatReports/]: Writing config file NoChatReports/NCR-Common.json...
[04Feb2026 02:23:07.321] [modloading-worker-0/INFO] [xaero.common.HudMod/]: Registering common data for channel xaerominimap:main!
[04Feb2026 02:23:07.360] [modloading-worker-0/INFO] [xaero.common.HudMod/]: Loading primary common config for channel xaerominimap:main!
[04Feb2026 02:23:07.363] [modloading-worker-0/INFO] [xaero.common.HudMod/]: Loading server config profiles for channel xaerominimap:main!
[04Feb2026 02:23:07.376] [modloading-worker-0/INFO] [Collective/]: Loading Collective version 8.13.
[04Feb2026 02:23:07.433] [modloading-worker-0/INFO] [lostcities/]: Creating standard profiles into 'config/lostcities/profiles'
[04Feb2026 02:23:07.475] [modloading-worker-0/INFO] [lostcities/]: Reading existing profiles from 'config/lostcities/profiles'
[04Feb2026 02:23:07.669] [modloading-worker-0/INFO] [Inventory Profiles Next/]: [Inventory Profiles Next] Inventory Profiles Next - init in Kotlin
[04Feb2026 02:23:07.684] [modloading-worker-0/INFO] [libIPN/]: [libIPN] libIPN - init in Kotlin
[04Feb2026 02:23:07.684] [modloading-worker-0/INFO] [thedarkcolour.kotlinforforge.test.KotlinForForge/]: Kotlin For Forge Enabled!
[04Feb2026 02:23:07.786] [modloading-worker-0/INFO] [dev.architectury.networking.forge.NetworkManagerImpl/]: Registering C2S receiver with id architectury:sync_ids
[04Feb2026 02:23:09.810] [modloading-worker-0/INFO] [xaero.pac.OpenPartiesAndClaims/]: Loading Open Parties and Claims!
[04Feb2026 02:23:09.810] [modloading-worker-0/INFO] [net.petemc.undeadnights.UndeadNights/]: Initializing the UndeadNights Mod (common setup)
[04Feb2026 02:23:09.812] [modloading-worker-0/INFO] [xaero.lib.XaeroLib/]: Loading XaeroLib common 1/2!
[04Feb2026 02:23:09.829] [modloading-worker-0/INFO] [dynamiclights/]: [Dynamic Lights] MidnightLib detected!
[04Feb2026 02:23:09.880] [modloading-worker-0/INFO] [dynamiclights/]: [Dynamic Lights] Loaded Dynamic Lights by Tschipcraft successfully!
[04Feb2026 02:23:09.904] [Forge Version Check/INFO] [net.minecraftforge.fml.VersionChecker/]: [dynamiclights] Starting version check at https://api.modrinth.com/updates/7YjclEGc/forge_updates.json?forge=only
[04Feb2026 02:23:10.095] [main/INFO] [tacz/SYNCED_ENTITY_DATA_TAC_COPY]: Registered synced data key tacz:shoot_cool_down for minecraft:living_entity
[04Feb2026 02:23:10.096] [main/INFO] [tacz/SYNCED_ENTITY_DATA_TAC_COPY]: Registered synced data key tacz:melee_cool_down for minecraft:living_entity
[04Feb2026 02:23:10.097] [main/INFO] [tacz/SYNCED_ENTITY_DATA_TAC_COPY]: Registered synced data key tacz:reload_state for minecraft:living_entity
[04Feb2026 02:23:10.097] [main/INFO] [tacz/SYNCED_ENTITY_DATA_TAC_COPY]: Registered synced data key tacz:aiming_progress for minecraft:living_entity
[04Feb2026 02:23:10.097] [main/INFO] [tacz/SYNCED_ENTITY_DATA_TAC_COPY]: Registered synced data key tacz:draw_cool_down for minecraft:living_entity
[04Feb2026 02:23:10.097] [main/INFO] [tacz/SYNCED_ENTITY_DATA_TAC_COPY]: Registered synced data key tacz:is_aiming for minecraft:living_entity
[04Feb2026 02:23:10.097] [main/INFO] [tacz/SYNCED_ENTITY_DATA_TAC_COPY]: Registered synced data key tacz:sprint_time for minecraft:living_entity
[04Feb2026 02:23:10.097] [main/INFO] [tacz/SYNCED_ENTITY_DATA_TAC_COPY]: Registered synced data key tacz:is_bolting for minecraft:living_entity
[04Feb2026 02:23:10.098] [main/INFO] [tacz/SYNCED_ENTITY_DATA_TAC_COPY]: Registered synced data key tacz:throwable_using for minecraft:living_entity
[04Feb2026 02:23:10.126] [modloading-worker-0/INFO] [xaero.map.server.WorldMapServer/]: Loading Xaero's World Map - Stage 1/2 (Server)
[04Feb2026 02:23:10.127] [modloading-worker-0/INFO] [xaero.minimap.XaeroMinimap/]: Loading Xaero's Minimap - Stage 1/2 (Server)
[04Feb2026 02:23:10.126] [modloading-worker-0/INFO] [xaero.lib.XaeroLib/]: Loading XaeroLib server 1/2!
[04Feb2026 02:23:10.131] [main/INFO] [xaero.map.server.WorldMapServer/]: Loading Xaero's World Map - Stage 2/2 (Server)
[04Feb2026 02:23:10.132] [main/INFO] [xaero.lib.XaeroLib/]: Loading XaeroLib common 2/2!
[04Feb2026 02:23:10.132] [main/INFO] [xaero.lib.XaeroLib/]: Loading XaeroLib server 2/2!
[04Feb2026 02:23:10.133] [main/INFO] [xaero.minimap.XaeroMinimap/]: Loading Xaero's Minimap - Stage 2/2 (Server)
[04Feb2026 02:23:10.245] [modloading-worker-0/INFO] [Jade/]: Start loading plugin at net.blay09.mods.waystones.compat.JadeIntegration
[04Feb2026 02:23:10.261] [modloading-worker-0/INFO] [Jade/]: Start loading plugin at net.blay09.mods.balm.forge.compat.hudinfo.ForgeJadeModCompat
[04Feb2026 02:23:10.262] [modloading-worker-0/INFO] [Jade/]: Start loading plugin at snownee.jade.addon.vanilla.VanillaPlugin
[04Feb2026 02:23:10.278] [modloading-worker-0/INFO] [Jade/]: Start loading plugin at snownee.jade.addon.universal.UniversalPlugin
[04Feb2026 02:23:10.286] [modloading-worker-0/INFO] [Jade/]: Start loading plugin at snownee.jade.addon.core.CorePlugin
[04Feb2026 02:23:10.289] [modloading-worker-0/INFO] [Jade/]: Start loading plugin at snownee.jade.addon.JadeAddonsBase
[04Feb2026 02:23:10.870] [Forge Version Check/INFO] [net.minecraftforge.fml.VersionChecker/]: [dynamiclights] Found status: UP_TO_DATE Current: 1.9+mod Target: null
[04Feb2026 02:23:10.871] [Forge Version Check/INFO] [net.minecraftforge.fml.VersionChecker/]: [clumps] Starting version check at https://updates.blamejared.com/get?n=clumps&gv=1.20.1
[04Feb2026 02:23:11.567] [Forge Version Check/INFO] [net.minecraftforge.fml.VersionChecker/]: [clumps] Found status: BETA Current: 12.0.0.4 Target: 12.0.0.4
[04Feb2026 02:23:11.567] [Forge Version Check/INFO] [net.minecraftforge.fml.VersionChecker/]: [mr_veinminer] Starting version check at https://api.modrinth.com/updates/OhduvhIc/forge_updates.json
[04Feb2026 02:23:11.865] [Forge Version Check/INFO] [net.minecraftforge.fml.VersionChecker/]: [mr_veinminer] Found status: OUTDATED Current: 1.1.0 Target: 1.1.0+mod
[04Feb2026 02:23:11.865] [Forge Version Check/INFO] [net.minecraftforge.fml.VersionChecker/]: [forge] Starting version check at https://files.minecraftforge.net/net/minecraftforge/forge/promotions_slim.json
[04Feb2026 02:23:12.295] [Forge Version Check/INFO] [net.minecraftforge.fml.VersionChecker/]: [forge] Found status: UP_TO_DATE Current: 47.4.10 Target: null
[04Feb2026 02:23:12.295] [Forge Version Check/INFO] [net.minecraftforge.fml.VersionChecker/]: [rrls] Starting version check at https://api.modrinth.com/updates/rrls/forge_updates.json
[04Feb2026 02:23:12.582] [Forge Version Check/INFO] [net.minecraftforge.fml.VersionChecker/]: [rrls] Found status: UP_TO_DATE Current: 4.0.6.1+mc1.20.1-forge Target: null
[04Feb2026 02:23:12.601] [main/INFO] [com.mojang.authlib.yggdrasil.YggdrasilAuthenticationService/]: Environment: authHost='https://authserver.mojang.com', accountsHost='https://api.mojang.com', sessionHost='https://sessionserver.mojang.com', servicesHost='https://api.minecraftservices.com', name='PROD'
[04Feb2026 02:23:12.631] [main/WARN] [net.minecraft.server.packs.VanillaPackResourcesBuilder/]: Assets URL 'union:/workspaces/test-aja/libraries/net/minecraft/server/1.20.1-20230612.114412/server-1.20.1-20230612.114412-srg.jar%23193!/assets/.mcassetsroot' uses unexpected schema
[04Feb2026 02:23:12.631] [main/WARN] [net.minecraft.server.packs.VanillaPackResourcesBuilder/]: Assets URL 'union:/workspaces/test-aja/libraries/net/minecraft/server/1.20.1-20230612.114412/server-1.20.1-20230612.114412-srg.jar%23193!/data/.mcassetsroot' uses unexpected schema
[04Feb2026 02:23:21.921] [main/INFO] [tacz/GunPackFinder]: Start scanning for gun packs in /workspaces/test-aja/tacz
[04Feb2026 02:23:21.927] [main/INFO] [tacz/GunPackFinder]: - Applied Armorer-v1.1.4.1-for114+.zip, Main namespace: applied_armorer
[04Feb2026 02:23:22.116] [main/INFO] [tacz/GunPackFinder]: - ARIPS_ver.1.3.0.zip, Main namespace: arip
[04Feb2026 02:23:22.167] [main/INFO] [tacz/GunPackFinder]: - The Division pack_ver.0.3.3.zip, Main namespace: gz
[04Feb2026 02:23:22.264] [main/INFO] [tacz/GunPackFinder]: - [Tacz1.1.5+]EMX-Arms GunsPack ver1.1.5.zip.zip, Main namespace: emitech
[04Feb2026 02:23:22.265] [main/INFO] [tacz/GunPackFinder]: - tacz_default_gun, Main namespace: tacz
[04Feb2026 02:23:22.350] [main/INFO] [tacz/GunPackFinder]: - [Tacz1.1.7+]CIBR_GunsPack_v0.3_1.1.7.zip, Main namespace: cib
[04Feb2026 02:23:22.352] [main/ERROR] [tacz/GunPackFinder]: Failed to load extension from ZIP Gucci Attachments-v0.1.1.r-0607-152243.zip. Error: No gunpack.meta.json found
[04Feb2026 02:23:22.407] [main/INFO] [tacz/GunPackFinder]: - Cyber Armorer-1.1.5_for114.zip, Main namespace: cyber_armorer
[04Feb2026 02:23:22.504] [main/ERROR] [tacz/GunPackFinder]: Failed to load extension from ZIP TTI_Gunpack-v1.0.0.zip. Error: No gunpack.meta.json found
[04Feb2026 02:23:22.505] [main/INFO] [tacz/GunPackFinder]: Found 7 possible gunpack(s) and added them to resource set.
[04Feb2026 02:23:23.108] [main/INFO] [net.minecraft.server.MinecraftServer/]: Found new data pack tacz_resources, loading it automatically
[04Feb2026 02:23:24.655] [Worker-Main-1/ERROR] [net.minecraft.server.packs.resources.SimpleJsonResourceReloadListener/]: Couldn't parse data file atea:attachments/muzzle_rotex5i from atea:recipes/attachments/muzzle_rotex5i.json
com.google.gson.JsonParseException: com.google.gson.stream.MalformedJsonException: Unterminated array at line 15 column 6 path $.materials[2]
	at net.minecraft.util.GsonHelper.m_13780_(GsonHelper.java:526) ~[server-1.20.1-20230612.114412-srg.jar%23193!/:?]
	at net.minecraft.util.GsonHelper.m_263475_(GsonHelper.java:531) ~[server-1.20.1-20230612.114412-srg.jar%23193!/:?]
	at net.minecraft.util.GsonHelper.m_13776_(GsonHelper.java:581) ~[server-1.20.1-20230612.114412-srg.jar%23193!/:?]
	at net.minecraft.server.packs.resources.SimpleJsonResourceReloadListener.m_278771_(SimpleJsonResourceReloadListener.java:41) ~[server-1.20.1-20230612.114412-srg.jar%23193!/:?]
	at net.minecraft.server.packs.resources.SimpleJsonResourceReloadListener.m_5944_(SimpleJsonResourceReloadListener.java:29) ~[server-1.20.1-20230612.114412-srg.jar%23193!/:?]
	at net.minecraft.server.packs.resources.SimpleJsonResourceReloadListener.m_5944_(SimpleJsonResourceReloadListener.java:17) ~[server-1.20.1-20230612.114412-srg.jar%23193!/:?]
	at net.minecraft.server.packs.resources.SimplePreparableReloadListener.m_10786_(SimplePreparableReloadListener.java:11) ~[server-1.20.1-20230612.114412-srg.jar%23193!/:?]
	at java.util.concurrent.CompletableFuture$AsyncSupply.run(CompletableFuture.java:1789) ~[?:?]
	at java.util.concurrent.CompletableFuture$AsyncSupply.exec(CompletableFuture.java:1781) ~[?:?]
	at java.util.concurrent.ForkJoinTask.doExec(ForkJoinTask.java:511) ~[?:?]
	at java.util.concurrent.ForkJoinPool$WorkQueue.topLevelExec(ForkJoinPool.java:1450) ~[?:?]
	at java.util.concurrent.ForkJoinPool.runWorker(ForkJoinPool.java:2019) ~[?:?]
	at java.util.concurrent.ForkJoinWorkerThread.run(ForkJoinWorkerThread.java:187) ~[?:?]
Caused by: com.google.gson.stream.MalformedJsonException: Unterminated array at line 15 column 6 path $.materials[2]
	at com.google.gson.stream.JsonReader.syntaxError(JsonReader.java:1657) ~[gson-2.10.jar%2372!/:?]
	at com.google.gson.stream.JsonReader.doPeek(JsonReader.java:485) ~[gson-2.10.jar%2372!/:?]
	at com.google.gson.stream.JsonReader.hasNext(JsonReader.java:422) ~[gson-2.10.jar%2372!/:?]
	at com.google.gson.internal.bind.TypeAdapters$28.read(TypeAdapters.java:779) ~[gson-2.10.jar%2372!/:?]
	at com.google.gson.internal.bind.TypeAdapters$28.read(TypeAdapters.java:725) ~[gson-2.10.jar%2372!/:?]
	at com.google.gson.internal.bind.TypeAdapters$34$1.read(TypeAdapters.java:1007) ~[gson-2.10.jar%2372!/:?]
	at net.minecraft.util.GsonHelper.m_13780_(GsonHelper.java:524) ~[server-1.20.1-20230612.114412-srg.jar%23193!/:?]
	... 12 more
[04Feb2026 02:23:24.671] [Worker-Main-1/ERROR] [net.minecraft.server.packs.resources.SimpleJsonResourceReloadListener/]: Couldn't parse data file arip:attachments/tacit from arip:recipes/attachments/tacit.json
com.google.gson.JsonParseException: com.google.gson.stream.MalformedJsonException: Unterminated array at line 9 column 14 path $.materials[2]
	at net.minecraft.util.GsonHelper.m_13780_(GsonHelper.java:526) ~[server-1.20.1-20230612.114412-srg.jar%23193!/:?]
	at net.minecraft.util.GsonHelper.m_263475_(GsonHelper.java:531) ~[server-1.20.1-20230612.114412-srg.jar%23193!/:?]
	at net.minecraft.util.GsonHelper.m_13776_(GsonHelper.java:581) ~[server-1.20.1-20230612.114412-srg.jar%23193!/:?]
	at net.minecraft.server.packs.resources.SimpleJsonResourceReloadListener.m_278771_(SimpleJsonResourceReloadListener.java:41) ~[server-1.20.1-20230612.114412-srg.jar%23193!/:?]
	at net.minecraft.server.packs.resources.SimpleJsonResourceReloadListener.m_5944_(SimpleJsonResourceReloadListener.java:29) ~[server-1.20.1-20230612.114412-srg.jar%23193!/:?]
	at net.minecraft.server.packs.resources.SimpleJsonResourceReloadListener.m_5944_(SimpleJsonResourceReloadListener.java:17) ~[server-1.20.1-20230612.114412-srg.jar%23193!/:?]
	at net.minecraft.server.packs.resources.SimplePreparableReloadListener.m_10786_(SimplePreparableReloadListener.java:11) ~[server-1.20.1-20230612.114412-srg.jar%23193!/:?]
	at java.util.concurrent.CompletableFuture$AsyncSupply.run(CompletableFuture.java:1789) ~[?:?]
	at java.util.concurrent.CompletableFuture$AsyncSupply.exec(CompletableFuture.java:1781) ~[?:?]
	at java.util.concurrent.ForkJoinTask.doExec(ForkJoinTask.java:511) ~[?:?]
	at java.util.concurrent.ForkJoinPool$WorkQueue.topLevelExec(ForkJoinPool.java:1450) ~[?:?]
	at java.util.concurrent.ForkJoinPool.runWorker(ForkJoinPool.java:2019) ~[?:?]
	at java.util.concurrent.ForkJoinWorkerThread.run(ForkJoinWorkerThread.java:187) ~[?:?]
Caused by: com.google.gson.stream.MalformedJsonException: Unterminated array at line 9 column 14 path $.materials[2]
	at com.google.gson.stream.JsonReader.syntaxError(JsonReader.java:1657) ~[gson-2.10.jar%2372!/:?]
	at com.google.gson.stream.JsonReader.doPeek(JsonReader.java:485) ~[gson-2.10.jar%2372!/:?]
	at com.google.gson.stream.JsonReader.hasNext(JsonReader.java:422) ~[gson-2.10.jar%2372!/:?]
	at com.google.gson.internal.bind.TypeAdapters$28.read(TypeAdapters.java:779) ~[gson-2.10.jar%2372!/:?]
	at com.google.gson.internal.bind.TypeAdapters$28.read(TypeAdapters.java:725) ~[gson-2.10.jar%2372!/:?]
	at com.google.gson.internal.bind.TypeAdapters$34$1.read(TypeAdapters.java:1007) ~[gson-2.10.jar%2372!/:?]
	at net.minecraft.util.GsonHelper.m_13780_(GsonHelper.java:524) ~[server-1.20.1-20230612.114412-srg.jar%23193!/:?]
	... 12 more
[04Feb2026 02:23:24.873] [Worker-Main-1/ERROR] [net.minecraft.server.packs.resources.SimpleJsonResourceReloadListener/]: Couldn't parse data file zugzwang:tacz/gun/g36k from zugzwang:recipes/tacz/gun/g36k.json
com.google.gson.JsonParseException: com.google.gson.stream.MalformedJsonException: Unterminated object at line 7 column 9 path $.materials[0].item.tag
	at net.minecraft.util.GsonHelper.m_13780_(GsonHelper.java:526) ~[server-1.20.1-20230612.114412-srg.jar%23193!/:?]
	at net.minecraft.util.GsonHelper.m_263475_(GsonHelper.java:531) ~[server-1.20.1-20230612.114412-srg.jar%23193!/:?]
	at net.minecraft.util.GsonHelper.m_13776_(GsonHelper.java:581) ~[server-1.20.1-20230612.114412-srg.jar%23193!/:?]
	at net.minecraft.server.packs.resources.SimpleJsonResourceReloadListener.m_278771_(SimpleJsonResourceReloadListener.java:41) ~[server-1.20.1-20230612.114412-srg.jar%23193!/:?]
	at net.minecraft.server.packs.resources.SimpleJsonResourceReloadListener.m_5944_(SimpleJsonResourceReloadListener.java:29) ~[server-1.20.1-20230612.114412-srg.jar%23193!/:?]
	at net.minecraft.server.packs.resources.SimpleJsonResourceReloadListener.m_5944_(SimpleJsonResourceReloadListener.java:17) ~[server-1.20.1-20230612.114412-srg.jar%23193!/:?]
	at net.minecraft.server.packs.resources.SimplePreparableReloadListener.m_10786_(SimplePreparableReloadListener.java:11) ~[server-1.20.1-20230612.114412-srg.jar%23193!/:?]
	at java.util.concurrent.CompletableFuture$AsyncSupply.run(CompletableFuture.java:1789) ~[?:?]
	at java.util.concurrent.CompletableFuture$AsyncSupply.exec(CompletableFuture.java:1781) ~[?:?]
	at java.util.concurrent.ForkJoinTask.doExec(ForkJoinTask.java:511) ~[?:?]
	at java.util.concurrent.ForkJoinPool$WorkQueue.topLevelExec(ForkJoinPool.java:1450) ~[?:?]
	at java.util.concurrent.ForkJoinPool.runWorker(ForkJoinPool.java:2019) ~[?:?]
	at java.util.concurrent.ForkJoinWorkerThread.run(ForkJoinWorkerThread.java:187) ~[?:?]
Caused by: com.google.gson.stream.MalformedJsonException: Unterminated object at line 7 column 9 path $.materials[0].item.tag
	at com.google.gson.stream.JsonReader.syntaxError(JsonReader.java:1657) ~[gson-2.10.jar%2372!/:?]
	at com.google.gson.stream.JsonReader.doPeek(JsonReader.java:500) ~[gson-2.10.jar%2372!/:?]
	at com.google.gson.stream.JsonReader.hasNext(JsonReader.java:422) ~[gson-2.10.jar%2372!/:?]
	at com.google.gson.internal.bind.TypeAdapters$28.read(TypeAdapters.java:779) ~[gson-2.10.jar%2372!/:?]
	at com.google.gson.internal.bind.TypeAdapters$28.read(TypeAdapters.java:725) ~[gson-2.10.jar%2372!/:?]
	at com.google.gson.internal.bind.TypeAdapters$34$1.read(TypeAdapters.java:1007) ~[gson-2.10.jar%2372!/:?]
	at net.minecraft.util.GsonHelper.m_13780_(GsonHelper.java:524) ~[server-1.20.1-20230612.114412-srg.jar%23193!/:?]
	... 12 more
[04Feb2026 02:23:24.876] [Worker-Main-1/ERROR] [net.minecraft.server.packs.resources.SimpleJsonResourceReloadListener/]: Couldn't parse data file zugzwang:tacz/gun/qbz_95 from zugzwang:recipes/tacz/gun/qbz_95.json
com.google.gson.JsonParseException: com.google.gson.stream.MalformedJsonException: Unterminated object at line 8 column 4 path $.materials[0].count
	at net.minecraft.util.GsonHelper.m_13780_(GsonHelper.java:526) ~[server-1.20.1-20230612.114412-srg.jar%23193!/:?]
	at net.minecraft.util.GsonHelper.m_263475_(GsonHelper.java:531) ~[server-1.20.1-20230612.114412-srg.jar%23193!/:?]
	at net.minecraft.util.GsonHelper.m_13776_(GsonHelper.java:581) ~[server-1.20.1-20230612.114412-srg.jar%23193!/:?]
	at net.minecraft.server.packs.resources.SimpleJsonResourceReloadListener.m_278771_(SimpleJsonResourceReloadListener.java:41) ~[server-1.20.1-20230612.114412-srg.jar%23193!/:?]
	at net.minecraft.server.packs.resources.SimpleJsonResourceReloadListener.m_5944_(SimpleJsonResourceReloadListener.java:29) ~[server-1.20.1-20230612.114412-srg.jar%23193!/:?]
	at net.minecraft.server.packs.resources.SimpleJsonResourceReloadListener.m_5944_(SimpleJsonResourceReloadListener.java:17) ~[server-1.20.1-20230612.114412-srg.jar%23193!/:?]
	at net.minecraft.server.packs.resources.SimplePreparableReloadListener.m_10786_(SimplePreparableReloadListener.java:11) ~[server-1.20.1-20230612.114412-srg.jar%23193!/:?]
	at java.util.concurrent.CompletableFuture$AsyncSupply.run(CompletableFuture.java:1789) ~[?:?]
	at java.util.concurrent.CompletableFuture$AsyncSupply.exec(CompletableFuture.java:1781) ~[?:?]
	at java.util.concurrent.ForkJoinTask.doExec(ForkJoinTask.java:511) ~[?:?]
	at java.util.concurrent.ForkJoinPool$WorkQueue.topLevelExec(ForkJoinPool.java:1450) ~[?:?]
	at java.util.concurrent.ForkJoinPool.runWorker(ForkJoinPool.java:2019) ~[?:?]
	at java.util.concurrent.ForkJoinWorkerThread.run(ForkJoinWorkerThread.java:187) ~[?:?]
Caused by: com.google.gson.stream.MalformedJsonException: Unterminated object at line 8 column 4 path $.materials[0].count
	at com.google.gson.stream.JsonReader.syntaxError(JsonReader.java:1657) ~[gson-2.10.jar%2372!/:?]
	at com.google.gson.stream.JsonReader.doPeek(JsonReader.java:500) ~[gson-2.10.jar%2372!/:?]
	at com.google.gson.stream.JsonReader.hasNext(JsonReader.java:422) ~[gson-2.10.jar%2372!/:?]
	at com.google.gson.internal.bind.TypeAdapters$28.read(TypeAdapters.java:779) ~[gson-2.10.jar%2372!/:?]
	at com.google.gson.internal.bind.TypeAdapters$28.read(TypeAdapters.java:725) ~[gson-2.10.jar%2372!/:?]
	at com.google.gson.internal.bind.TypeAdapters$34$1.read(TypeAdapters.java:1007) ~[gson-2.10.jar%2372!/:?]
	at net.minecraft.util.GsonHelper.m_13780_(GsonHelper.java:524) ~[server-1.20.1-20230612.114412-srg.jar%23193!/:?]
	... 12 more
[04Feb2026 02:23:25.162] [Worker-Main-3/ERROR] [net.minecraftforge.common.ForgeHooks/]: Couldn't parse element loot_tables:zombiekit:grant_book_on_first_join
com.google.gson.JsonSyntaxException: Expected name to be an item, was unknown string 'patchouli:guide_book'
	at net.minecraft.util.GsonHelper.m_13866_(GsonHelper.java:145) ~[server-1.20.1-20230612.114412-srg.jar%23193!/:?]
	at java.util.Optional.orElseThrow(Optional.java:403) ~[?:?]
	at net.minecraft.util.GsonHelper.m_13874_(GsonHelper.java:145) ~[server-1.20.1-20230612.114412-srg.jar%23193!/:?]
	at net.minecraft.util.GsonHelper.m_13909_(GsonHelper.java:153) ~[server-1.20.1-20230612.114412-srg.jar%23193!/:?]
	at net.minecraft.world.level.storage.loot.entries.LootItem$Serializer.m_7267_(LootItem.java:55) ~[server-1.20.1-20230612.114412-srg.jar%23193!/:?]
	at net.minecraft.world.level.storage.loot.entries.LootItem$Serializer.m_7267_(LootItem.java:40) ~[server-1.20.1-20230612.114412-srg.jar%23193!/:?]
	at net.minecraft.world.level.storage.loot.entries.LootPoolSingletonContainer$Serializer.m_5921_(LootPoolSingletonContainer.java:151) ~[server-1.20.1-20230612.114412-srg.jar%23193!/:?]
	at net.minecraft.world.level.storage.loot.entries.LootPoolSingletonContainer$Serializer.m_5921_(LootPoolSingletonContainer.java:129) ~[server-1.20.1-20230612.114412-srg.jar%23193!/:?]
	at net.minecraft.world.level.storage.loot.entries.LootPoolEntryContainer$Serializer.m_7561_(LootPoolEntryContainer.java:86) ~[server-1.20.1-20230612.114412-srg.jar%23193!/:?]
	at net.minecraft.world.level.storage.loot.entries.LootPoolEntryContainer$Serializer.m_7561_(LootPoolEntryContainer.java:74) ~[server-1.20.1-20230612.114412-srg.jar%23193!/:?]
	at net.minecraft.world.level.storage.loot.GsonAdapterFactory$JsonAdapter.deserialize(GsonAdapterFactory.java:102) ~[server-1.20.1-20230612.114412-srg.jar%23193!/:?]
	at com.google.gson.internal.bind.TreeTypeAdapter.read(TreeTypeAdapter.java:76) ~[gson-2.10.jar%2372!/:?]
	at com.google.gson.internal.bind.TypeAdapterRuntimeTypeWrapper.read(TypeAdapterRuntimeTypeWrapper.java:40) ~[gson-2.10.jar%2372!/:?]
	at com.google.gson.internal.bind.ArrayTypeAdapter.read(ArrayTypeAdapter.java:72) ~[gson-2.10.jar%2372!/:?]
	at com.google.gson.Gson.fromJson(Gson.java:1214) ~[gson-2.10.jar%2372!/:?]
	at com.google.gson.Gson.fromJson(Gson.java:1319) ~[gson-2.10.jar%2372!/:?]
	at com.google.gson.Gson.fromJson(Gson.java:1290) ~[gson-2.10.jar%2372!/:?]
	at com.google.gson.internal.bind.TreeTypeAdapter$GsonContextImpl.deserialize(TreeTypeAdapter.java:179) ~[gson-2.10.jar%2372!/:?]
	at net.minecraft.util.GsonHelper.m_13808_(GsonHelper.java:463) ~[server-1.20.1-20230612.114412-srg.jar%23193!/:?]
	at net.minecraft.util.GsonHelper.m_13836_(GsonHelper.java:471) ~[server-1.20.1-20230612.114412-srg.jar%23193!/:?]
	at net.minecraft.world.level.storage.loot.LootPool$Serializer.deserialize(LootPool.java:192) ~[server-1.20.1-20230612.114412-srg.jar%23193!/:?]
	at net.minecraft.world.level.storage.loot.LootPool$Serializer.deserialize(LootPool.java:189) ~[server-1.20.1-20230612.114412-srg.jar%23193!/:?]
	at com.google.gson.internal.bind.TreeTypeAdapter.read(TreeTypeAdapter.java:76) ~[gson-2.10.jar%2372!/:?]
	at com.google.gson.internal.bind.TypeAdapterRuntimeTypeWrapper.read(TypeAdapterRuntimeTypeWrapper.java:40) ~[gson-2.10.jar%2372!/:?]
	at com.google.gson.internal.bind.ArrayTypeAdapter.read(ArrayTypeAdapter.java:72) ~[gson-2.10.jar%2372!/:?]
	at com.google.gson.Gson.fromJson(Gson.java:1214) ~[gson-2.10.jar%2372!/:?]
	at com.google.gson.Gson.fromJson(Gson.java:1319) ~[gson-2.10.jar%2372!/:?]
	at com.google.gson.Gson.fromJson(Gson.java:1290) ~[gson-2.10.jar%2372!/:?]
	at com.google.gson.internal.bind.TreeTypeAdapter$GsonContextImpl.deserialize(TreeTypeAdapter.java:179) ~[gson-2.10.jar%2372!/:?]
	at net.minecraft.util.GsonHelper.m_13808_(GsonHelper.java:463) ~[server-1.20.1-20230612.114412-srg.jar%23193!/:?]
	at net.minecraft.util.GsonHelper.m_13845_(GsonHelper.java:481) ~[server-1.20.1-20230612.114412-srg.jar%23193!/:?]
	at net.minecraft.world.level.storage.loot.LootTable$Serializer.deserialize(LootTable.java:294) ~[server-1.20.1-20230612.114412-srg.jar%23193!/:?]
	at net.minecraft.world.level.storage.loot.LootTable$Serializer.deserialize(LootTable.java:291) ~[server-1.20.1-20230612.114412-srg.jar%23193!/:?]
	at com.google.gson.internal.bind.TreeTypeAdapter.read(TreeTypeAdapter.java:76) ~[gson-2.10.jar%2372!/:?]
	at com.google.gson.Gson.fromJson(Gson.java:1214) ~[gson-2.10.jar%2372!/:?]
	at com.google.gson.Gson.fromJson(Gson.java:1319) ~[gson-2.10.jar%2372!/:?]
	at com.google.gson.Gson.fromJson(Gson.java:1261) ~[gson-2.10.jar%2372!/:?]
	at net.minecraftforge.common.ForgeHooks.loadLootTable(ForgeHooks.java:872) ~[forge-1.20.1-47.4.10-universal.jar%23198!/:?]
	at net.minecraftforge.common.ForgeHooks.lambda$getLootTableDeserializer$3(ForgeHooks.java:849) ~[forge-1.20.1-47.4.10-universal.jar%23198!/:?]
	at net.minecraft.world.level.storage.loot.LootDataType.deserialize(LootDataType.java:45) ~[server-1.20.1-20230612.114412-srg.jar%23193!/:?]
	at net.minecraft.world.level.storage.loot.LootDataManager.lambda$scheduleElementParse$4(LootDataManager.java:56) ~[server-1.20.1-20230612.114412-srg.jar%23193!/:?]
	at java.util.HashMap.forEach(HashMap.java:1430) ~[?:?]
	at net.minecraft.world.level.storage.loot.LootDataManager.m_278660_(LootDataManager.java:55) ~[server-1.20.1-20230612.114412-srg.jar%23193!/:?]
	at java.util.concurrent.CompletableFuture$AsyncRun.run(CompletableFuture.java:1825) ~[?:?]
	at java.util.concurrent.CompletableFuture$AsyncRun.exec(CompletableFuture.java:1817) ~[?:?]
	at java.util.concurrent.ForkJoinTask.doExec(ForkJoinTask.java:511) ~[?:?]
	at java.util.concurrent.ForkJoinPool$WorkQueue.topLevelExec(ForkJoinPool.java:1450) ~[?:?]
	at java.util.concurrent.ForkJoinPool.runWorker(ForkJoinPool.java:2019) ~[?:?]
	at java.util.concurrent.ForkJoinWorkerThread.run(ForkJoinWorkerThread.java:187) ~[?:?]
[04Feb2026 02:23:25.212] [main/WARN] [net.minecraft.world.level.storage.loot.LootDataManager/]: Found loot table element validation problem in {loot_tables:minecraft:entities/bat}.pools[0].entries[0].functions[1]: Parameters [<parameter minecraft:tool>] are not provided in this context
[04Feb2026 02:23:25.230] [main/ERROR] [net.minecraft.world.item.crafting.RecipeManager/]: Parsing error loading recipe ciblr:melee/batons
com.google.gson.JsonSyntaxException: Unknown item 'lrtactical:melee'
	at net.minecraftforge.common.crafting.CraftingHelper.getItem(CraftingHelper.java:160) ~[forge-1.20.1-47.4.10-universal.jar%23198!/:?]
	at net.minecraftforge.common.crafting.CraftingHelper.getItemStack(CraftingHelper.java:186) ~[forge-1.20.1-47.4.10-universal.jar%23198!/:?]
	at net.minecraftforge.common.crafting.CraftingHelper.getItemStack(CraftingHelper.java:153) ~[forge-1.20.1-47.4.10-universal.jar%23198!/:?]
	at com.tacz.guns.resource.serialize.GunSmithTableResultSerializer.deserialize(GunSmithTableResultSerializer.java:61) ~[tacz-1.20.1-1.1.7-hotfix.jar%23183!/:1.1.7-hotfix]
	at com.tacz.guns.resource.serialize.GunSmithTableResultSerializer.deserialize(GunSmithTableResultSerializer.java:19) ~[tacz-1.20.1-1.1.7-hotfix.jar%23183!/:1.1.7-hotfix]
	at com.google.gson.internal.bind.TreeTypeAdapter.read(TreeTypeAdapter.java:76) ~[gson-2.10.jar%2372!/:?]
	at com.google.gson.internal.bind.ReflectiveTypeAdapterFactory$1.readIntoField(ReflectiveTypeAdapterFactory.java:212) ~[gson-2.10.jar%2372!/:?]
	at com.google.gson.internal.bind.ReflectiveTypeAdapterFactory$FieldReflectionAdapter.readField(ReflectiveTypeAdapterFactory.java:431) ~[gson-2.10.jar%2372!/:?]
	at com.google.gson.internal.bind.ReflectiveTypeAdapterFactory$Adapter.read(ReflectiveTypeAdapterFactory.java:391) ~[gson-2.10.jar%2372!/:?]
	at com.google.gson.Gson.fromJson(Gson.java:1214) ~[gson-2.10.jar%2372!/:?]
	at com.google.gson.Gson.fromJson(Gson.java:1319) ~[gson-2.10.jar%2372!/:?]
	at com.google.gson.Gson.fromJson(Gson.java:1261) ~[gson-2.10.jar%2372!/:?]
	at com.tacz.guns.crafting.GunSmithTableSerializer.fromJson(GunSmithTableSerializer.java:24) ~[tacz-1.20.1-1.1.7-hotfix.jar%23183!/:1.1.7-hotfix]
	at com.tacz.guns.crafting.GunSmithTableSerializer.m_6729_(GunSmithTableSerializer.java:20) ~[tacz-1.20.1-1.1.7-hotfix.jar%23183!/:1.1.7-hotfix]
	at net.minecraftforge.common.extensions.IForgeRecipeSerializer.fromJson(IForgeRecipeSerializer.java:23) ~[forge-1.20.1-47.4.10-universal.jar%23198!/:?]
	at net.minecraft.world.item.crafting.RecipeManager.fromJson(RecipeManager.java:171) ~[server-1.20.1-20230612.114412-srg.jar%23193!/:?]
	at net.minecraft.world.item.crafting.RecipeManager.m_5787_(RecipeManager.java:67) ~[server-1.20.1-20230612.114412-srg.jar%23193!/:?]
	at net.minecraft.world.item.crafting.RecipeManager.m_5787_(RecipeManager.java:34) ~[server-1.20.1-20230612.114412-srg.jar%23193!/:?]
	at net.minecraft.server.packs.resources.SimplePreparableReloadListener.m_10789_(SimplePreparableReloadListener.java:13) ~[server-1.20.1-20230612.114412-srg.jar%23193!/:?]
	at java.util.concurrent.CompletableFuture$UniAccept.tryFire(CompletableFuture.java:739) ~[?:?]
	at java.util.concurrent.CompletableFuture$Completion.run(CompletableFuture.java:503) ~[?:?]
	at net.minecraft.server.packs.resources.SimpleReloadInstance.m_143940_(SimpleReloadInstance.java:69) ~[server-1.20.1-20230612.114412-srg.jar%23193!/:?]
	at net.minecraft.Util.m_214652_(Util.java:783) ~[server-1.20.1-20230612.114412-srg.jar%23193!/:?]
	at net.minecraft.Util.m_214679_(Util.java:772) ~[server-1.20.1-20230612.114412-srg.jar%23193!/:?]
	at net.minecraft.server.Main.main(Main.java:166) ~[server-1.20.1-20230612.114412-srg.jar%23193!/:?]
	at jdk.internal.reflect.DirectMethodHandleAccessor.invoke(DirectMethodHandleAccessor.java:104) ~[?:?]
	at java.lang.reflect.Method.invoke(Method.java:565) ~[?:?]
	at net.minecraftforge.fml.loading.targets.CommonLaunchHandler.runTarget(CommonLaunchHandler.java:111) ~[fmlloader-1.20.1-47.4.10.jar%2369!/:?]
	at net.minecraftforge.fml.loading.targets.CommonLaunchHandler.serverService(CommonLaunchHandler.java:103) ~[fmlloader-1.20.1-47.4.10.jar%2369!/:?]
	at net.minecraftforge.fml.loading.targets.CommonServerLaunchHandler.lambda$makeService$0(CommonServerLaunchHandler.java:27) ~[fmlloader-1.20.1-47.4.10.jar%2369!/:?]
	at cpw.mods.modlauncher.LaunchServiceHandlerDecorator.launch(LaunchServiceHandlerDecorator.java:30) ~[modlauncher-10.0.9.jar%2355!/:?]
	at cpw.mods.modlauncher.LaunchServiceHandler.launch(LaunchServiceHandler.java:53) ~[modlauncher-10.0.9.jar%2355!/:?]
	at cpw.mods.modlauncher.LaunchServiceHandler.launch(LaunchServiceHandler.java:71) ~[modlauncher-10.0.9.jar%2355!/:?]
	at cpw.mods.modlauncher.Launcher.run(Launcher.java:108) ~[modlauncher-10.0.9.jar%2355!/:?]
	at cpw.mods.modlauncher.Launcher.main(Launcher.java:78) ~[modlauncher-10.0.9.jar%2355!/:?]
	at cpw.mods.modlauncher.BootstrapLaunchConsumer.accept(BootstrapLaunchConsumer.java:26) ~[modlauncher-10.0.9.jar%2355!/:?]
	at cpw.mods.modlauncher.BootstrapLaunchConsumer.accept(BootstrapLaunchConsumer.java:23) ~[modlauncher-10.0.9.jar%2355!/:?]
	at cpw.mods.bootstraplauncher.BootstrapLauncher.main(BootstrapLauncher.java:141) ~[bootstraplauncher-1.1.2.jar:?]
[04Feb2026 02:23:25.255] [main/ERROR] [net.minecraft.world.item.crafting.RecipeManager/]: Parsing error loading recipe ciblr:melee/95_bayonet
com.google.gson.JsonSyntaxException: Unknown item 'lrtactical:melee'
	at net.minecraftforge.common.crafting.CraftingHelper.getItem(CraftingHelper.java:160) ~[forge-1.20.1-47.4.10-universal.jar%23198!/:?]
	at net.minecraftforge.common.crafting.CraftingHelper.getItemStack(CraftingHelper.java:186) ~[forge-1.20.1-47.4.10-universal.jar%23198!/:?]
	at net.minecraftforge.common.crafting.CraftingHelper.getItemStack(CraftingHelper.java:153) ~[forge-1.20.1-47.4.10-universal.jar%23198!/:?]
	at com.tacz.guns.resource.serialize.GunSmithTableResultSerializer.deserialize(GunSmithTableResultSerializer.java:61) ~[tacz-1.20.1-1.1.7-hotfix.jar%23183!/:1.1.7-hotfix]
	at com.tacz.guns.resource.serialize.GunSmithTableResultSerializer.deserialize(GunSmithTableResultSerializer.java:19) ~[tacz-1.20.1-1.1.7-hotfix.jar%23183!/:1.1.7-hotfix]
	at com.google.gson.internal.bind.TreeTypeAdapter.read(TreeTypeAdapter.java:76) ~[gson-2.10.jar%2372!/:?]
	at com.google.gson.internal.bind.ReflectiveTypeAdapterFactory$1.readIntoField(ReflectiveTypeAdapterFactory.java:212) ~[gson-2.10.jar%2372!/:?]
	at com.google.gson.internal.bind.ReflectiveTypeAdapterFactory$FieldReflectionAdapter.readField(ReflectiveTypeAdapterFactory.java:431) ~[gson-2.10.jar%2372!/:?]
	at com.google.gson.internal.bind.ReflectiveTypeAdapterFactory$Adapter.read(ReflectiveTypeAdapterFactory.java:391) ~[gson-2.10.jar%2372!/:?]
	at com.google.gson.Gson.fromJson(Gson.java:1214) ~[gson-2.10.jar%2372!/:?]
	at com.google.gson.Gson.fromJson(Gson.java:1319) ~[gson-2.10.jar%2372!/:?]
	at com.google.gson.Gson.fromJson(Gson.java:1261) ~[gson-2.10.jar%2372!/:?]
	at com.tacz.guns.crafting.GunSmithTableSerializer.fromJson(GunSmithTableSerializer.java:24) ~[tacz-1.20.1-1.1.7-hotfix.jar%23183!/:1.1.7-hotfix]
	at com.tacz.guns.crafting.GunSmithTableSerializer.m_6729_(GunSmithTableSerializer.java:20) ~[tacz-1.20.1-1.1.7-hotfix.jar%23183!/:1.1.7-hotfix]
	at net.minecraftforge.common.extensions.IForgeRecipeSerializer.fromJson(IForgeRecipeSerializer.java:23) ~[forge-1.20.1-47.4.10-universal.jar%23198!/:?]
	at net.minecraft.world.item.crafting.RecipeManager.fromJson(RecipeManager.java:171) ~[server-1.20.1-20230612.114412-srg.jar%23193!/:?]
	at net.minecraft.world.item.crafting.RecipeManager.m_5787_(RecipeManager.java:67) ~[server-1.20.1-20230612.114412-srg.jar%23193!/:?]
	at net.minecraft.world.item.crafting.RecipeManager.m_5787_(RecipeManager.java:34) ~[server-1.20.1-20230612.114412-srg.jar%23193!/:?]
	at net.minecraft.server.packs.resources.SimplePreparableReloadListener.m_10789_(SimplePreparableReloadListener.java:13) ~[server-1.20.1-20230612.114412-srg.jar%23193!/:?]
	at java.util.concurrent.CompletableFuture$UniAccept.tryFire(CompletableFuture.java:739) ~[?:?]
	at java.util.concurrent.CompletableFuture$Completion.run(CompletableFuture.java:503) ~[?:?]
	at net.minecraft.server.packs.resources.SimpleReloadInstance.m_143940_(SimpleReloadInstance.java:69) ~[server-1.20.1-20230612.114412-srg.jar%23193!/:?]
	at net.minecraft.Util.m_214652_(Util.java:783) ~[server-1.20.1-20230612.114412-srg.jar%23193!/:?]
	at net.minecraft.Util.m_214679_(Util.java:772) ~[server-1.20.1-20230612.114412-srg.jar%23193!/:?]
	at net.minecraft.server.Main.main(Main.java:166) ~[server-1.20.1-20230612.114412-srg.jar%23193!/:?]
	at jdk.internal.reflect.DirectMethodHandleAccessor.invoke(DirectMethodHandleAccessor.java:104) ~[?:?]
	at java.lang.reflect.Method.invoke(Method.java:565) ~[?:?]
	at net.minecraftforge.fml.loading.targets.CommonLaunchHandler.runTarget(CommonLaunchHandler.java:111) ~[fmlloader-1.20.1-47.4.10.jar%2369!/:?]
	at net.minecraftforge.fml.loading.targets.CommonLaunchHandler.serverService(CommonLaunchHandler.java:103) ~[fmlloader-1.20.1-47.4.10.jar%2369!/:?]
	at net.minecraftforge.fml.loading.targets.CommonServerLaunchHandler.lambda$makeService$0(CommonServerLaunchHandler.java:27) ~[fmlloader-1.20.1-47.4.10.jar%2369!/:?]
	at cpw.mods.modlauncher.LaunchServiceHandlerDecorator.launch(LaunchServiceHandlerDecorator.java:30) ~[modlauncher-10.0.9.jar%2355!/:?]
	at cpw.mods.modlauncher.LaunchServiceHandler.launch(LaunchServiceHandler.java:53) ~[modlauncher-10.0.9.jar%2355!/:?]
	at cpw.mods.modlauncher.LaunchServiceHandler.launch(LaunchServiceHandler.java:71) ~[modlauncher-10.0.9.jar%2355!/:?]
	at cpw.mods.modlauncher.Launcher.run(Launcher.java:108) ~[modlauncher-10.0.9.jar%2355!/:?]
	at cpw.mods.modlauncher.Launcher.main(Launcher.java:78) ~[modlauncher-10.0.9.jar%2355!/:?]
	at cpw.mods.modlauncher.BootstrapLaunchConsumer.accept(BootstrapLaunchConsumer.java:26) ~[modlauncher-10.0.9.jar%2355!/:?]
	at cpw.mods.modlauncher.BootstrapLaunchConsumer.accept(BootstrapLaunchConsumer.java:23) ~[modlauncher-10.0.9.jar%2355!/:?]
	at cpw.mods.bootstraplauncher.BootstrapLauncher.main(BootstrapLauncher.java:141) ~[bootstraplauncher-1.1.2.jar:?]
[04Feb2026 02:23:25.257] [main/ERROR] [net.minecraft.world.item.crafting.RecipeManager/]: Parsing error loading recipe ciblr:melee/191_bayonet
com.google.gson.JsonSyntaxException: Unknown item 'lrtactical:melee'
	at net.minecraftforge.common.crafting.CraftingHelper.getItem(CraftingHelper.java:160) ~[forge-1.20.1-47.4.10-universal.jar%23198!/:?]
	at net.minecraftforge.common.crafting.CraftingHelper.getItemStack(CraftingHelper.java:186) ~[forge-1.20.1-47.4.10-universal.jar%23198!/:?]
	at net.minecraftforge.common.crafting.CraftingHelper.getItemStack(CraftingHelper.java:153) ~[forge-1.20.1-47.4.10-universal.jar%23198!/:?]
	at com.tacz.guns.resource.serialize.GunSmithTableResultSerializer.deserialize(GunSmithTableResultSerializer.java:61) ~[tacz-1.20.1-1.1.7-hotfix.jar%23183!/:1.1.7-hotfix]
	at com.tacz.guns.resource.serialize.GunSmithTableResultSerializer.deserialize(GunSmithTableResultSerializer.java:19) ~[tacz-1.20.1-1.1.7-hotfix.jar%23183!/:1.1.7-hotfix]
	at com.google.gson.internal.bind.TreeTypeAdapter.read(TreeTypeAdapter.java:76) ~[gson-2.10.jar%2372!/:?]
	at com.google.gson.internal.bind.ReflectiveTypeAdapterFactory$1.readIntoField(ReflectiveTypeAdapterFactory.java:212) ~[gson-2.10.jar%2372!/:?]
	at com.google.gson.internal.bind.ReflectiveTypeAdapterFactory$FieldReflectionAdapter.readField(ReflectiveTypeAdapterFactory.java:431) ~[gson-2.10.jar%2372!/:?]
	at com.google.gson.internal.bind.ReflectiveTypeAdapterFactory$Adapter.read(ReflectiveTypeAdapterFactory.java:391) ~[gson-2.10.jar%2372!/:?]
	at com.google.gson.Gson.fromJson(Gson.java:1214) ~[gson-2.10.jar%2372!/:?]
	at com.google.gson.Gson.fromJson(Gson.java:1319) ~[gson-2.10.jar%2372!/:?]
	at com.google.gson.Gson.fromJson(Gson.java:1261) ~[gson-2.10.jar%2372!/:?]
	at com.tacz.guns.crafting.GunSmithTableSerializer.fromJson(GunSmithTableSerializer.java:24) ~[tacz-1.20.1-1.1.7-hotfix.jar%23183!/:1.1.7-hotfix]
	at com.tacz.guns.crafting.GunSmithTableSerializer.m_6729_(GunSmithTableSerializer.java:20) ~[tacz-1.20.1-1.1.7-hotfix.jar%23183!/:1.1.7-hotfix]
	at net.minecraftforge.common.extensions.IForgeRecipeSerializer.fromJson(IForgeRecipeSerializer.java:23) ~[forge-1.20.1-47.4.10-universal.jar%23198!/:?]
	at net.minecraft.world.item.crafting.RecipeManager.fromJson(RecipeManager.java:171) ~[server-1.20.1-20230612.114412-srg.jar%23193!/:?]
	at net.minecraft.world.item.crafting.RecipeManager.m_5787_(RecipeManager.java:67) ~[server-1.20.1-20230612.114412-srg.jar%23193!/:?]
	at net.minecraft.world.item.crafting.RecipeManager.m_5787_(RecipeManager.java:34) ~[server-1.20.1-20230612.114412-srg.jar%23193!/:?]
	at net.minecraft.server.packs.resources.SimplePreparableReloadListener.m_10789_(SimplePreparableReloadListener.java:13) ~[server-1.20.1-20230612.114412-srg.jar%23193!/:?]
	at java.util.concurrent.CompletableFuture$UniAccept.tryFire(CompletableFuture.java:739) ~[?:?]
	at java.util.concurrent.CompletableFuture$Completion.run(CompletableFuture.java:503) ~[?:?]
	at net.minecraft.server.packs.resources.SimpleReloadInstance.m_143940_(SimpleReloadInstance.java:69) ~[server-1.20.1-20230612.114412-srg.jar%23193!/:?]
	at net.minecraft.Util.m_214652_(Util.java:783) ~[server-1.20.1-20230612.114412-srg.jar%23193!/:?]
	at net.minecraft.Util.m_214679_(Util.java:772) ~[server-1.20.1-20230612.114412-srg.jar%23193!/:?]
	at net.minecraft.server.Main.main(Main.java:166) ~[server-1.20.1-20230612.114412-srg.jar%23193!/:?]
	at jdk.internal.reflect.DirectMethodHandleAccessor.invoke(DirectMethodHandleAccessor.java:104) ~[?:?]
	at java.lang.reflect.Method.invoke(Method.java:565) ~[?:?]
	at net.minecraftforge.fml.loading.targets.CommonLaunchHandler.runTarget(CommonLaunchHandler.java:111) ~[fmlloader-1.20.1-47.4.10.jar%2369!/:?]
	at net.minecraftforge.fml.loading.targets.CommonLaunchHandler.serverService(CommonLaunchHandler.java:103) ~[fmlloader-1.20.1-47.4.10.jar%2369!/:?]
	at net.minecraftforge.fml.loading.targets.CommonServerLaunchHandler.lambda$makeService$0(CommonServerLaunchHandler.java:27) ~[fmlloader-1.20.1-47.4.10.jar%2369!/:?]
	at cpw.mods.modlauncher.LaunchServiceHandlerDecorator.launch(LaunchServiceHandlerDecorator.java:30) ~[modlauncher-10.0.9.jar%2355!/:?]
	at cpw.mods.modlauncher.LaunchServiceHandler.launch(LaunchServiceHandler.java:53) ~[modlauncher-10.0.9.jar%2355!/:?]
	at cpw.mods.modlauncher.LaunchServiceHandler.launch(LaunchServiceHandler.java:71) ~[modlauncher-10.0.9.jar%2355!/:?]
	at cpw.mods.modlauncher.Launcher.run(Launcher.java:108) ~[modlauncher-10.0.9.jar%2355!/:?]
	at cpw.mods.modlauncher.Launcher.main(Launcher.java:78) ~[modlauncher-10.0.9.jar%2355!/:?]
	at cpw.mods.modlauncher.BootstrapLaunchConsumer.accept(BootstrapLaunchConsumer.java:26) ~[modlauncher-10.0.9.jar%2355!/:?]
	at cpw.mods.modlauncher.BootstrapLaunchConsumer.accept(BootstrapLaunchConsumer.java:23) ~[modlauncher-10.0.9.jar%2355!/:?]
	at cpw.mods.bootstraplauncher.BootstrapLauncher.main(BootstrapLauncher.java:141) ~[bootstraplauncher-1.1.2.jar:?]
[04Feb2026 02:23:25.261] [main/ERROR] [net.minecraft.world.item.crafting.RecipeManager/]: Parsing error loading recipe create:mixing/saltpeter
com.google.gson.JsonSyntaxException: Invalid or unsupported recipe type 'create:mixing'
	at net.minecraft.world.item.crafting.RecipeManager.m_220253_(RecipeManager.java:170) ~[server-1.20.1-20230612.114412-srg.jar%23193!/:?]
	at java.util.Optional.orElseThrow(Optional.java:403) ~[?:?]
	at net.minecraft.world.item.crafting.RecipeManager.fromJson(RecipeManager.java:169) ~[server-1.20.1-20230612.114412-srg.jar%23193!/:?]
	at net.minecraft.world.item.crafting.RecipeManager.m_5787_(RecipeManager.java:67) ~[server-1.20.1-20230612.114412-srg.jar%23193!/:?]
	at net.minecraft.world.item.crafting.RecipeManager.m_5787_(RecipeManager.java:34) ~[server-1.20.1-20230612.114412-srg.jar%23193!/:?]
	at net.minecraft.server.packs.resources.SimplePreparableReloadListener.m_10789_(SimplePreparableReloadListener.java:13) ~[server-1.20.1-20230612.114412-srg.jar%23193!/:?]
	at java.util.concurrent.CompletableFuture$UniAccept.tryFire(CompletableFuture.java:739) ~[?:?]
	at java.util.concurrent.CompletableFuture$Completion.run(CompletableFuture.java:503) ~[?:?]
	at net.minecraft.server.packs.resources.SimpleReloadInstance.m_143940_(SimpleReloadInstance.java:69) ~[server-1.20.1-20230612.114412-srg.jar%23193!/:?]
	at net.minecraft.Util.m_214652_(Util.java:783) ~[server-1.20.1-20230612.114412-srg.jar%23193!/:?]
	at net.minecraft.Util.m_214679_(Util.java:772) ~[server-1.20.1-20230612.114412-srg.jar%23193!/:?]
	at net.minecraft.server.Main.main(Main.java:166) ~[server-1.20.1-20230612.114412-srg.jar%23193!/:?]
	at jdk.internal.reflect.DirectMethodHandleAccessor.invoke(DirectMethodHandleAccessor.java:104) ~[?:?]
	at java.lang.reflect.Method.invoke(Method.java:565) ~[?:?]
	at net.minecraftforge.fml.loading.targets.CommonLaunchHandler.runTarget(CommonLaunchHandler.java:111) ~[fmlloader-1.20.1-47.4.10.jar%2369!/:?]
	at net.minecraftforge.fml.loading.targets.CommonLaunchHandler.serverService(CommonLaunchHandler.java:103) ~[fmlloader-1.20.1-47.4.10.jar%2369!/:?]
	at net.minecraftforge.fml.loading.targets.CommonServerLaunchHandler.lambda$makeService$0(CommonServerLaunchHandler.java:27) ~[fmlloader-1.20.1-47.4.10.jar%2369!/:?]
	at cpw.mods.modlauncher.LaunchServiceHandlerDecorator.launch(LaunchServiceHandlerDecorator.java:30) ~[modlauncher-10.0.9.jar%2355!/:?]
	at cpw.mods.modlauncher.LaunchServiceHandler.launch(LaunchServiceHandler.java:53) ~[modlauncher-10.0.9.jar%2355!/:?]
	at cpw.mods.modlauncher.LaunchServiceHandler.launch(LaunchServiceHandler.java:71) ~[modlauncher-10.0.9.jar%2355!/:?]
	at cpw.mods.modlauncher.Launcher.run(Launcher.java:108) ~[modlauncher-10.0.9.jar%2355!/:?]
	at cpw.mods.modlauncher.Launcher.main(Launcher.java:78) ~[modlauncher-10.0.9.jar%2355!/:?]
	at cpw.mods.modlauncher.BootstrapLaunchConsumer.accept(BootstrapLaunchConsumer.java:26) ~[modlauncher-10.0.9.jar%2355!/:?]
	at cpw.mods.modlauncher.BootstrapLaunchConsumer.accept(BootstrapLaunchConsumer.java:23) ~[modlauncher-10.0.9.jar%2355!/:?]
	at cpw.mods.bootstraplauncher.BootstrapLauncher.main(BootstrapLauncher.java:141) ~[bootstraplauncher-1.1.2.jar:?]
[04Feb2026 02:23:25.269] [main/ERROR] [net.minecraft.world.item.crafting.RecipeManager/]: Parsing error loading recipe ciblr:melee/81_bayonet
com.google.gson.JsonSyntaxException: Unknown item 'lrtactical:melee'
	at net.minecraftforge.common.crafting.CraftingHelper.getItem(CraftingHelper.java:160) ~[forge-1.20.1-47.4.10-universal.jar%23198!/:?]
	at net.minecraftforge.common.crafting.CraftingHelper.getItemStack(CraftingHelper.java:186) ~[forge-1.20.1-47.4.10-universal.jar%23198!/:?]
	at net.minecraftforge.common.crafting.CraftingHelper.getItemStack(CraftingHelper.java:153) ~[forge-1.20.1-47.4.10-universal.jar%23198!/:?]
	at com.tacz.guns.resource.serialize.GunSmithTableResultSerializer.deserialize(GunSmithTableResultSerializer.java:61) ~[tacz-1.20.1-1.1.7-hotfix.jar%23183!/:1.1.7-hotfix]
	at com.tacz.guns.resource.serialize.GunSmithTableResultSerializer.deserialize(GunSmithTableResultSerializer.java:19) ~[tacz-1.20.1-1.1.7-hotfix.jar%23183!/:1.1.7-hotfix]
	at com.google.gson.internal.bind.TreeTypeAdapter.read(TreeTypeAdapter.java:76) ~[gson-2.10.jar%2372!/:?]
	at com.google.gson.internal.bind.ReflectiveTypeAdapterFactory$1.readIntoField(ReflectiveTypeAdapterFactory.java:212) ~[gson-2.10.jar%2372!/:?]
	at com.google.gson.internal.bind.ReflectiveTypeAdapterFactory$FieldReflectionAdapter.readField(ReflectiveTypeAdapterFactory.java:431) ~[gson-2.10.jar%2372!/:?]
	at com.google.gson.internal.bind.ReflectiveTypeAdapterFactory$Adapter.read(ReflectiveTypeAdapterFactory.java:391) ~[gson-2.10.jar%2372!/:?]
	at com.google.gson.Gson.fromJson(Gson.java:1214) ~[gson-2.10.jar%2372!/:?]
	at com.google.gson.Gson.fromJson(Gson.java:1319) ~[gson-2.10.jar%2372!/:?]
	at com.google.gson.Gson.fromJson(Gson.java:1261) ~[gson-2.10.jar%2372!/:?]
	at com.tacz.guns.crafting.GunSmithTableSerializer.fromJson(GunSmithTableSerializer.java:24) ~[tacz-1.20.1-1.1.7-hotfix.jar%23183!/:1.1.7-hotfix]
	at com.tacz.guns.crafting.GunSmithTableSerializer.m_6729_(GunSmithTableSerializer.java:20) ~[tacz-1.20.1-1.1.7-hotfix.jar%23183!/:1.1.7-hotfix]
	at net.minecraftforge.common.extensions.IForgeRecipeSerializer.fromJson(IForgeRecipeSerializer.java:23) ~[forge-1.20.1-47.4.10-universal.jar%23198!/:?]
	at net.minecraft.world.item.crafting.RecipeManager.fromJson(RecipeManager.java:171) ~[server-1.20.1-20230612.114412-srg.jar%23193!/:?]
	at net.minecraft.world.item.crafting.RecipeManager.m_5787_(RecipeManager.java:67) ~[server-1.20.1-20230612.114412-srg.jar%23193!/:?]
	at net.minecraft.world.item.crafting.RecipeManager.m_5787_(RecipeManager.java:34) ~[server-1.20.1-20230612.114412-srg.jar%23193!/:?]
	at net.minecraft.server.packs.resources.SimplePreparableReloadListener.m_10789_(SimplePreparableReloadListener.java:13) ~[server-1.20.1-20230612.114412-srg.jar%23193!/:?]
	at java.util.concurrent.CompletableFuture$UniAccept.tryFire(CompletableFuture.java:739) ~[?:?]
	at java.util.concurrent.CompletableFuture$Completion.run(CompletableFuture.java:503) ~[?:?]
	at net.minecraft.server.packs.resources.SimpleReloadInstance.m_143940_(SimpleReloadInstance.java:69) ~[server-1.20.1-20230612.114412-srg.jar%23193!/:?]
	at net.minecraft.Util.m_214652_(Util.java:783) ~[server-1.20.1-20230612.114412-srg.jar%23193!/:?]
	at net.minecraft.Util.m_214679_(Util.java:772) ~[server-1.20.1-20230612.114412-srg.jar%23193!/:?]
	at net.minecraft.server.Main.main(Main.java:166) ~[server-1.20.1-20230612.114412-srg.jar%23193!/:?]
	at jdk.internal.reflect.DirectMethodHandleAccessor.invoke(DirectMethodHandleAccessor.java:104) ~[?:?]
	at java.lang.reflect.Method.invoke(Method.java:565) ~[?:?]
	at net.minecraftforge.fml.loading.targets.CommonLaunchHandler.runTarget(CommonLaunchHandler.java:111) ~[fmlloader-1.20.1-47.4.10.jar%2369!/:?]
	at net.minecraftforge.fml.loading.targets.CommonLaunchHandler.serverService(CommonLaunchHandler.java:103) ~[fmlloader-1.20.1-47.4.10.jar%2369!/:?]
	at net.minecraftforge.fml.loading.targets.CommonServerLaunchHandler.lambda$makeService$0(CommonServerLaunchHandler.java:27) ~[fmlloader-1.20.1-47.4.10.jar%2369!/:?]
	at cpw.mods.modlauncher.LaunchServiceHandlerDecorator.launch(LaunchServiceHandlerDecorator.java:30) ~[modlauncher-10.0.9.jar%2355!/:?]
	at cpw.mods.modlauncher.LaunchServiceHandler.launch(LaunchServiceHandler.java:53) ~[modlauncher-10.0.9.jar%2355!/:?]
	at cpw.mods.modlauncher.LaunchServiceHandler.launch(LaunchServiceHandler.java:71) ~[modlauncher-10.0.9.jar%2355!/:?]
	at cpw.mods.modlauncher.Launcher.run(Launcher.java:108) ~[modlauncher-10.0.9.jar%2355!/:?]
	at cpw.mods.modlauncher.Launcher.main(Launcher.java:78) ~[modlauncher-10.0.9.jar%2355!/:?]
	at cpw.mods.modlauncher.BootstrapLaunchConsumer.accept(BootstrapLaunchConsumer.java:26) ~[modlauncher-10.0.9.jar%2355!/:?]
	at cpw.mods.modlauncher.BootstrapLaunchConsumer.accept(BootstrapLaunchConsumer.java:23) ~[modlauncher-10.0.9.jar%2355!/:?]
	at cpw.mods.bootstraplauncher.BootstrapLauncher.main(BootstrapLauncher.java:141) ~[bootstraplauncher-1.1.2.jar:?]
[04Feb2026 02:23:25.280] [main/ERROR] [net.minecraft.world.item.crafting.RecipeManager/]: Parsing error loading recipe ciblr:melee/katana
com.google.gson.JsonSyntaxException: Unknown item 'lrtactical:melee'
	at net.minecraftforge.common.crafting.CraftingHelper.getItem(CraftingHelper.java:160) ~[forge-1.20.1-47.4.10-universal.jar%23198!/:?]
	at net.minecraftforge.common.crafting.CraftingHelper.getItemStack(CraftingHelper.java:186) ~[forge-1.20.1-47.4.10-universal.jar%23198!/:?]
	at net.minecraftforge.common.crafting.CraftingHelper.getItemStack(CraftingHelper.java:153) ~[forge-1.20.1-47.4.10-universal.jar%23198!/:?]
	at com.tacz.guns.resource.serialize.GunSmithTableResultSerializer.deserialize(GunSmithTableResultSerializer.java:61) ~[tacz-1.20.1-1.1.7-hotfix.jar%23183!/:1.1.7-hotfix]
	at com.tacz.guns.resource.serialize.GunSmithTableResultSerializer.deserialize(GunSmithTableResultSerializer.java:19) ~[tacz-1.20.1-1.1.7-hotfix.jar%23183!/:1.1.7-hotfix]
	at com.google.gson.internal.bind.TreeTypeAdapter.read(TreeTypeAdapter.java:76) ~[gson-2.10.jar%2372!/:?]
	at com.google.gson.internal.bind.ReflectiveTypeAdapterFactory$1.readIntoField(ReflectiveTypeAdapterFactory.java:212) ~[gson-2.10.jar%2372!/:?]
	at com.google.gson.internal.bind.ReflectiveTypeAdapterFactory$FieldReflectionAdapter.readField(ReflectiveTypeAdapterFactory.java:431) ~[gson-2.10.jar%2372!/:?]
	at com.google.gson.internal.bind.ReflectiveTypeAdapterFactory$Adapter.read(ReflectiveTypeAdapterFactory.java:391) ~[gson-2.10.jar%2372!/:?]
	at com.google.gson.Gson.fromJson(Gson.java:1214) ~[gson-2.10.jar%2372!/:?]
	at com.google.gson.Gson.fromJson(Gson.java:1319) ~[gson-2.10.jar%2372!/:?]
	at com.google.gson.Gson.fromJson(Gson.java:1261) ~[gson-2.10.jar%2372!/:?]
	at com.tacz.guns.crafting.GunSmithTableSerializer.fromJson(GunSmithTableSerializer.java:24) ~[tacz-1.20.1-1.1.7-hotfix.jar%23183!/:1.1.7-hotfix]
	at com.tacz.guns.crafting.GunSmithTableSerializer.m_6729_(GunSmithTableSerializer.java:20) ~[tacz-1.20.1-1.1.7-hotfix.jar%23183!/:1.1.7-hotfix]
	at net.minecraftforge.common.extensions.IForgeRecipeSerializer.fromJson(IForgeRecipeSerializer.java:23) ~[forge-1.20.1-47.4.10-universal.jar%23198!/:?]
	at net.minecraft.world.item.crafting.RecipeManager.fromJson(RecipeManager.java:171) ~[server-1.20.1-20230612.114412-srg.jar%23193!/:?]
	at net.minecraft.world.item.crafting.RecipeManager.m_5787_(RecipeManager.java:67) ~[server-1.20.1-20230612.114412-srg.jar%23193!/:?]
	at net.minecraft.world.item.crafting.RecipeManager.m_5787_(RecipeManager.java:34) ~[server-1.20.1-20230612.114412-srg.jar%23193!/:?]
	at net.minecraft.server.packs.resources.SimplePreparableReloadListener.m_10789_(SimplePreparableReloadListener.java:13) ~[server-1.20.1-20230612.114412-srg.jar%23193!/:?]
	at java.util.concurrent.CompletableFuture$UniAccept.tryFire(CompletableFuture.java:739) ~[?:?]
	at java.util.concurrent.CompletableFuture$Completion.run(CompletableFuture.java:503) ~[?:?]
	at net.minecraft.server.packs.resources.SimpleReloadInstance.m_143940_(SimpleReloadInstance.java:69) ~[server-1.20.1-20230612.114412-srg.jar%23193!/:?]
	at net.minecraft.Util.m_214652_(Util.java:783) ~[server-1.20.1-20230612.114412-srg.jar%23193!/:?]
	at net.minecraft.Util.m_214679_(Util.java:772) ~[server-1.20.1-20230612.114412-srg.jar%23193!/:?]
	at net.minecraft.server.Main.main(Main.java:166) ~[server-1.20.1-20230612.114412-srg.jar%23193!/:?]
	at jdk.internal.reflect.DirectMethodHandleAccessor.invoke(DirectMethodHandleAccessor.java:104) ~[?:?]
	at java.lang.reflect.Method.invoke(Method.java:565) ~[?:?]
	at net.minecraftforge.fml.loading.targets.CommonLaunchHandler.runTarget(CommonLaunchHandler.java:111) ~[fmlloader-1.20.1-47.4.10.jar%2369!/:?]
	at net.minecraftforge.fml.loading.targets.CommonLaunchHandler.serverService(CommonLaunchHandler.java:103) ~[fmlloader-1.20.1-47.4.10.jar%2369!/:?]
	at net.minecraftforge.fml.loading.targets.CommonServerLaunchHandler.lambda$makeService$0(CommonServerLaunchHandler.java:27) ~[fmlloader-1.20.1-47.4.10.jar%2369!/:?]
	at cpw.mods.modlauncher.LaunchServiceHandlerDecorator.launch(LaunchServiceHandlerDecorator.java:30) ~[modlauncher-10.0.9.jar%2355!/:?]
	at cpw.mods.modlauncher.LaunchServiceHandler.launch(LaunchServiceHandler.java:53) ~[modlauncher-10.0.9.jar%2355!/:?]
	at cpw.mods.modlauncher.LaunchServiceHandler.launch(LaunchServiceHandler.java:71) ~[modlauncher-10.0.9.jar%2355!/:?]
	at cpw.mods.modlauncher.Launcher.run(Launcher.java:108) ~[modlauncher-10.0.9.jar%2355!/:?]
	at cpw.mods.modlauncher.Launcher.main(Launcher.java:78) ~[modlauncher-10.0.9.jar%2355!/:?]
	at cpw.mods.modlauncher.BootstrapLaunchConsumer.accept(BootstrapLaunchConsumer.java:26) ~[modlauncher-10.0.9.jar%2355!/:?]
	at cpw.mods.modlauncher.BootstrapLaunchConsumer.accept(BootstrapLaunchConsumer.java:23) ~[modlauncher-10.0.9.jar%2355!/:?]
	at cpw.mods.bootstraplauncher.BootstrapLauncher.main(BootstrapLauncher.java:141) ~[bootstraplauncher-1.1.2.jar:?]
[04Feb2026 02:23:25.306] [main/ERROR] [net.minecraft.world.item.crafting.RecipeManager/]: Parsing error loading recipe ciblr:throwable/type86
com.google.gson.JsonSyntaxException: Unknown item 'lrtactical:throwable'
	at net.minecraftforge.common.crafting.CraftingHelper.getItem(CraftingHelper.java:160) ~[forge-1.20.1-47.4.10-universal.jar%23198!/:?]
	at net.minecraftforge.common.crafting.CraftingHelper.getItemStack(CraftingHelper.java:186) ~[forge-1.20.1-47.4.10-universal.jar%23198!/:?]
	at net.minecraftforge.common.crafting.CraftingHelper.getItemStack(CraftingHelper.java:153) ~[forge-1.20.1-47.4.10-universal.jar%23198!/:?]
	at com.tacz.guns.resource.serialize.GunSmithTableResultSerializer.deserialize(GunSmithTableResultSerializer.java:61) ~[tacz-1.20.1-1.1.7-hotfix.jar%23183!/:1.1.7-hotfix]
	at com.tacz.guns.resource.serialize.GunSmithTableResultSerializer.deserialize(GunSmithTableResultSerializer.java:19) ~[tacz-1.20.1-1.1.7-hotfix.jar%23183!/:1.1.7-hotfix]
	at com.google.gson.internal.bind.TreeTypeAdapter.read(TreeTypeAdapter.java:76) ~[gson-2.10.jar%2372!/:?]
	at com.google.gson.internal.bind.ReflectiveTypeAdapterFactory$1.readIntoField(ReflectiveTypeAdapterFactory.java:212) ~[gson-2.10.jar%2372!/:?]
	at com.google.gson.internal.bind.ReflectiveTypeAdapterFactory$FieldReflectionAdapter.readField(ReflectiveTypeAdapterFactory.java:431) ~[gson-2.10.jar%2372!/:?]
	at com.google.gson.internal.bind.ReflectiveTypeAdapterFactory$Adapter.read(ReflectiveTypeAdapterFactory.java:391) ~[gson-2.10.jar%2372!/:?]
	at com.google.gson.Gson.fromJson(Gson.java:1214) ~[gson-2.10.jar%2372!/:?]
	at com.google.gson.Gson.fromJson(Gson.java:1319) ~[gson-2.10.jar%2372!/:?]
	at com.google.gson.Gson.fromJson(Gson.java:1261) ~[gson-2.10.jar%2372!/:?]
	at com.tacz.guns.crafting.GunSmithTableSerializer.fromJson(GunSmithTableSerializer.java:24) ~[tacz-1.20.1-1.1.7-hotfix.jar%23183!/:1.1.7-hotfix]
	at com.tacz.guns.crafting.GunSmithTableSerializer.m_6729_(GunSmithTableSerializer.java:20) ~[tacz-1.20.1-1.1.7-hotfix.jar%23183!/:1.1.7-hotfix]
	at net.minecraftforge.common.extensions.IForgeRecipeSerializer.fromJson(IForgeRecipeSerializer.java:23) ~[forge-1.20.1-47.4.10-universal.jar%23198!/:?]
	at net.minecraft.world.item.crafting.RecipeManager.fromJson(RecipeManager.java:171) ~[server-1.20.1-20230612.114412-srg.jar%23193!/:?]
	at net.minecraft.world.item.crafting.RecipeManager.m_5787_(RecipeManager.java:67) ~[server-1.20.1-20230612.114412-srg.jar%23193!/:?]
	at net.minecraft.world.item.crafting.RecipeManager.m_5787_(RecipeManager.java:34) ~[server-1.20.1-20230612.114412-srg.jar%23193!/:?]
	at net.minecraft.server.packs.resources.SimplePreparableReloadListener.m_10789_(SimplePreparableReloadListener.java:13) ~[server-1.20.1-20230612.114412-srg.jar%23193!/:?]
	at java.util.concurrent.CompletableFuture$UniAccept.tryFire(CompletableFuture.java:739) ~[?:?]
	at java.util.concurrent.CompletableFuture$Completion.run(CompletableFuture.java:503) ~[?:?]
	at net.minecraft.server.packs.resources.SimpleReloadInstance.m_143940_(SimpleReloadInstance.java:69) ~[server-1.20.1-20230612.114412-srg.jar%23193!/:?]
	at net.minecraft.Util.m_214652_(Util.java:783) ~[server-1.20.1-20230612.114412-srg.jar%23193!/:?]
	at net.minecraft.Util.m_214679_(Util.java:772) ~[server-1.20.1-20230612.114412-srg.jar%23193!/:?]
	at net.minecraft.server.Main.main(Main.java:166) ~[server-1.20.1-20230612.114412-srg.jar%23193!/:?]
	at jdk.internal.reflect.DirectMethodHandleAccessor.invoke(DirectMethodHandleAccessor.java:104) ~[?:?]
	at java.lang.reflect.Method.invoke(Method.java:565) ~[?:?]
	at net.minecraftforge.fml.loading.targets.CommonLaunchHandler.runTarget(CommonLaunchHandler.java:111) ~[fmlloader-1.20.1-47.4.10.jar%2369!/:?]
	at net.minecraftforge.fml.loading.targets.CommonLaunchHandler.serverService(CommonLaunchHandler.java:103) ~[fmlloader-1.20.1-47.4.10.jar%2369!/:?]
	at net.minecraftforge.fml.loading.targets.CommonServerLaunchHandler.lambda$makeService$0(CommonServerLaunchHandler.java:27) ~[fmlloader-1.20.1-47.4.10.jar%2369!/:?]
	at cpw.mods.modlauncher.LaunchServiceHandlerDecorator.launch(LaunchServiceHandlerDecorator.java:30) ~[modlauncher-10.0.9.jar%2355!/:?]
	at cpw.mods.modlauncher.LaunchServiceHandler.launch(LaunchServiceHandler.java:53) ~[modlauncher-10.0.9.jar%2355!/:?]
	at cpw.mods.modlauncher.LaunchServiceHandler.launch(LaunchServiceHandler.java:71) ~[modlauncher-10.0.9.jar%2355!/:?]
	at cpw.mods.modlauncher.Launcher.run(Launcher.java:108) ~[modlauncher-10.0.9.jar%2355!/:?]
	at cpw.mods.modlauncher.Launcher.main(Launcher.java:78) ~[modlauncher-10.0.9.jar%2355!/:?]
	at cpw.mods.modlauncher.BootstrapLaunchConsumer.accept(BootstrapLaunchConsumer.java:26) ~[modlauncher-10.0.9.jar%2355!/:?]
	at cpw.mods.modlauncher.BootstrapLaunchConsumer.accept(BootstrapLaunchConsumer.java:23) ~[modlauncher-10.0.9.jar%2355!/:?]
	at cpw.mods.bootstraplauncher.BootstrapLauncher.main(BootstrapLauncher.java:141) ~[bootstraplauncher-1.1.2.jar:?]
[04Feb2026 02:23:25.315] [main/ERROR] [net.minecraft.world.item.crafting.RecipeManager/]: Parsing error loading recipe ciblr:throwable/dsy151
com.google.gson.JsonSyntaxException: Unknown item 'lrtactical:throwable'
	at net.minecraftforge.common.crafting.CraftingHelper.getItem(CraftingHelper.java:160) ~[forge-1.20.1-47.4.10-universal.jar%23198!/:?]
	at net.minecraftforge.common.crafting.CraftingHelper.getItemStack(CraftingHelper.java:186) ~[forge-1.20.1-47.4.10-universal.jar%23198!/:?]
	at net.minecraftforge.common.crafting.CraftingHelper.getItemStack(CraftingHelper.java:153) ~[forge-1.20.1-47.4.10-universal.jar%23198!/:?]
	at com.tacz.guns.resource.serialize.GunSmithTableResultSerializer.deserialize(GunSmithTableResultSerializer.java:61) ~[tacz-1.20.1-1.1.7-hotfix.jar%23183!/:1.1.7-hotfix]
	at com.tacz.guns.resource.serialize.GunSmithTableResultSerializer.deserialize(GunSmithTableResultSerializer.java:19) ~[tacz-1.20.1-1.1.7-hotfix.jar%23183!/:1.1.7-hotfix]
	at com.google.gson.internal.bind.TreeTypeAdapter.read(TreeTypeAdapter.java:76) ~[gson-2.10.jar%2372!/:?]
	at com.google.gson.internal.bind.ReflectiveTypeAdapterFactory$1.readIntoField(ReflectiveTypeAdapterFactory.java:212) ~[gson-2.10.jar%2372!/:?]
	at com.google.gson.internal.bind.ReflectiveTypeAdapterFactory$FieldReflectionAdapter.readField(ReflectiveTypeAdapterFactory.java:431) ~[gson-2.10.jar%2372!/:?]
	at com.google.gson.internal.bind.ReflectiveTypeAdapterFactory$Adapter.read(ReflectiveTypeAdapterFactory.java:391) ~[gson-2.10.jar%2372!/:?]
	at com.google.gson.Gson.fromJson(Gson.java:1214) ~[gson-2.10.jar%2372!/:?]
	at com.google.gson.Gson.fromJson(Gson.java:1319) ~[gson-2.10.jar%2372!/:?]
	at com.google.gson.Gson.fromJson(Gson.java:1261) ~[gson-2.10.jar%2372!/:?]
	at com.tacz.guns.crafting.GunSmithTableSerializer.fromJson(GunSmithTableSerializer.java:24) ~[tacz-1.20.1-1.1.7-hotfix.jar%23183!/:1.1.7-hotfix]
	at com.tacz.guns.crafting.GunSmithTableSerializer.m_6729_(GunSmithTableSerializer.java:20) ~[tacz-1.20.1-1.1.7-hotfix.jar%23183!/:1.1.7-hotfix]
	at net.minecraftforge.common.extensions.IForgeRecipeSerializer.fromJson(IForgeRecipeSerializer.java:23) ~[forge-1.20.1-47.4.10-universal.jar%23198!/:?]
	at net.minecraft.world.item.crafting.RecipeManager.fromJson(RecipeManager.java:171) ~[server-1.20.1-20230612.114412-srg.jar%23193!/:?]
	at net.minecraft.world.item.crafting.RecipeManager.m_5787_(RecipeManager.java:67) ~[server-1.20.1-20230612.114412-srg.jar%23193!/:?]
	at net.minecraft.world.item.crafting.RecipeManager.m_5787_(RecipeManager.java:34) ~[server-1.20.1-20230612.114412-srg.jar%23193!/:?]
	at net.minecraft.server.packs.resources.SimplePreparableReloadListener.m_10789_(SimplePreparableReloadListener.java:13) ~[server-1.20.1-20230612.114412-srg.jar%23193!/:?]
	at java.util.concurrent.CompletableFuture$UniAccept.tryFire(CompletableFuture.java:739) ~[?:?]
	at java.util.concurrent.CompletableFuture$Completion.run(CompletableFuture.java:503) ~[?:?]
	at net.minecraft.server.packs.resources.SimpleReloadInstance.m_143940_(SimpleReloadInstance.java:69) ~[server-1.20.1-20230612.114412-srg.jar%23193!/:?]
	at net.minecraft.Util.m_214652_(Util.java:783) ~[server-1.20.1-20230612.114412-srg.jar%23193!/:?]
	at net.minecraft.Util.m_214679_(Util.java:772) ~[server-1.20.1-20230612.114412-srg.jar%23193!/:?]
	at net.minecraft.server.Main.main(Main.java:166) ~[server-1.20.1-20230612.114412-srg.jar%23193!/:?]
	at jdk.internal.reflect.DirectMethodHandleAccessor.invoke(DirectMethodHandleAccessor.java:104) ~[?:?]
	at java.lang.reflect.Method.invoke(Method.java:565) ~[?:?]
	at net.minecraftforge.fml.loading.targets.CommonLaunchHandler.runTarget(CommonLaunchHandler.java:111) ~[fmlloader-1.20.1-47.4.10.jar%2369!/:?]
	at net.minecraftforge.fml.loading.targets.CommonLaunchHandler.serverService(CommonLaunchHandler.java:103) ~[fmlloader-1.20.1-47.4.10.jar%2369!/:?]
	at net.minecraftforge.fml.loading.targets.CommonServerLaunchHandler.lambda$makeService$0(CommonServerLaunchHandler.java:27) ~[fmlloader-1.20.1-47.4.10.jar%2369!/:?]
	at cpw.mods.modlauncher.LaunchServiceHandlerDecorator.launch(LaunchServiceHandlerDecorator.java:30) ~[modlauncher-10.0.9.jar%2355!/:?]
	at cpw.mods.modlauncher.LaunchServiceHandler.launch(LaunchServiceHandler.java:53) ~[modlauncher-10.0.9.jar%2355!/:?]
	at cpw.mods.modlauncher.LaunchServiceHandler.launch(LaunchServiceHandler.java:71) ~[modlauncher-10.0.9.jar%2355!/:?]
	at cpw.mods.modlauncher.Launcher.run(Launcher.java:108) ~[modlauncher-10.0.9.jar%2355!/:?]
	at cpw.mods.modlauncher.Launcher.main(Launcher.java:78) ~[modlauncher-10.0.9.jar%2355!/:?]
	at cpw.mods.modlauncher.BootstrapLaunchConsumer.accept(BootstrapLaunchConsumer.java:26) ~[modlauncher-10.0.9.jar%2355!/:?]
	at cpw.mods.modlauncher.BootstrapLaunchConsumer.accept(BootstrapLaunchConsumer.java:23) ~[modlauncher-10.0.9.jar%2355!/:?]
	at cpw.mods.bootstraplauncher.BootstrapLauncher.main(BootstrapLauncher.java:141) ~[bootstraplauncher-1.1.2.jar:?]
[04Feb2026 02:23:25.332] [main/INFO] [net.minecraft.world.item.crafting.RecipeManager/]: Loaded 10 recipes
[04Feb2026 02:23:25.450] [main/INFO] [net.minecraft.advancements.AdvancementList/]: Loaded 1460 advancements
[04Feb2026 02:23:25.704] [main/ERROR] [tacz/BlockDataLoader]: Failed to load data file ciblr:cib_smith_table
com.google.gson.JsonSyntaxException: Unknown item 'lrtactical:melee'
	at net.minecraftforge.common.crafting.CraftingHelper.getItem(CraftingHelper.java:160) ~[forge-1.20.1-47.4.10-universal.jar%23198!/:?]
	at net.minecraftforge.common.crafting.CraftingHelper.getItemStack(CraftingHelper.java:186) ~[forge-1.20.1-47.4.10-universal.jar%23198!/:?]
	at net.minecraftforge.common.crafting.CraftingHelper.getItemStack(CraftingHelper.java:153) ~[forge-1.20.1-47.4.10-universal.jar%23198!/:?]
	at com.tacz.guns.resource.pojo.data.block.TabConfig$Deserializer.deserialize(TabConfig.java:70) ~[tacz-1.20.1-1.1.7-hotfix.jar%23183!/:1.1.7-hotfix]
	at com.tacz.guns.resource.pojo.data.block.TabConfig$Deserializer.deserialize(TabConfig.java:59) ~[tacz-1.20.1-1.1.7-hotfix.jar%23183!/:1.1.7-hotfix]
	at com.google.gson.internal.bind.TreeTypeAdapter.read(TreeTypeAdapter.java:76) ~[gson-2.10.jar%2372!/:?]
	at com.google.gson.internal.bind.TypeAdapterRuntimeTypeWrapper.read(TypeAdapterRuntimeTypeWrapper.java:40) ~[gson-2.10.jar%2372!/:?]
	at com.google.gson.internal.bind.CollectionTypeAdapterFactory$Adapter.read(CollectionTypeAdapterFactory.java:82) ~[gson-2.10.jar%2372!/:?]
	at com.google.gson.internal.bind.CollectionTypeAdapterFactory$Adapter.read(CollectionTypeAdapterFactory.java:61) ~[gson-2.10.jar%2372!/:?]
	at com.google.gson.internal.bind.ReflectiveTypeAdapterFactory$1.readIntoField(ReflectiveTypeAdapterFactory.java:212) ~[gson-2.10.jar%2372!/:?]
	at com.google.gson.internal.bind.ReflectiveTypeAdapterFactory$FieldReflectionAdapter.readField(ReflectiveTypeAdapterFactory.java:431) ~[gson-2.10.jar%2372!/:?]
	at com.google.gson.internal.bind.ReflectiveTypeAdapterFactory$Adapter.read(ReflectiveTypeAdapterFactory.java:391) ~[gson-2.10.jar%2372!/:?]
	at com.google.gson.Gson.fromJson(Gson.java:1214) ~[gson-2.10.jar%2372!/:?]
	at com.google.gson.Gson.fromJson(Gson.java:1319) ~[gson-2.10.jar%2372!/:?]
	at com.google.gson.Gson.fromJson(Gson.java:1261) ~[gson-2.10.jar%2372!/:?]
	at com.tacz.guns.resource.manager.JsonDataManager.parseJson(JsonDataManager.java:69) ~[tacz-1.20.1-1.1.7-hotfix.jar%23183!/:1.1.7-hotfix]
	at com.tacz.guns.resource.manager.JsonDataManager.apply(JsonDataManager.java:58) ~[tacz-1.20.1-1.1.7-hotfix.jar%23183!/:1.1.7-hotfix]
	at com.tacz.guns.resource.manager.CommonDataManager.apply(CommonDataManager.java:35) ~[tacz-1.20.1-1.1.7-hotfix.jar%23183!/:1.1.7-hotfix]
	at com.tacz.guns.resource.manager.CommonDataManager.m_5787_(CommonDataManager.java:19) ~[tacz-1.20.1-1.1.7-hotfix.jar%23183!/:1.1.7-hotfix]
	at net.minecraft.server.packs.resources.SimplePreparableReloadListener.m_10789_(SimplePreparableReloadListener.java:13) ~[server-1.20.1-20230612.114412-srg.jar%23193!/:?]
	at java.util.concurrent.CompletableFuture$UniAccept.tryFire(CompletableFuture.java:739) ~[?:?]
	at java.util.concurrent.CompletableFuture$Completion.run(CompletableFuture.java:503) ~[?:?]
	at net.minecraft.server.packs.resources.SimpleReloadInstance.m_143940_(SimpleReloadInstance.java:69) ~[server-1.20.1-20230612.114412-srg.jar%23193!/:?]
	at net.minecraft.Util.m_214652_(Util.java:783) ~[server-1.20.1-20230612.114412-srg.jar%23193!/:?]
	at net.minecraft.Util.m_214679_(Util.java:772) ~[server-1.20.1-20230612.114412-srg.jar%23193!/:?]
	at net.minecraft.server.Main.main(Main.java:166) ~[server-1.20.1-20230612.114412-srg.jar%23193!/:?]
	at jdk.internal.reflect.DirectMethodHandleAccessor.invoke(DirectMethodHandleAccessor.java:104) ~[?:?]
	at java.lang.reflect.Method.invoke(Method.java:565) ~[?:?]
	at net.minecraftforge.fml.loading.targets.CommonLaunchHandler.runTarget(CommonLaunchHandler.java:111) ~[fmlloader-1.20.1-47.4.10.jar%2369!/:?]
	at net.minecraftforge.fml.loading.targets.CommonLaunchHandler.serverService(CommonLaunchHandler.java:103) ~[fmlloader-1.20.1-47.4.10.jar%2369!/:?]
	at net.minecraftforge.fml.loading.targets.CommonServerLaunchHandler.lambda$makeService$0(CommonServerLaunchHandler.java:27) ~[fmlloader-1.20.1-47.4.10.jar%2369!/:?]
	at cpw.mods.modlauncher.LaunchServiceHandlerDecorator.launch(LaunchServiceHandlerDecorator.java:30) ~[modlauncher-10.0.9.jar%2355!/:?]
	at cpw.mods.modlauncher.LaunchServiceHandler.launch(LaunchServiceHandler.java:53) ~[modlauncher-10.0.9.jar%2355!/:?]
	at cpw.mods.modlauncher.LaunchServiceHandler.launch(LaunchServiceHandler.java:71) ~[modlauncher-10.0.9.jar%2355!/:?]
	at cpw.mods.modlauncher.Launcher.run(Launcher.java:108) ~[modlauncher-10.0.9.jar%2355!/:?]
	at cpw.mods.modlauncher.Launcher.main(Launcher.java:78) ~[modlauncher-10.0.9.jar%2355!/:?]
	at cpw.mods.modlauncher.BootstrapLaunchConsumer.accept(BootstrapLaunchConsumer.java:26) ~[modlauncher-10.0.9.jar%2355!/:?]
	at cpw.mods.modlauncher.BootstrapLaunchConsumer.accept(BootstrapLaunchConsumer.java:23) ~[modlauncher-10.0.9.jar%2355!/:?]
	at cpw.mods.bootstraplauncher.BootstrapLauncher.main(BootstrapLauncher.java:141) ~[bootstraplauncher-1.1.2.jar:?]
[04Feb2026 02:23:25.729] [main/ERROR] [tacz/BlockIndexLoader]: Failed to load data file ciblr:cib_smith_table
com.google.gson.JsonParseException: there is no corresponding data file
	at com.tacz.guns.resource.serialize.CommonBlockIndexSerializer.deserialize(CommonBlockIndexSerializer.java:19) ~[tacz-1.20.1-1.1.7-hotfix.jar%23183!/:1.1.7-hotfix]
	at com.tacz.guns.resource.serialize.CommonBlockIndexSerializer.deserialize(CommonBlockIndexSerializer.java:12) ~[tacz-1.20.1-1.1.7-hotfix.jar%23183!/:1.1.7-hotfix]
	at com.google.gson.internal.bind.TreeTypeAdapter.read(TreeTypeAdapter.java:76) ~[gson-2.10.jar%2372!/:?]
	at com.google.gson.Gson.fromJson(Gson.java:1214) ~[gson-2.10.jar%2372!/:?]
	at com.google.gson.Gson.fromJson(Gson.java:1319) ~[gson-2.10.jar%2372!/:?]
	at com.google.gson.Gson.fromJson(Gson.java:1261) ~[gson-2.10.jar%2372!/:?]
	at com.tacz.guns.resource.manager.JsonDataManager.parseJson(JsonDataManager.java:69) ~[tacz-1.20.1-1.1.7-hotfix.jar%23183!/:1.1.7-hotfix]
	at com.tacz.guns.resource.manager.JsonDataManager.apply(JsonDataManager.java:58) ~[tacz-1.20.1-1.1.7-hotfix.jar%23183!/:1.1.7-hotfix]
	at com.tacz.guns.resource.manager.CommonDataManager.apply(CommonDataManager.java:35) ~[tacz-1.20.1-1.1.7-hotfix.jar%23183!/:1.1.7-hotfix]
	at com.tacz.guns.resource.manager.CommonDataManager.m_5787_(CommonDataManager.java:19) ~[tacz-1.20.1-1.1.7-hotfix.jar%23183!/:1.1.7-hotfix]
	at net.minecraft.server.packs.resources.SimplePreparableReloadListener.m_10789_(SimplePreparableReloadListener.java:13) ~[server-1.20.1-20230612.114412-srg.jar%23193!/:?]
	at java.util.concurrent.CompletableFuture$UniAccept.tryFire(CompletableFuture.java:739) ~[?:?]
	at java.util.concurrent.CompletableFuture$Completion.run(CompletableFuture.java:503) ~[?:?]
	at net.minecraft.server.packs.resources.SimpleReloadInstance.m_143940_(SimpleReloadInstance.java:69) ~[server-1.20.1-20230612.114412-srg.jar%23193!/:?]
	at net.minecraft.Util.m_214652_(Util.java:783) ~[server-1.20.1-20230612.114412-srg.jar%23193!/:?]
	at net.minecraft.Util.m_214679_(Util.java:772) ~[server-1.20.1-20230612.114412-srg.jar%23193!/:?]
	at net.minecraft.server.Main.main(Main.java:166) ~[server-1.20.1-20230612.114412-srg.jar%23193!/:?]
	at jdk.internal.reflect.DirectMethodHandleAccessor.invoke(DirectMethodHandleAccessor.java:104) ~[?:?]
	at java.lang.reflect.Method.invoke(Method.java:565) ~[?:?]
	at net.minecraftforge.fml.loading.targets.CommonLaunchHandler.runTarget(CommonLaunchHandler.java:111) ~[fmlloader-1.20.1-47.4.10.jar%2369!/:?]
	at net.minecraftforge.fml.loading.targets.CommonLaunchHandler.serverService(CommonLaunchHandler.java:103) ~[fmlloader-1.20.1-47.4.10.jar%2369!/:?]
	at net.minecraftforge.fml.loading.targets.CommonServerLaunchHandler.lambda$makeService$0(CommonServerLaunchHandler.java:27) ~[fmlloader-1.20.1-47.4.10.jar%2369!/:?]
	at cpw.mods.modlauncher.LaunchServiceHandlerDecorator.launch(LaunchServiceHandlerDecorator.java:30) ~[modlauncher-10.0.9.jar%2355!/:?]
	at cpw.mods.modlauncher.LaunchServiceHandler.launch(LaunchServiceHandler.java:53) ~[modlauncher-10.0.9.jar%2355!/:?]
	at cpw.mods.modlauncher.LaunchServiceHandler.launch(LaunchServiceHandler.java:71) ~[modlauncher-10.0.9.jar%2355!/:?]
	at cpw.mods.modlauncher.Launcher.run(Launcher.java:108) ~[modlauncher-10.0.9.jar%2355!/:?]
	at cpw.mods.modlauncher.Launcher.main(Launcher.java:78) ~[modlauncher-10.0.9.jar%2355!/:?]
	at cpw.mods.modlauncher.BootstrapLaunchConsumer.accept(BootstrapLaunchConsumer.java:26) ~[modlauncher-10.0.9.jar%2355!/:?]
	at cpw.mods.modlauncher.BootstrapLaunchConsumer.accept(BootstrapLaunchConsumer.java:23) ~[modlauncher-10.0.9.jar%2355!/:?]
	at cpw.mods.bootstraplauncher.BootstrapLauncher.main(BootstrapLauncher.java:141) ~[bootstraplauncher-1.1.2.jar:?]
[04Feb2026 02:23:26.746] [Server thread/INFO] [net.minecraft.server.dedicated.DedicatedServer/]: Starting minecraft server version 1.20.1
[04Feb2026 02:23:26.746] [Server thread/INFO] [net.minecraft.server.dedicated.DedicatedServer/]: Loading properties
[04Feb2026 02:23:26.747] [Server thread/INFO] [net.minecraft.server.dedicated.DedicatedServer/]: Default game type: SURVIVAL
[04Feb2026 02:23:26.748] [Server thread/INFO] [net.minecraft.server.MinecraftServer/]: Generating keypair
[04Feb2026 02:23:26.847] [Server thread/INFO] [net.minecraft.server.dedicated.DedicatedServer/]: Starting Minecraft server on *:25565
[04Feb2026 02:23:26.892] [Server thread/INFO] [net.minecraft.server.network.ServerConnectionListener/]: Using epoll channel type
[04Feb2026 02:23:26.978] [Server thread/WARN] [net.minecraft.server.dedicated.DedicatedServer/]: **** SERVER IS RUNNING IN OFFLINE/INSECURE MODE!
[04Feb2026 02:23:26.979] [Server thread/WARN] [net.minecraft.server.dedicated.DedicatedServer/]: The server will make no attempt to authenticate usernames. Beware.
[04Feb2026 02:23:26.979] [Server thread/WARN] [net.minecraft.server.dedicated.DedicatedServer/]: While this makes the game possible to play without internet access, it also opens up the ability for hackers to connect with any username they choose.
[04Feb2026 02:23:26.979] [Server thread/WARN] [net.minecraft.server.dedicated.DedicatedServer/]: To change this, set "online-mode" to "true" in the server.properties file.
[04Feb2026 02:23:26.996] [Server thread/WARN] [net.minecraftforge.common.ForgeConfigSpec/CORE]: Configuration file ./world/serverconfig/jei-server.toml is not correct. Correcting
[04Feb2026 02:23:26.997] [Server thread/WARN] [net.minecraftforge.common.ForgeConfigSpec/CORE]: Incorrect key cheat mode was corrected from null to its default, SimpleCommentedConfig:{}. 
[04Feb2026 02:23:26.997] [Server thread/WARN] [net.minecraftforge.common.ForgeConfigSpec/CORE]: Incorrect key cheat mode.enableCheatModeForOp was corrected from null to its default, true. 
[04Feb2026 02:23:26.998] [Server thread/WARN] [net.minecraftforge.common.ForgeConfigSpec/CORE]: Incorrect key cheat mode.enableCheatModeForCreative was corrected from null to its default, true. 
[04Feb2026 02:23:26.998] [Server thread/WARN] [net.minecraftforge.common.ForgeConfigSpec/CORE]: Incorrect key cheat mode.enableCheatModeForGive was corrected from null to its default, false. 
[04Feb2026 02:23:27.000] [Server thread/WARN] [net.minecraftforge.common.ForgeConfigSpec/CORE]: Configuration file ./world/serverconfig/undeadnights-server.toml is not correct. Correcting
[04Feb2026 02:23:27.000] [Server thread/WARN] [net.minecraftforge.common.ForgeConfigSpec/CORE]: Incorrect key undeadNightsEnabled was corrected from null to its default, true. 
[04Feb2026 02:23:27.001] [Server thread/WARN] [net.minecraftforge.common.ForgeConfigSpec/CORE]: Incorrect key gracePeriod was corrected from null to its default, 0. 
[04Feb2026 02:23:27.002] [Server thread/WARN] [net.minecraftforge.common.ForgeConfigSpec/CORE]: Incorrect key sendHordeNightsCountdownMessage was corrected from null to its default, false. 
[04Feb2026 02:23:27.002] [Server thread/WARN] [net.minecraftforge.common.ForgeConfigSpec/CORE]: Incorrect key hordeSpawnedMessageAndSound was corrected from null to its default, true. 
[04Feb2026 02:23:27.003] [Server thread/WARN] [net.minecraftforge.common.ForgeConfigSpec/CORE]: Incorrect key distanceMin was corrected from null to its default, 70. 
[04Feb2026 02:23:27.005] [Server thread/WARN] [net.minecraftforge.common.ForgeConfigSpec/CORE]: Incorrect key distanceMax was corrected from null to its default, 75. 
[04Feb2026 02:23:27.007] [Server thread/WARN] [net.minecraftforge.common.ForgeConfigSpec/CORE]: Incorrect key hordeMobsSpawnCap was corrected from null to its default, 80. 
[04Feb2026 02:23:27.009] [Server thread/WARN] [net.minecraftforge.common.ForgeConfigSpec/CORE]: Incorrect key ignoreDoMobSpawningGamerule was corrected from null to its default, true. 
[04Feb2026 02:23:27.011] [Server thread/WARN] [net.minecraftforge.common.ForgeConfigSpec/CORE]: Incorrect key hordeWavesCanSpawnInWater was corrected from null to its default, false. 
[04Feb2026 02:23:27.013] [Server thread/WARN] [net.minecraftforge.common.ForgeConfigSpec/CORE]: Incorrect key hordeWavesCanSpawnOnTrees was corrected from null to its default, false. 
[04Feb2026 02:23:27.015] [Server thread/WARN] [net.minecraftforge.common.ForgeConfigSpec/CORE]: Incorrect key hordeWavesCanSpawnInCaves was corrected from null to its default, false. 
[04Feb2026 02:23:27.016] [Server thread/WARN] [net.minecraftforge.common.ForgeConfigSpec/CORE]: Incorrect key caveSpawnDistance was corrected from null to its default, 50. 
[04Feb2026 02:23:27.018] [Server thread/WARN] [net.minecraftforge.common.ForgeConfigSpec/CORE]: Incorrect key blockLightLevelsInfluenceMonsterSpawns was corrected from null to its default, false. 
[04Feb2026 02:23:27.020] [Server thread/WARN] [net.minecraftforge.common.ForgeConfigSpec/CORE]: Incorrect key maxBlockLightLevelForMonsterSpawns was corrected from null to its default, 0. 
[04Feb2026 02:23:27.022] [Server thread/WARN] [net.minecraftforge.common.ForgeConfigSpec/CORE]: Incorrect key hordeNightsDisableSleeping was corrected from null to its default, true. 
[04Feb2026 02:23:27.025] [Server thread/WARN] [net.minecraftforge.common.ForgeConfigSpec/CORE]: Incorrect key enableAutomaticDifficultyProgression was corrected from null to its default, true. 
[04Feb2026 02:23:27.028] [Server thread/WARN] [net.minecraftforge.common.ForgeConfigSpec/CORE]: Incorrect key preventDespawnWhenInsideMaxTrackingRange was corrected from null to its default, false. 
[04Feb2026 02:23:27.029] [Server thread/WARN] [net.minecraftforge.common.ForgeConfigSpec/CORE]: Incorrect key persistentMobs was corrected from null to its default, false. 
[04Feb2026 02:23:27.031] [Server thread/WARN] [net.minecraftforge.common.ForgeConfigSpec/CORE]: Incorrect key securityCraftCompatibility was corrected from null to its default, false. 
[04Feb2026 02:23:27.032] [Server thread/WARN] [net.minecraftforge.common.ForgeConfigSpec/CORE]: Incorrect key hordeZombiesSpawnNaturally was corrected from null to its default, true. 
[04Feb2026 02:23:27.034] [Server thread/WARN] [net.minecraftforge.common.ForgeConfigSpec/CORE]: Incorrect key eliteZombiesSpawnNaturally was corrected from null to its default, true. 
[04Feb2026 02:23:27.037] [Server thread/WARN] [net.minecraftforge.common.ForgeConfigSpec/CORE]: Incorrect key demolitionZombiesSpawnNaturally was corrected from null to its default, true. 
[04Feb2026 02:23:27.039] [Server thread/WARN] [net.minecraftforge.common.ForgeConfigSpec/CORE]: Incorrect key noNaturalSpawningBeforeFirstHordeNight was corrected from null to its default, true. 
[04Feb2026 02:23:27.042] [Server thread/WARN] [net.minecraftforge.common.ForgeConfigSpec/CORE]: Incorrect key maxHealthHordeZombies was corrected from null to its default, 40.0. 
[04Feb2026 02:23:27.046] [Server thread/WARN] [net.minecraftforge.common.ForgeConfigSpec/CORE]: Incorrect key maxHealthEliteZombies was corrected from null to its default, 40.0. 
[04Feb2026 02:23:27.049] [Server thread/WARN] [net.minecraftforge.common.ForgeConfigSpec/CORE]: Incorrect key maxHealthDemolitionZombies was corrected from null to its default, 40.0. 
[04Feb2026 02:23:27.052] [Server thread/WARN] [net.minecraftforge.common.ForgeConfigSpec/CORE]: Incorrect key enableAsynchronousHordeSpawning was corrected from null to its default, false. 
[04Feb2026 02:23:27.056] [Server thread/WARN] [net.minecraftforge.common.ForgeConfigSpec/CORE]: Incorrect key printDebugMessages was corrected from null to its default, false. 
[04Feb2026 02:23:27.057] [Server thread/WARN] [net.minecraftforge.common.ForgeConfigSpec/CORE]: Incorrect key debugMakeHordeMobsGlow was corrected from null to its default, false. 
[04Feb2026 02:23:27.059] [Server thread/INFO] [net.petemc.undeadnights.UndeadNights/]: Loading undeadnights server config
[04Feb2026 02:23:27.060] [Thread-2/INFO] [net.petemc.undeadnights.UndeadNights/]: Loading undeadnights server config
[04Feb2026 02:23:27.060] [Thread-2/INFO] [net.petemc.undeadnights.UndeadNights/]: Loading undeadnights server config
[04Feb2026 02:23:27.061] [Server thread/WARN] [net.minecraftforge.common.ForgeConfigSpec/CORE]: Configuration file ./world/serverconfig/tacz-server.toml is not correct. Correcting
[04Feb2026 02:23:27.062] [Server thread/WARN] [net.minecraftforge.common.ForgeConfigSpec/CORE]: Incorrect key interact_key was corrected from null to its default, SimpleCommentedConfig:{}. 
[04Feb2026 02:23:27.062] [Server thread/WARN] [net.minecraftforge.common.ForgeConfigSpec/CORE]: Incorrect key interact_key.InteractKeyWhitelistBlocks was corrected from null to its default, []. 
[04Feb2026 02:23:27.062] [Server thread/WARN] [net.minecraftforge.common.ForgeConfigSpec/CORE]: Incorrect key interact_key.InteractKeyWhitelistEntities was corrected from null to its default, []. 
[04Feb2026 02:23:27.063] [Server thread/WARN] [net.minecraftforge.common.ForgeConfigSpec/CORE]: Incorrect key interact_key.InteractKeyBlacklistBlocks was corrected from null to its default, []. 
[04Feb2026 02:23:27.063] [Server thread/WARN] [net.minecraftforge.common.ForgeConfigSpec/CORE]: Incorrect key interact_key.InteractKeyBlacklistEntities was corrected from null to its default, []. 
[04Feb2026 02:23:27.063] [Server thread/WARN] [net.minecraftforge.common.ForgeConfigSpec/CORE]: Incorrect key base_multiplier was corrected from null to its default, SimpleCommentedConfig:{}. 
[04Feb2026 02:23:27.063] [Server thread/WARN] [net.minecraftforge.common.ForgeConfigSpec/CORE]: Incorrect key base_multiplier.DamageBaseMultiplier was corrected from null to its default, 1.0. 
[04Feb2026 02:23:27.064] [Server thread/WARN] [net.minecraftforge.common.ForgeConfigSpec/CORE]: Incorrect key base_multiplier.ArmorIgnoreBaseMultiplier was corrected from null to its default, 1.0. 
[04Feb2026 02:23:27.064] [Server thread/WARN] [net.minecraftforge.common.ForgeConfigSpec/CORE]: Incorrect key base_multiplier.HeadShotBaseMultiplier was corrected from null to its default, 1.0. 
[04Feb2026 02:23:27.064] [Server thread/WARN] [net.minecraftforge.common.ForgeConfigSpec/CORE]: Incorrect key base_multiplier.WeightSpeedMultiplier was corrected from null to its default, 0.015. 
[04Feb2026 02:23:27.066] [Server thread/WARN] [net.minecraftforge.common.ForgeConfigSpec/CORE]: Incorrect key misc was corrected from null to its default, SimpleCommentedConfig:{}. 
[04Feb2026 02:23:27.066] [Server thread/WARN] [net.minecraftforge.common.ForgeConfigSpec/CORE]: Incorrect key misc.HeadShotAABB was corrected from null to its default, []. 
[04Feb2026 02:23:27.067] [Server thread/WARN] [net.minecraftforge.common.ForgeConfigSpec/CORE]: Incorrect key misc.AmmoBoxStackSize was corrected from null to its default, 3. 
[04Feb2026 02:23:27.068] [Server thread/WARN] [net.minecraftforge.common.ForgeConfigSpec/CORE]: Incorrect key misc.ClientGunPackDownloadUrls was corrected from null to its default, []. 
[04Feb2026 02:23:27.069] [Server thread/WARN] [net.minecraftforge.common.ForgeConfigSpec/CORE]: Incorrect key misc.EnableCrawl was corrected from null to its default, true. 
[04Feb2026 02:23:27.070] [Server thread/WARN] [net.minecraftforge.common.ForgeConfigSpec/CORE]: Incorrect key misc.EnableDefaultGunSmithTableFilter was corrected from null to its default, true. 
[04Feb2026 02:23:27.071] [Server thread/WARN] [net.minecraftforge.common.ForgeConfigSpec/CORE]: Incorrect key misc.ServerShootNetworkCheck was corrected from null to its default, true. 
[04Feb2026 02:23:27.071] [Server thread/WARN] [net.minecraftforge.common.ForgeConfigSpec/CORE]: Incorrect key misc.ServerShootCooldownCheck was corrected from null to its default, true. 
[04Feb2026 02:23:27.075] [Server thread/WARN] [net.minecraftforge.common.ForgeConfigSpec/CORE]: Configuration file ./world/serverconfig/sophisticatedbackpacks-server.toml is not correct. Correcting
[04Feb2026 02:23:27.076] [Server thread/WARN] [net.minecraftforge.common.ForgeConfigSpec/CORE]: Incorrect key server was corrected from null to its default, SimpleCommentedConfig:{}. 
[04Feb2026 02:23:27.076] [Server thread/WARN] [net.minecraftforge.common.ForgeConfigSpec/CORE]: Incorrect key server.disallowedItems was corrected from null to its default, []. 
[04Feb2026 02:23:27.076] [Server thread/WARN] [net.minecraftforge.common.ForgeConfigSpec/CORE]: Incorrect key server.containerItemsDisallowed was corrected from null to its default, false. 
[04Feb2026 02:23:27.076] [Server thread/WARN] [net.minecraftforge.common.ForgeConfigSpec/CORE]: Incorrect key server.noInteractionBlocks was corrected from null to its default, []. 
[04Feb2026 02:23:27.077] [Server thread/WARN] [net.minecraftforge.common.ForgeConfigSpec/CORE]: Incorrect key server.noConnectionBlocks was corrected from null to its default, []. 
[04Feb2026 02:23:27.077] [Server thread/WARN] [net.minecraftforge.common.ForgeConfigSpec/CORE]: Incorrect key server.allBlockConnectionsDisallowed was corrected from null to its default, false. 
[04Feb2026 02:23:27.077] [Server thread/WARN] [net.minecraftforge.common.ForgeConfigSpec/CORE]: Incorrect key server.leatherBackpack was corrected from null to its default, SimpleCommentedConfig:{}. 
[04Feb2026 02:23:27.078] [Server thread/WARN] [net.minecraftforge.common.ForgeConfigSpec/CORE]: Incorrect key server.leatherBackpack.inventorySlotCount was corrected from null to its default, 27. 
[04Feb2026 02:23:27.078] [Server thread/WARN] [net.minecraftforge.common.ForgeConfigSpec/CORE]: Incorrect key server.leatherBackpack.upgradeSlotCount was corrected from null to its default, 1. 
[04Feb2026 02:23:27.078] [Server thread/WARN] [net.minecraftforge.common.ForgeConfigSpec/CORE]: Incorrect key server.copperBackpack was corrected from null to its default, SimpleCommentedConfig:{}. 
[04Feb2026 02:23:27.079] [Server thread/WARN] [net.minecraftforge.common.ForgeConfigSpec/CORE]: Incorrect key server.copperBackpack.inventorySlotCount was corrected from null to its default, 45. 
[04Feb2026 02:23:27.079] [Server thread/WARN] [net.minecraftforge.common.ForgeConfigSpec/CORE]: Incorrect key server.copperBackpack.upgradeSlotCount was corrected from null to its default, 1. 
[04Feb2026 02:23:27.079] [Server thread/WARN] [net.minecraftforge.common.ForgeConfigSpec/CORE]: Incorrect key server.ironBackpack was corrected from null to its default, SimpleCommentedConfig:{}. 
[04Feb2026 02:23:27.079] [Server thread/WARN] [net.minecraftforge.common.ForgeConfigSpec/CORE]: Incorrect key server.ironBackpack.inventorySlotCount was corrected from null to its default, 54. 
[04Feb2026 02:23:27.080] [Server thread/WARN] [net.minecraftforge.common.ForgeConfigSpec/CORE]: Incorrect key server.ironBackpack.upgradeSlotCount was corrected from null to its default, 2. 
[04Feb2026 02:23:27.080] [Server thread/WARN] [net.minecraftforge.common.ForgeConfigSpec/CORE]: Incorrect key server.goldBackpack was corrected from null to its default, SimpleCommentedConfig:{}. 
[04Feb2026 02:23:27.080] [Server thread/WARN] [net.minecraftforge.common.ForgeConfigSpec/CORE]: Incorrect key server.goldBackpack.inventorySlotCount was corrected from null to its default, 81. 
[04Feb2026 02:23:27.080] [Server thread/WARN] [net.minecraftforge.common.ForgeConfigSpec/CORE]: Incorrect key server.goldBackpack.upgradeSlotCount was corrected from null to its default, 3. 
[04Feb2026 02:23:27.080] [Server thread/WARN] [net.minecraftforge.common.ForgeConfigSpec/CORE]: Incorrect key server.diamondBackpack was corrected from null to its default, SimpleCommentedConfig:{}. 
[04Feb2026 02:23:27.081] [Server thread/WARN] [net.minecraftforge.common.ForgeConfigSpec/CORE]: Incorrect key server.diamondBackpack.inventorySlotCount was corrected from null to its default, 108. 
[04Feb2026 02:23:27.081] [Server thread/WARN] [net.minecraftforge.common.ForgeConfigSpec/CORE]: Incorrect key server.diamondBackpack.upgradeSlotCount was corrected from null to its default, 5. 
[04Feb2026 02:23:27.081] [Server thread/WARN] [net.minecraftforge.common.ForgeConfigSpec/CORE]: Incorrect key server.netheriteBackpack was corrected from null to its default, SimpleCommentedConfig:{}. 
[04Feb2026 02:23:27.081] [Server thread/WARN] [net.minecraftforge.common.ForgeConfigSpec/CORE]: Incorrect key server.netheriteBackpack.inventorySlotCount was corrected from null to its default, 120. 
[04Feb2026 02:23:27.082] [Server thread/WARN] [net.minecraftforge.common.ForgeConfigSpec/CORE]: Incorrect key server.netheriteBackpack.upgradeSlotCount was corrected from null to its default, 7. 
[04Feb2026 02:23:27.082] [Server thread/WARN] [net.minecraftforge.common.ForgeConfigSpec/CORE]: Incorrect key server.compactingUpgrade was corrected from null to its default, SimpleCommentedConfig:{}. 
[04Feb2026 02:23:27.082] [Server thread/WARN] [net.minecraftforge.common.ForgeConfigSpec/CORE]: Incorrect key server.compactingUpgrade.filterSlots was corrected from null to its default, 9. 
[04Feb2026 02:23:27.083] [Server thread/WARN] [net.minecraftforge.common.ForgeConfigSpec/CORE]: Incorrect key server.compactingUpgrade.slotsInRow was corrected from null to its default, 3. 
[04Feb2026 02:23:27.083] [Server thread/WARN] [net.minecraftforge.common.ForgeConfigSpec/CORE]: Incorrect key server.advancedCompactingUpgrade was corrected from null to its default, SimpleCommentedConfig:{}. 
[04Feb2026 02:23:27.083] [Server thread/WARN] [net.minecraftforge.common.ForgeConfigSpec/CORE]: Incorrect key server.advancedCompactingUpgrade.filterSlots was corrected from null to its default, 16. 
[04Feb2026 02:23:27.083] [Server thread/WARN] [net.minecraftforge.common.ForgeConfigSpec/CORE]: Incorrect key server.advancedCompactingUpgrade.slotsInRow was corrected from null to its default, 4. 
[04Feb2026 02:23:27.084] [Server thread/WARN] [net.minecraftforge.common.ForgeConfigSpec/CORE]: Incorrect key server.depositUpgrade was corrected from null to its default, SimpleCommentedConfig:{}. 
[04Feb2026 02:23:27.084] [Server thread/WARN] [net.minecraftforge.common.ForgeConfigSpec/CORE]: Incorrect key server.depositUpgrade.filterSlots was corrected from null to its default, 9. 
[04Feb2026 02:23:27.084] [Server thread/WARN] [net.minecraftforge.common.ForgeConfigSpec/CORE]: Incorrect key server.depositUpgrade.slotsInRow was corrected from null to its default, 3. 
[04Feb2026 02:23:27.085] [Server thread/WARN] [net.minecraftforge.common.ForgeConfigSpec/CORE]: Incorrect key server.advancedDepositUpgrade was corrected from null to its default, SimpleCommentedConfig:{}. 
[04Feb2026 02:23:27.085] [Server thread/WARN] [net.minecraftforge.common.ForgeConfigSpec/CORE]: Incorrect key server.advancedDepositUpgrade.filterSlots was corrected from null to its default, 16. 
[04Feb2026 02:23:27.085] [Server thread/WARN] [net.minecraftforge.common.ForgeConfigSpec/CORE]: Incorrect key server.advancedDepositUpgrade.slotsInRow was corrected from null to its default, 4. 
[04Feb2026 02:23:27.086] [Server thread/WARN] [net.minecraftforge.common.ForgeConfigSpec/CORE]: Incorrect key server.feedingUpgrade was corrected from null to its default, SimpleCommentedConfig:{}. 
[04Feb2026 02:23:27.086] [Server thread/WARN] [net.minecraftforge.common.ForgeConfigSpec/CORE]: Incorrect key server.feedingUpgrade.filterSlots was corrected from null to its default, 9. 
[04Feb2026 02:23:27.086] [Server thread/WARN] [net.minecraftforge.common.ForgeConfigSpec/CORE]: Incorrect key server.feedingUpgrade.slotsInRow was corrected from null to its default, 3. 
[04Feb2026 02:23:27.086] [Server thread/WARN] [net.minecraftforge.common.ForgeConfigSpec/CORE]: Incorrect key server.advancedFeedingUpgrade was corrected from null to its default, SimpleCommentedConfig:{}. 
[04Feb2026 02:23:27.086] [Server thread/WARN] [net.minecraftforge.common.ForgeConfigSpec/CORE]: Incorrect key server.advancedFeedingUpgrade.filterSlots was corrected from null to its default, 16. 
[04Feb2026 02:23:27.087] [Server thread/WARN] [net.minecraftforge.common.ForgeConfigSpec/CORE]: Incorrect key server.advancedFeedingUpgrade.slotsInRow was corrected from null to its default, 4. 
[04Feb2026 02:23:27.087] [Server thread/WARN] [net.minecraftforge.common.ForgeConfigSpec/CORE]: Incorrect key server.filterUpgrade was corrected from null to its default, SimpleCommentedConfig:{}. 
[04Feb2026 02:23:27.087] [Server thread/WARN] [net.minecraftforge.common.ForgeConfigSpec/CORE]: Incorrect key server.filterUpgrade.filterSlots was corrected from null to its default, 9. 
[04Feb2026 02:23:27.088] [Server thread/WARN] [net.minecraftforge.common.ForgeConfigSpec/CORE]: Incorrect key server.filterUpgrade.slotsInRow was corrected from null to its default, 3. 
[04Feb2026 02:23:27.088] [Server thread/WARN] [net.minecraftforge.common.ForgeConfigSpec/CORE]: Incorrect key server.advancedFilterUpgrade was corrected from null to its default, SimpleCommentedConfig:{}. 
[04Feb2026 02:23:27.088] [Server thread/WARN] [net.minecraftforge.common.ForgeConfigSpec/CORE]: Incorrect key server.advancedFilterUpgrade.filterSlots was corrected from null to its default, 16. 
[04Feb2026 02:23:27.088] [Server thread/WARN] [net.minecraftforge.common.ForgeConfigSpec/CORE]: Incorrect key server.advancedFilterUpgrade.slotsInRow was corrected from null to its default, 4. 
[04Feb2026 02:23:27.089] [Server thread/WARN] [net.minecraftforge.common.ForgeConfigSpec/CORE]: Incorrect key server.magnetUpgrade was corrected from null to its default, SimpleCommentedConfig:{}. 
[04Feb2026 02:23:27.089] [Server thread/WARN] [net.minecraftforge.common.ForgeConfigSpec/CORE]: Incorrect key server.magnetUpgrade.filterSlots was corrected from null to its default, 9. 
[04Feb2026 02:23:27.089] [Server thread/WARN] [net.minecraftforge.common.ForgeConfigSpec/CORE]: Incorrect key server.magnetUpgrade.slotsInRow was corrected from null to its default, 3. 
[04Feb2026 02:23:27.089] [Server thread/WARN] [net.minecraftforge.common.ForgeConfigSpec/CORE]: Incorrect key server.magnetUpgrade.magnetRange was corrected from null to its default, 3. 
[04Feb2026 02:23:27.090] [Server thread/WARN] [net.minecraftforge.common.ForgeConfigSpec/CORE]: Incorrect key server.advancedMagnetUpgrade was corrected from null to its default, SimpleCommentedConfig:{}. 
[04Feb2026 02:23:27.090] [Server thread/WARN] [net.minecraftforge.common.ForgeConfigSpec/CORE]: Incorrect key server.advancedMagnetUpgrade.filterSlots was corrected from null to its default, 16. 
[04Feb2026 02:23:27.090] [Server thread/WARN] [net.minecraftforge.common.ForgeConfigSpec/CORE]: Incorrect key server.advancedMagnetUpgrade.slotsInRow was corrected from null to its default, 4. 
[04Feb2026 02:23:27.091] [Server thread/WARN] [net.minecraftforge.common.ForgeConfigSpec/CORE]: Incorrect key server.advancedMagnetUpgrade.magnetRange was corrected from null to its default, 5. 
[04Feb2026 02:23:27.091] [Server thread/WARN] [net.minecraftforge.common.ForgeConfigSpec/CORE]: Incorrect key server.pickupUpgrade was corrected from null to its default, SimpleCommentedConfig:{}. 
[04Feb2026 02:23:27.091] [Server thread/WARN] [net.minecraftforge.common.ForgeConfigSpec/CORE]: Incorrect key server.pickupUpgrade.filterSlots was corrected from null to its default, 9. 
[04Feb2026 02:23:27.091] [Server thread/WARN] [net.minecraftforge.common.ForgeConfigSpec/CORE]: Incorrect key server.pickupUpgrade.slotsInRow was corrected from null to its default, 3. 
[04Feb2026 02:23:27.092] [Server thread/WARN] [net.minecraftforge.common.ForgeConfigSpec/CORE]: Incorrect key server.advancedPickupUpgrade was corrected from null to its default, SimpleCommentedConfig:{}. 
[04Feb2026 02:23:27.092] [Server thread/WARN] [net.minecraftforge.common.ForgeConfigSpec/CORE]: Incorrect key server.advancedPickupUpgrade.filterSlots was corrected from null to its default, 16. 
[04Feb2026 02:23:27.092] [Server thread/WARN] [net.minecraftforge.common.ForgeConfigSpec/CORE]: Incorrect key server.advancedPickupUpgrade.slotsInRow was corrected from null to its default, 4. 
[04Feb2026 02:23:27.092] [Server thread/WARN] [net.minecraftforge.common.ForgeConfigSpec/CORE]: Incorrect key server.refillUpgrade was corrected from null to its default, SimpleCommentedConfig:{}. 
[04Feb2026 02:23:27.093] [Server thread/WARN] [net.minecraftforge.common.ForgeConfigSpec/CORE]: Incorrect key server.refillUpgrade.filterSlots was corrected from null to its default, 6. 
[04Feb2026 02:23:27.093] [Server thread/WARN] [net.minecraftforge.common.ForgeConfigSpec/CORE]: Incorrect key server.refillUpgrade.slotsInRow was corrected from null to its default, 3. 
[04Feb2026 02:23:27.093] [Server thread/WARN] [net.minecraftforge.common.ForgeConfigSpec/CORE]: Incorrect key server.advancedRefillUpgrade was corrected from null to its default, SimpleCommentedConfig:{}. 
[04Feb2026 02:23:27.093] [Server thread/WARN] [net.minecraftforge.common.ForgeConfigSpec/CORE]: Incorrect key server.advancedRefillUpgrade.filterSlots was corrected from null to its default, 12. 
[04Feb2026 02:23:27.094] [Server thread/WARN] [net.minecraftforge.common.ForgeConfigSpec/CORE]: Incorrect key server.advancedRefillUpgrade.slotsInRow was corrected from null to its default, 4. 
[04Feb2026 02:23:27.094] [Server thread/WARN] [net.minecraftforge.common.ForgeConfigSpec/CORE]: Incorrect key server.restockUpgrade was corrected from null to its default, SimpleCommentedConfig:{}. 
[04Feb2026 02:23:27.094] [Server thread/WARN] [net.minecraftforge.common.ForgeConfigSpec/CORE]: Incorrect key server.restockUpgrade.filterSlots was corrected from null to its default, 9. 
[04Feb2026 02:23:27.094] [Server thread/WARN] [net.minecraftforge.common.ForgeConfigSpec/CORE]: Incorrect key server.restockUpgrade.slotsInRow was corrected from null to its default, 3. 
[04Feb2026 02:23:27.095] [Server thread/WARN] [net.minecraftforge.common.ForgeConfigSpec/CORE]: Incorrect key server.advancedRestockUpgrade was corrected from null to its default, SimpleCommentedConfig:{}. 
[04Feb2026 02:23:27.095] [Server thread/WARN] [net.minecraftforge.common.ForgeConfigSpec/CORE]: Incorrect key server.advancedRestockUpgrade.filterSlots was corrected from null to its default, 16. 
[04Feb2026 02:23:27.095] [Server thread/WARN] [net.minecraftforge.common.ForgeConfigSpec/CORE]: Incorrect key server.advancedRestockUpgrade.slotsInRow was corrected from null to its default, 4. 
[04Feb2026 02:23:27.095] [Server thread/WARN] [net.minecraftforge.common.ForgeConfigSpec/CORE]: Incorrect key server.voidUpgrade was corrected from null to its default, SimpleCommentedConfig:{}. 
[04Feb2026 02:23:27.096] [Server thread/WARN] [net.minecraftforge.common.ForgeConfigSpec/CORE]: Incorrect key server.voidUpgrade.filterSlots was corrected from null to its default, 9. 
[04Feb2026 02:23:27.096] [Server thread/WARN] [net.minecraftforge.common.ForgeConfigSpec/CORE]: Incorrect key server.voidUpgrade.slotsInRow was corrected from null to its default, 3. 
[04Feb2026 02:23:27.096] [Server thread/WARN] [net.minecraftforge.common.ForgeConfigSpec/CORE]: Incorrect key server.voidUpgrade.voidAlwaysEnabled was corrected from null to its default, true. 
[04Feb2026 02:23:27.096] [Server thread/WARN] [net.minecraftforge.common.ForgeConfigSpec/CORE]: Incorrect key server.advancedVoidUpgrade was corrected from null to its default, SimpleCommentedConfig:{}. 
[04Feb2026 02:23:27.097] [Server thread/WARN] [net.minecraftforge.common.ForgeConfigSpec/CORE]: Incorrect key server.advancedVoidUpgrade.filterSlots was corrected from null to its default, 16. 
[04Feb2026 02:23:27.097] [Server thread/WARN] [net.minecraftforge.common.ForgeConfigSpec/CORE]: Incorrect key server.advancedVoidUpgrade.slotsInRow was corrected from null to its default, 4. 
[04Feb2026 02:23:27.097] [Server thread/WARN] [net.minecraftforge.common.ForgeConfigSpec/CORE]: Incorrect key server.advancedVoidUpgrade.voidAlwaysEnabled was corrected from null to its default, true. 
[04Feb2026 02:23:27.097] [Server thread/WARN] [net.minecraftforge.common.ForgeConfigSpec/CORE]: Incorrect key server.stackUpgrade was corrected from null to its default, SimpleCommentedConfig:{}. 
[04Feb2026 02:23:27.098] [Server thread/WARN] [net.minecraftforge.common.ForgeConfigSpec/CORE]: Incorrect key server.stackUpgrade.nonStackableItems was corrected from null to its default, [minecraft:bundle, minecraft:shulker_box, minecraft:white_shulker_box, minecraft:orange_shulker_box, minecraft:magenta_shulker_box, minecraft:light_blue_shulker_box, minecraft:yellow_shulker_box, minecraft:lime_shulker_box, minecraft:pink_shulker_box, minecraft:gray_shulker_box, minecraft:light_gray_shulker_box, minecraft:cyan_shulker_box, minecraft:purple_shulker_box, minecraft:blue_shulker_box, minecraft:brown_shulker_box, minecraft:green_shulker_box, minecraft:red_shulker_box, minecraft:black_shulker_box]. 
[04Feb2026 02:23:27.098] [Server thread/WARN] [net.minecraftforge.common.ForgeConfigSpec/CORE]: Incorrect key server.smeltingUpgrade was corrected from null to its default, SimpleCommentedConfig:{}. 
[04Feb2026 02:23:27.098] [Server thread/WARN] [net.minecraftforge.common.ForgeConfigSpec/CORE]: Incorrect key server.smeltingUpgrade.smeltingSpeedMultiplier was corrected from null to its default, 1.0. 
[04Feb2026 02:23:27.098] [Server thread/WARN] [net.minecraftforge.common.ForgeConfigSpec/CORE]: Incorrect key server.smeltingUpgrade.fuelEfficiencyMultiplier was corrected from null to its default, 1.0. 
[04Feb2026 02:23:27.099] [Server thread/WARN] [net.minecraftforge.common.ForgeConfigSpec/CORE]: Incorrect key server.smokingUpgrade was corrected from null to its default, SimpleCommentedConfig:{}. 
[04Feb2026 02:23:27.099] [Server thread/WARN] [net.minecraftforge.common.ForgeConfigSpec/CORE]: Incorrect key server.smokingUpgrade.smeltingSpeedMultiplier was corrected from null to its default, 1.0. 
[04Feb2026 02:23:27.099] [Server thread/WARN] [net.minecraftforge.common.ForgeConfigSpec/CORE]: Incorrect key server.smokingUpgrade.fuelEfficiencyMultiplier was corrected from null to its default, 1.0. 
[04Feb2026 02:23:27.099] [Server thread/WARN] [net.minecraftforge.common.ForgeConfigSpec/CORE]: Incorrect key server.blastingUpgrade was corrected from null to its default, SimpleCommentedConfig:{}. 
[04Feb2026 02:23:27.100] [Server thread/WARN] [net.minecraftforge.common.ForgeConfigSpec/CORE]: Incorrect key server.blastingUpgrade.smeltingSpeedMultiplier was corrected from null to its default, 1.0. 
[04Feb2026 02:23:27.100] [Server thread/WARN] [net.minecraftforge.common.ForgeConfigSpec/CORE]: Incorrect key server.blastingUpgrade.fuelEfficiencyMultiplier was corrected from null to its default, 1.0. 
[04Feb2026 02:23:27.100] [Server thread/WARN] [net.minecraftforge.common.ForgeConfigSpec/CORE]: Incorrect key server.autoSmeltingUpgrade was corrected from null to its default, SimpleCommentedConfig:{}. 
[04Feb2026 02:23:27.100] [Server thread/WARN] [net.minecraftforge.common.ForgeConfigSpec/CORE]: Incorrect key server.autoSmeltingUpgrade.smeltingSpeedMultiplier was corrected from null to its default, 1.0. 
[04Feb2026 02:23:27.101] [Server thread/WARN] [net.minecraftforge.common.ForgeConfigSpec/CORE]: Incorrect key server.autoSmeltingUpgrade.fuelEfficiencyMultiplier was corrected from null to its default, 1.0. 
[04Feb2026 02:23:27.101] [Server thread/WARN] [net.minecraftforge.common.ForgeConfigSpec/CORE]: Incorrect key server.autoSmeltingUpgrade.inputFilterSlots was corrected from null to its default, 8. 
[04Feb2026 02:23:27.101] [Server thread/WARN] [net.minecraftforge.common.ForgeConfigSpec/CORE]: Incorrect key server.autoSmeltingUpgrade.inputFilterSlotsInRow was corrected from null to its default, 4. 
[04Feb2026 02:23:27.101] [Server thread/WARN] [net.minecraftforge.common.ForgeConfigSpec/CORE]: Incorrect key server.autoSmeltingUpgrade.fuelFilterSlots was corrected from null to its default, 4. 
[04Feb2026 02:23:27.102] [Server thread/WARN] [net.minecraftforge.common.ForgeConfigSpec/CORE]: Incorrect key server.autoSmeltingUpgrade.fuelFilterSlotsInRow was corrected from null to its default, 4. 
[04Feb2026 02:23:27.102] [Server thread/WARN] [net.minecraftforge.common.ForgeConfigSpec/CORE]: Incorrect key server.autoSmokingUpgrade was corrected from null to its default, SimpleCommentedConfig:{}. 
[04Feb2026 02:23:27.102] [Server thread/WARN] [net.minecraftforge.common.ForgeConfigSpec/CORE]: Incorrect key server.autoSmokingUpgrade.smeltingSpeedMultiplier was corrected from null to its default, 1.0. 
[04Feb2026 02:23:27.102] [Server thread/WARN] [net.minecraftforge.common.ForgeConfigSpec/CORE]: Incorrect key server.autoSmokingUpgrade.fuelEfficiencyMultiplier was corrected from null to its default, 1.0. 
[04Feb2026 02:23:27.103] [Server thread/WARN] [net.minecraftforge.common.ForgeConfigSpec/CORE]: Incorrect key server.autoSmokingUpgrade.inputFilterSlots was corrected from null to its default, 8. 
[04Feb2026 02:23:27.103] [Server thread/WARN] [net.minecraftforge.common.ForgeConfigSpec/CORE]: Incorrect key server.autoSmokingUpgrade.inputFilterSlotsInRow was corrected from null to its default, 4. 
[04Feb2026 02:23:27.103] [Server thread/WARN] [net.minecraftforge.common.ForgeConfigSpec/CORE]: Incorrect key server.autoSmokingUpgrade.fuelFilterSlots was corrected from null to its default, 4. 
[04Feb2026 02:23:27.106] [Server thread/WARN] [net.minecraftforge.common.ForgeConfigSpec/CORE]: Incorrect key server.autoSmokingUpgrade.fuelFilterSlotsInRow was corrected from null to its default, 4. 
[04Feb2026 02:23:27.107] [Server thread/WARN] [net.minecraftforge.common.ForgeConfigSpec/CORE]: Incorrect key server.autoBlastingUpgrade was corrected from null to its default, SimpleCommentedConfig:{}. 
[04Feb2026 02:23:27.107] [Server thread/WARN] [net.minecraftforge.common.ForgeConfigSpec/CORE]: Incorrect key server.autoBlastingUpgrade.smeltingSpeedMultiplier was corrected from null to its default, 1.0. 
[04Feb2026 02:23:27.107] [Server thread/WARN] [net.minecraftforge.common.ForgeConfigSpec/CORE]: Incorrect key server.autoBlastingUpgrade.fuelEfficiencyMultiplier was corrected from null to its default, 1.0. 
[04Feb2026 02:23:27.107] [Server thread/WARN] [net.minecraftforge.common.ForgeConfigSpec/CORE]: Incorrect key server.autoBlastingUpgrade.inputFilterSlots was corrected from null to its default, 8. 
[04Feb2026 02:23:27.108] [Server thread/WARN] [net.minecraftforge.common.ForgeConfigSpec/CORE]: Incorrect key server.autoBlastingUpgrade.inputFilterSlotsInRow was corrected from null to its default, 4. 
[04Feb2026 02:23:27.108] [Server thread/WARN] [net.minecraftforge.common.ForgeConfigSpec/CORE]: Incorrect key server.autoBlastingUpgrade.fuelFilterSlots was corrected from null to its default, 4. 
[04Feb2026 02:23:27.108] [Server thread/WARN] [net.minecraftforge.common.ForgeConfigSpec/CORE]: Incorrect key server.autoBlastingUpgrade.fuelFilterSlotsInRow was corrected from null to its default, 4. 
[04Feb2026 02:23:27.108] [Server thread/WARN] [net.minecraftforge.common.ForgeConfigSpec/CORE]: Incorrect key server.inceptionUpgrade was corrected from null to its default, SimpleCommentedConfig:{}. 
[04Feb2026 02:23:27.109] [Server thread/WARN] [net.minecraftforge.common.ForgeConfigSpec/CORE]: Incorrect key server.inceptionUpgrade.upgradesUseInventoriesOfBackpacksInBackpack was corrected from null to its default, true. 
[04Feb2026 02:23:27.109] [Server thread/WARN] [net.minecraftforge.common.ForgeConfigSpec/CORE]: Incorrect key server.inceptionUpgrade.upgradesInContainedBackpacksAreFunctional was corrected from null to its default, true. 
[04Feb2026 02:23:27.110] [Server thread/WARN] [net.minecraftforge.common.ForgeConfigSpec/CORE]: Incorrect key server.toolSwapperUpgrade was corrected from null to its default, SimpleCommentedConfig:{}. 
[04Feb2026 02:23:27.110] [Server thread/WARN] [net.minecraftforge.common.ForgeConfigSpec/CORE]: Incorrect key server.toolSwapperUpgrade.filterSlots was corrected from null to its default, 8. 
[04Feb2026 02:23:27.111] [Server thread/WARN] [net.minecraftforge.common.ForgeConfigSpec/CORE]: Incorrect key server.toolSwapperUpgrade.slotsInRow was corrected from null to its default, 4. 
[04Feb2026 02:23:27.111] [Server thread/WARN] [net.minecraftforge.common.ForgeConfigSpec/CORE]: Incorrect key server.tankUpgrade was corrected from null to its default, SimpleCommentedConfig:{}. 
[04Feb2026 02:23:27.112] [Server thread/WARN] [net.minecraftforge.common.ForgeConfigSpec/CORE]: Incorrect key server.tankUpgrade.capacityPerSlotRow was corrected from null to its default, 4000. 
[04Feb2026 02:23:27.113] [Server thread/WARN] [net.minecraftforge.common.ForgeConfigSpec/CORE]: Incorrect key server.tankUpgrade.stackMultiplierRatio was corrected from null to its default, 1.0. 
[04Feb2026 02:23:27.113] [Server thread/WARN] [net.minecraftforge.common.ForgeConfigSpec/CORE]: Incorrect key server.tankUpgrade.autoFillDrainContainerCooldown was corrected from null to its default, 20. 
[04Feb2026 02:23:27.113] [Server thread/WARN] [net.minecraftforge.common.ForgeConfigSpec/CORE]: Incorrect key server.tankUpgrade.maxInputOutput was corrected from null to its default, 20. 
[04Feb2026 02:23:27.114] [Server thread/WARN] [net.minecraftforge.common.ForgeConfigSpec/CORE]: Incorrect key server.tankUpgrade.energyPerSlotRow was corrected from null to its default, 10000. 
[04Feb2026 02:23:27.114] [Server thread/WARN] [net.minecraftforge.common.ForgeConfigSpec/CORE]: Incorrect key server.pumpUpgrade was corrected from null to its default, SimpleCommentedConfig:{}. 
[04Feb2026 02:23:27.114] [Server thread/WARN] [net.minecraftforge.common.ForgeConfigSpec/CORE]: Incorrect key server.pumpUpgrade.filterSlots was corrected from null to its default, 4. 
[04Feb2026 02:23:27.116] [Server thread/WARN] [net.minecraftforge.common.ForgeConfigSpec/CORE]: Incorrect key server.pumpUpgrade.maxInputOutput was corrected from null to its default, 20. 
[04Feb2026 02:23:27.117] [Server thread/WARN] [net.minecraftforge.common.ForgeConfigSpec/CORE]: Incorrect key server.pumpUpgrade.stackMultiplierRatio was corrected from null to its default, 1.0. 
[04Feb2026 02:23:27.117] [Server thread/WARN] [net.minecraftforge.common.ForgeConfigSpec/CORE]: Incorrect key server.xpPumpUpgrade was corrected from null to its default, SimpleCommentedConfig:{}. 
[04Feb2026 02:23:27.118] [Server thread/WARN] [net.minecraftforge.common.ForgeConfigSpec/CORE]: Incorrect key server.xpPumpUpgrade.mendingOn was corrected from null to its default, true. 
[04Feb2026 02:23:27.118] [Server thread/WARN] [net.minecraftforge.common.ForgeConfigSpec/CORE]: Incorrect key server.xpPumpUpgrade.maxXpPointsPerMending was corrected from null to its default, 5. 
[04Feb2026 02:23:27.118] [Server thread/WARN] [net.minecraftforge.common.ForgeConfigSpec/CORE]: Incorrect key server.advancedJukeboxUpgrade was corrected from null to its default, SimpleCommentedConfig:{}. 
[04Feb2026 02:23:27.119] [Server thread/WARN] [net.minecraftforge.common.ForgeConfigSpec/CORE]: Incorrect key server.advancedJukeboxUpgrade.numberOfSlots was corrected from null to its default, 12. 
[04Feb2026 02:23:27.119] [Server thread/WARN] [net.minecraftforge.common.ForgeConfigSpec/CORE]: Incorrect key server.advancedJukeboxUpgrade.slotsInRow was corrected from null to its default, 4. 
[04Feb2026 02:23:27.119] [Server thread/WARN] [net.minecraftforge.common.ForgeConfigSpec/CORE]: Incorrect key server.alchemyUpgrade was corrected from null to its default, SimpleCommentedConfig:{}. 
[04Feb2026 02:23:27.119] [Server thread/WARN] [net.minecraftforge.common.ForgeConfigSpec/CORE]: Incorrect key server.alchemyUpgrade.filterSlots was corrected from null to its default, 4. 
[04Feb2026 02:23:27.119] [Server thread/WARN] [net.minecraftforge.common.ForgeConfigSpec/CORE]: Incorrect key server.advancedAlchemyUpgrade was corrected from null to its default, SimpleCommentedConfig:{}. 
[04Feb2026 02:23:27.120] [Server thread/WARN] [net.minecraftforge.common.ForgeConfigSpec/CORE]: Incorrect key server.advancedAlchemyUpgrade.filterSlots was corrected from null to its default, 8. 
[04Feb2026 02:23:27.120] [Server thread/WARN] [net.minecraftforge.common.ForgeConfigSpec/CORE]: Incorrect key server.entityBackpackAdditions was corrected from null to its default, SimpleCommentedConfig:{}. 
[04Feb2026 02:23:27.120] [Server thread/WARN] [net.minecraftforge.common.ForgeConfigSpec/CORE]: Incorrect key server.entityBackpackAdditions.chance was corrected from null to its default, 0.01. 
[04Feb2026 02:23:27.122] [Server thread/WARN] [net.minecraftforge.common.ForgeConfigSpec/CORE]: Incorrect key server.entityBackpackAdditions.addLoot was corrected from null to its default, true. 
[04Feb2026 02:23:27.122] [Server thread/WARN] [net.minecraftforge.common.ForgeConfigSpec/CORE]: Incorrect key server.entityBackpackAdditions.buffWithPotionEffects was corrected from null to its default, true. 
[04Feb2026 02:23:27.123] [Server thread/WARN] [net.minecraftforge.common.ForgeConfigSpec/CORE]: Incorrect key server.entityBackpackAdditions.buffHealth was corrected from null to its default, true. 
[04Feb2026 02:23:27.123] [Server thread/WARN] [net.minecraftforge.common.ForgeConfigSpec/CORE]: Incorrect key server.entityBackpackAdditions.equipWithArmor was corrected from null to its default, true. 
[04Feb2026 02:23:27.125] [Server thread/WARN] [net.minecraftforge.common.ForgeConfigSpec/CORE]: Incorrect key server.entityBackpackAdditions.entityLootTableList was corrected from null to its default, [minecraft:creeper|minecraft:chests/desert_pyramid, minecraft:drowned|minecraft:chests/shipwreck_treasure, minecraft:enderman|minecraft:chests/end_city_treasure, minecraft:evoker|minecraft:chests/woodland_mansion, minecraft:husk|minecraft:chests/desert_pyramid, minecraft:piglin|minecraft:chests/bastion_bridge, minecraft:piglin_brute|minecraft:chests/bastion_treasure, minecraft:pillager|minecraft:chests/pillager_outpost, minecraft:skeleton|minecraft:chests/simple_dungeon, minecraft:stray|minecraft:chests/igloo_chest, minecraft:vex|minecraft:chests/woodland_mansion, minecraft:vindicator|minecraft:chests/woodland_mansion, minecraft:witch|minecraft:chests/buried_treasure, minecraft:wither_skeleton|minecraft:chests/nether_bridge, minecraft:zombie|minecraft:chests/simple_dungeon, minecraft:zombie_villager|minecraft:chests/village/village_armorer, minecraft:zombified_piglin|minecraft:chests/bastion_other]. 
[04Feb2026 02:23:27.126] [Server thread/WARN] [net.minecraftforge.common.ForgeConfigSpec/CORE]: Incorrect key server.entityBackpackAdditions.discBlockList was corrected from null to its default, [botania:record_gaia_1, botania:record_gaia_2]. 
[04Feb2026 02:23:27.127] [Server thread/WARN] [net.minecraftforge.common.ForgeConfigSpec/CORE]: Incorrect key server.entityBackpackAdditions.playJukebox was corrected from null to its default, true. 
[04Feb2026 02:23:27.127] [Server thread/WARN] [net.minecraftforge.common.ForgeConfigSpec/CORE]: Incorrect key server.entityBackpackAdditions.dropToFakePlayers was corrected from null to its default, false. 
[04Feb2026 02:23:27.127] [Server thread/WARN] [net.minecraftforge.common.ForgeConfigSpec/CORE]: Incorrect key server.entityBackpackAdditions.backpackDropChance was corrected from null to its default, 0.5. 
[04Feb2026 02:23:27.127] [Server thread/WARN] [net.minecraftforge.common.ForgeConfigSpec/CORE]: Incorrect key server.entityBackpackAdditions.lootingChanceIncreasePerLevel was corrected from null to its default, 0.15. 
[04Feb2026 02:23:27.128] [Server thread/WARN] [net.minecraftforge.common.ForgeConfigSpec/CORE]: Incorrect key server.entityBackpackAdditions.leatherWeight was corrected from null to its default, 625. 
[04Feb2026 02:23:27.128] [Server thread/WARN] [net.minecraftforge.common.ForgeConfigSpec/CORE]: Incorrect key server.entityBackpackAdditions.copperWeight was corrected from null to its default, 250. 
[04Feb2026 02:23:27.128] [Server thread/WARN] [net.minecraftforge.common.ForgeConfigSpec/CORE]: Incorrect key server.entityBackpackAdditions.ironWeight was corrected from null to its default, 125. 
[04Feb2026 02:23:27.128] [Server thread/WARN] [net.minecraftforge.common.ForgeConfigSpec/CORE]: Incorrect key server.entityBackpackAdditions.goldWeight was corrected from null to its default, 25. 
[04Feb2026 02:23:27.128] [Server thread/WARN] [net.minecraftforge.common.ForgeConfigSpec/CORE]: Incorrect key server.entityBackpackAdditions.diamondWeight was corrected from null to its default, 5. 
[04Feb2026 02:23:27.129] [Server thread/WARN] [net.minecraftforge.common.ForgeConfigSpec/CORE]: Incorrect key server.entityBackpackAdditions.netheriteWeight was corrected from null to its default, 1. 
[04Feb2026 02:23:27.129] [Server thread/WARN] [net.minecraftforge.common.ForgeConfigSpec/CORE]: Incorrect key server.entityBackpackAdditions.minBackpackTierMidDifficulty was corrected from null to its default, 1. 
[04Feb2026 02:23:27.129] [Server thread/WARN] [net.minecraftforge.common.ForgeConfigSpec/CORE]: Incorrect key server.entityBackpackAdditions.minBackpackTierHighDifficulty was corrected from null to its default, 2. 
[04Feb2026 02:23:27.143] [Server thread/WARN] [net.minecraftforge.common.ForgeConfigSpec/CORE]: Incorrect key server.entityBackpackAdditions.localDifficultyEffectsBackpackSpawns was corrected from null to its default, true. 
[04Feb2026 02:23:27.144] [Server thread/WARN] [net.minecraftforge.common.ForgeConfigSpec/CORE]: Incorrect key server.nerfs was corrected from null to its default, SimpleCommentedConfig:{}. 
[04Feb2026 02:23:27.144] [Server thread/WARN] [net.minecraftforge.common.ForgeConfigSpec/CORE]: Incorrect key server.nerfs.tooManyBackpacksSlowness was corrected from null to its default, false. 
[04Feb2026 02:23:27.144] [Server thread/WARN] [net.minecraftforge.common.ForgeConfigSpec/CORE]: Incorrect key server.nerfs.maxNumberOfBackpacks was corrected from null to its default, 3. 
[04Feb2026 02:23:27.145] [Server thread/WARN] [net.minecraftforge.common.ForgeConfigSpec/CORE]: Incorrect key server.nerfs.slownessLevelsPerAdditionalBackpack was corrected from null to its default, 1.0. 
[04Feb2026 02:23:27.145] [Server thread/WARN] [net.minecraftforge.common.ForgeConfigSpec/CORE]: Incorrect key server.nerfs.onlyWornBackpackTriggersUpgrades was corrected from null to its default, false. 
[04Feb2026 02:23:27.147] [Server thread/WARN] [net.minecraftforge.common.ForgeConfigSpec/CORE]: Incorrect key server.nerfs.nerfEffect was corrected from null to its default, minecraft:slowness. 
[04Feb2026 02:23:27.147] [Server thread/WARN] [net.minecraftforge.common.ForgeConfigSpec/CORE]: Incorrect key server.maxUpgradesPerStorage was corrected from null to its default, [jukebox_upgrades|1, stack_upgrades|3, furnace_upgrades|1]. 
[04Feb2026 02:23:27.147] [Server thread/WARN] [net.minecraftforge.common.ForgeConfigSpec/CORE]: Incorrect key server.itemFluidHandlerEnabled was corrected from null to its default, true. 
[04Feb2026 02:23:27.147] [Server thread/WARN] [net.minecraftforge.common.ForgeConfigSpec/CORE]: Incorrect key server.allowOpeningOtherPlayerBackpacks was corrected from null to its default, true. 
[04Feb2026 02:23:27.147] [Server thread/WARN] [net.minecraftforge.common.ForgeConfigSpec/CORE]: Incorrect key server.itemDisplayDisabled was corrected from null to its default, false. 
[04Feb2026 02:23:27.148] [Server thread/WARN] [net.minecraftforge.common.ForgeConfigSpec/CORE]: Incorrect key server.tickDedupeLogicDisabled was corrected from null to its default, false. 
[04Feb2026 02:23:27.148] [Server thread/WARN] [net.minecraftforge.common.ForgeConfigSpec/CORE]: Incorrect key server.canBePlacedInContainerItems was corrected from null to its default, false. 
[04Feb2026 02:23:27.155] [Server thread/WARN] [net.minecraftforge.common.ForgeConfigSpec/CORE]: Configuration file ./world/serverconfig/mutantszombies-server.toml is not correct. Correcting
[04Feb2026 02:23:27.156] [Server thread/WARN] [net.minecraftforge.common.ForgeConfigSpec/CORE]: Incorrect key blisterZombiesSpawnNaturally was corrected from null to its default, true. 
[04Feb2026 02:23:27.157] [Server thread/WARN] [net.minecraftforge.common.ForgeConfigSpec/CORE]: Incorrect key crawlersSpawnNaturally was corrected from null to its default, true. 
[04Feb2026 02:23:27.159] [Server thread/WARN] [net.minecraftforge.common.ForgeConfigSpec/CORE]: Incorrect key spitterZombiesSpawnNaturally was corrected from null to its default, true. 
[04Feb2026 02:23:27.162] [Server thread/WARN] [net.minecraftforge.common.ForgeConfigSpec/CORE]: Incorrect key zombieBrutesSpawnNaturally was corrected from null to its default, true. 
[04Feb2026 02:23:27.164] [Server thread/WARN] [net.minecraftforge.common.ForgeConfigSpec/CORE]: Incorrect key splitHeadZombieSpawnNaturally was corrected from null to its default, true. 
[04Feb2026 02:23:27.166] [Server thread/WARN] [net.minecraftforge.common.ForgeConfigSpec/CORE]: Incorrect key mutantBrutesSpawnNaturally was corrected from null to its default, true. 
[04Feb2026 02:23:27.167] [Server thread/WARN] [net.minecraftforge.common.ForgeConfigSpec/CORE]: Incorrect key rottenMutantSpawnNaturally was corrected from null to its default, true. 
[04Feb2026 02:23:27.168] [Server thread/WARN] [net.minecraftforge.common.ForgeConfigSpec/CORE]: Incorrect key spittersBreakLogsAndLeavesAroundThem was corrected from null to its default, false. 
[04Feb2026 02:23:27.168] [Server thread/WARN] [net.minecraftforge.common.ForgeConfigSpec/CORE]: Incorrect key zombieBrutesBreakLogsAndLeavesAroundThem was corrected from null to its default, false. 
[04Feb2026 02:23:27.170] [Server thread/WARN] [net.minecraftforge.common.ForgeConfigSpec/CORE]: Incorrect key mutantBrutesBreakLogsAndLeavesAroundThem was corrected from null to its default, false. 
[04Feb2026 02:23:27.171] [Server thread/INFO] [net.petemc.mutantszombies.MutantsZombies/]: Loading mutantszombies server config
[04Feb2026 02:23:27.171] [Thread-2/INFO] [net.petemc.mutantszombies.MutantsZombies/]: Loading mutantszombies server config
[04Feb2026 02:23:27.172] [Thread-2/INFO] [net.petemc.mutantszombies.MutantsZombies/]: Loading mutantszombies server config
[04Feb2026 02:23:27.173] [Server thread/WARN] [net.minecraftforge.common.ForgeConfigSpec/CORE]: Configuration file ./world/serverconfig/forge-server.toml is not correct. Correcting
[04Feb2026 02:23:27.174] [Server thread/WARN] [net.minecraftforge.common.ForgeConfigSpec/CORE]: Incorrect key server was corrected from null to its default, SimpleCommentedConfig:{}. 
[04Feb2026 02:23:27.174] [Server thread/WARN] [net.minecraftforge.common.ForgeConfigSpec/CORE]: Incorrect key server.removeErroringBlockEntities was corrected from null to its default, false. 
[04Feb2026 02:23:27.174] [Server thread/WARN] [net.minecraftforge.common.ForgeConfigSpec/CORE]: Incorrect key server.removeErroringEntities was corrected from null to its default, false. 
[04Feb2026 02:23:27.174] [Server thread/WARN] [net.minecraftforge.common.ForgeConfigSpec/CORE]: Incorrect key server.fullBoundingBoxLadders was corrected from null to its default, false. 
[04Feb2026 02:23:27.174] [Server thread/WARN] [net.minecraftforge.common.ForgeConfigSpec/CORE]: Incorrect key server.zombieBaseSummonChance was corrected from null to its default, 0.1. 
[04Feb2026 02:23:27.175] [Server thread/WARN] [net.minecraftforge.common.ForgeConfigSpec/CORE]: Incorrect key server.zombieBabyChance was corrected from null to its default, 0.05. 
[04Feb2026 02:23:27.175] [Server thread/WARN] [net.minecraftforge.common.ForgeConfigSpec/CORE]: Incorrect key server.permissionHandler was corrected from null to its default, forge:default_handler. 
[04Feb2026 02:23:27.175] [Server thread/WARN] [net.minecraftforge.common.ForgeConfigSpec/CORE]: Incorrect key server.advertiseDedicatedServerToLan was corrected from null to its default, true. 
[04Feb2026 02:23:27.175] [Server thread/WARN] [net.minecraftforge.common.ForgeConfigSpec/CORE]: Incorrect key server.useItemWithDurationZero was corrected from null to its default, false. 
[04Feb2026 02:23:27.178] [Server thread/WARN] [net.minecraftforge.common.ForgeConfigSpec/CORE]: Configuration file ./world/serverconfig/sit-server.toml is not correct. Correcting
[04Feb2026 02:23:27.179] [Server thread/WARN] [net.minecraftforge.common.ForgeConfigSpec/CORE]: Incorrect key block_reach_distance was corrected from null to its default, 4. 
[04Feb2026 02:23:27.183] [Server thread/WARN] [net.minecraftforge.common.ForgeConfigSpec/CORE]: Configuration file ./world/serverconfig/lostcities-server.toml is not correct. Correcting
[04Feb2026 02:23:27.185] [Server thread/WARN] [net.minecraftforge.common.ForgeConfigSpec/CORE]: Incorrect key profiles was corrected from null to its default, SimpleCommentedConfig:{}. 
[04Feb2026 02:23:27.185] [Server thread/WARN] [net.minecraftforge.common.ForgeConfigSpec/CORE]: Incorrect key profiles.specialBedBlock was corrected from null to its default, minecraft:diamond_block. 
[04Feb2026 02:23:27.186] [Server thread/WARN] [net.minecraftforge.common.ForgeConfigSpec/CORE]: Incorrect key profiles.selectedProfile was corrected from null to its default, <CHECK>. 
[04Feb2026 02:23:27.186] [Server thread/WARN] [net.minecraftforge.common.ForgeConfigSpec/CORE]: Incorrect key profiles.selectedCustomJson was corrected from null to its default, . 
[04Feb2026 02:23:27.186] [Server thread/WARN] [net.minecraftforge.common.ForgeConfigSpec/CORE]: Incorrect key profiles.todoQueueSize was corrected from null to its default, 20. 
[04Feb2026 02:23:27.186] [Server thread/WARN] [net.minecraftforge.common.ForgeConfigSpec/CORE]: Incorrect key profiles.forceSaplingGrowth was corrected from null to its default, true. 
[04Feb2026 02:23:27.186] [Server thread/WARN] [net.minecraftforge.common.ForgeConfigSpec/CORE]: Incorrect key profiles.cacheCleanupSeconds was corrected from null to its default, 300. 
[04Feb2026 02:23:27.187] [Server thread/WARN] [net.minecraftforge.common.ForgeConfigSpec/CORE]: Incorrect key profiles.avoidStructures was corrected from null to its default, [minecraft:mansion, minecraft:jungle_pyramid, minecraft:desert_pyramid, minecraft:igloo, minecraft:swamp_huts, minecraft:pillager_outpost]. 
[04Feb2026 02:23:27.187] [Server thread/WARN] [net.minecraftforge.common.ForgeConfigSpec/CORE]: Incorrect key profiles.avoidStructuresAdjacent was corrected from null to its default, false. 
[04Feb2026 02:23:27.187] [Server thread/WARN] [net.minecraftforge.common.ForgeConfigSpec/CORE]: Incorrect key profiles.avoidVillagesAdjacent was corrected from null to its default, false. 
[04Feb2026 02:23:27.187] [Server thread/WARN] [net.minecraftforge.common.ForgeConfigSpec/CORE]: Incorrect key profiles.avoidVillages was corrected from null to its default, true. 
[04Feb2026 02:23:27.189] [Server thread/WARN] [net.minecraftforge.common.ForgeConfigSpec/CORE]: Incorrect key profiles.avoidFlattening was corrected from null to its default, true. 
[04Feb2026 02:23:27.194] [Server thread/WARN] [net.minecraftforge.common.ForgeConfigSpec/CORE]: Configuration file ./world/serverconfig/openpartiesandclaims-server.toml is not correct. Correcting
[04Feb2026 02:23:27.195] [Server thread/WARN] [net.minecraftforge.common.ForgeConfigSpec/CORE]: Incorrect key serverConfig was corrected from null to its default, SimpleCommentedConfig:{}. 
[04Feb2026 02:23:27.196] [Server thread/WARN] [net.minecraftforge.common.ForgeConfigSpec/CORE]: Incorrect key serverConfig.defaultLanguage was corrected from null to its default, en_us. 
[04Feb2026 02:23:27.196] [Server thread/WARN] [net.minecraftforge.common.ForgeConfigSpec/CORE]: Incorrect key serverConfig.autosaveInterval was corrected from null to its default, 10. 
[04Feb2026 02:23:27.197] [Server thread/WARN] [net.minecraftforge.common.ForgeConfigSpec/CORE]: Incorrect key serverConfig.playerSubConfigLimit was corrected from null to its default, 64. 
[04Feb2026 02:23:27.198] [Server thread/WARN] [net.minecraftforge.common.ForgeConfigSpec/CORE]: Incorrect key serverConfig.permissionSystem was corrected from null to its default, prometheus. 
[04Feb2026 02:23:27.199] [Server thread/WARN] [net.minecraftforge.common.ForgeConfigSpec/CORE]: Incorrect key serverConfig.primaryPartySystem was corrected from null to its default, argonauts_guilds. 
[04Feb2026 02:23:27.200] [Server thread/WARN] [net.minecraftforge.common.ForgeConfigSpec/CORE]: Incorrect key serverConfig.parties was corrected from null to its default, SimpleCommentedConfig:{}. 
[04Feb2026 02:23:27.201] [Server thread/WARN] [net.minecraftforge.common.ForgeConfigSpec/CORE]: Incorrect key serverConfig.parties.enabled was corrected from null to its default, true. 
[04Feb2026 02:23:27.202] [Server thread/WARN] [net.minecraftforge.common.ForgeConfigSpec/CORE]: Incorrect key serverConfig.parties.maxPartyMembers was corrected from null to its default, 64. 
[04Feb2026 02:23:27.202] [Server thread/WARN] [net.minecraftforge.common.ForgeConfigSpec/CORE]: Incorrect key serverConfig.parties.maxPartyAllies was corrected from null to its default, 64. 
[04Feb2026 02:23:27.203] [Server thread/WARN] [net.minecraftforge.common.ForgeConfigSpec/CORE]: Incorrect key serverConfig.parties.maxPartyInvites was corrected from null to its default, 16. 
[04Feb2026 02:23:27.203] [Server thread/WARN] [net.minecraftforge.common.ForgeConfigSpec/CORE]: Incorrect key serverConfig.parties.partyExpirationTime was corrected from null to its default, 720. 
[04Feb2026 02:23:27.203] [Server thread/WARN] [net.minecraftforge.common.ForgeConfigSpec/CORE]: Incorrect key serverConfig.parties.partyExpirationCheckInterval was corrected from null to its default, 360. 
[04Feb2026 02:23:27.204] [Server thread/WARN] [net.minecraftforge.common.ForgeConfigSpec/CORE]: Incorrect key serverConfig.claims was corrected from null to its default, SimpleCommentedConfig:{}. 
[04Feb2026 02:23:27.204] [Server thread/WARN] [net.minecraftforge.common.ForgeConfigSpec/CORE]: Incorrect key serverConfig.claims.enabled was corrected from null to its default, true. 
[04Feb2026 02:23:27.205] [Server thread/WARN] [net.minecraftforge.common.ForgeConfigSpec/CORE]: Incorrect key serverConfig.claims.playerClaimsExpirationTime was corrected from null to its default, 8760. 
[04Feb2026 02:23:27.206] [Server thread/WARN] [net.minecraftforge.common.ForgeConfigSpec/CORE]: Incorrect key serverConfig.claims.playerClaimsExpirationCheckInterval was corrected from null to its default, 360. 
[04Feb2026 02:23:27.208] [Server thread/WARN] [net.minecraftforge.common.ForgeConfigSpec/CORE]: Incorrect key serverConfig.claims.playerClaimsConvertExpiredClaims was corrected from null to its default, true. 
[04Feb2026 02:23:27.210] [Server thread/WARN] [net.minecraftforge.common.ForgeConfigSpec/CORE]: Incorrect key serverConfig.claims.maxPlayerClaims was corrected from null to its default, 500. 
[04Feb2026 02:23:27.210] [Server thread/WARN] [net.minecraftforge.common.ForgeConfigSpec/CORE]: Incorrect key serverConfig.claims.maxPlayerClaimForceloads was corrected from null to its default, 10. 
[04Feb2026 02:23:27.210] [Server thread/WARN] [net.minecraftforge.common.ForgeConfigSpec/CORE]: Incorrect key serverConfig.claims.maxPlayerClaimsPermission was corrected from null to its default, xaero.pac_max_claims. 
[04Feb2026 02:23:27.210] [Server thread/WARN] [net.minecraftforge.common.ForgeConfigSpec/CORE]: Incorrect key serverConfig.claims.maxPlayerClaimForceloadsPermission was corrected from null to its default, xaero.pac_max_forceloads. 
[04Feb2026 02:23:27.210] [Server thread/WARN] [net.minecraftforge.common.ForgeConfigSpec/CORE]: Incorrect key serverConfig.claims.serverClaimPermission was corrected from null to its default, xaero.pac_server_claims. 
[04Feb2026 02:23:27.211] [Server thread/WARN] [net.minecraftforge.common.ForgeConfigSpec/CORE]: Incorrect key serverConfig.claims.adminModePermission was corrected from null to its default, xaero.pac_admin_mode. 
[04Feb2026 02:23:27.212] [Server thread/WARN] [net.minecraftforge.common.ForgeConfigSpec/CORE]: Incorrect key serverConfig.claims.maxClaimDistance was corrected from null to its default, 5. 
[04Feb2026 02:23:27.214] [Server thread/WARN] [net.minecraftforge.common.ForgeConfigSpec/CORE]: Incorrect key serverConfig.claims.claimableDimensionsListType was corrected from null to its default, ALL_BUT. 
[04Feb2026 02:23:27.215] [Server thread/WARN] [net.minecraftforge.common.ForgeConfigSpec/CORE]: Incorrect key serverConfig.claims.claimableDimensionsList was corrected from null to its default, []. 
[04Feb2026 02:23:27.216] [Server thread/WARN] [net.minecraftforge.common.ForgeConfigSpec/CORE]: Incorrect key serverConfig.claims.allowExistingClaimsInUnclaimableDimensions was corrected from null to its default, true. 
[04Feb2026 02:23:27.216] [Server thread/WARN] [net.minecraftforge.common.ForgeConfigSpec/CORE]: Incorrect key serverConfig.claims.allowExistingForceloadsInUnclaimableDimensions was corrected from null to its default, false. 
[04Feb2026 02:23:27.216] [Server thread/WARN] [net.minecraftforge.common.ForgeConfigSpec/CORE]: Incorrect key serverConfig.claims.claimsSynchronization was corrected from null to its default, ALL. 
[04Feb2026 02:23:27.216] [Server thread/WARN] [net.minecraftforge.common.ForgeConfigSpec/CORE]: Incorrect key serverConfig.claims.claimWelcomeMessages was corrected from null to its default, true. 
[04Feb2026 02:23:27.216] [Server thread/WARN] [net.minecraftforge.common.ForgeConfigSpec/CORE]: Incorrect key serverConfig.claims.protection was corrected from null to its default, SimpleCommentedConfig:{}. 
[04Feb2026 02:23:27.216] [Server thread/WARN] [net.minecraftforge.common.ForgeConfigSpec/CORE]: Incorrect key serverConfig.claims.protection.friendlyChunkProtectedEntityListType was corrected from null to its default, ALL_BUT. 
[04Feb2026 02:23:27.217] [Server thread/WARN] [net.minecraftforge.common.ForgeConfigSpec/CORE]: Incorrect key serverConfig.claims.protection.friendlyChunkProtectedEntityList was corrected from null to its default, [minecraft:boat]. 
[04Feb2026 02:23:27.217] [Server thread/WARN] [net.minecraftforge.common.ForgeConfigSpec/CORE]: Incorrect key serverConfig.claims.protection.hostileChunkProtectedEntityListType was corrected from null to its default, ONLY. 
[04Feb2026 02:23:27.217] [Server thread/WARN] [net.minecraftforge.common.ForgeConfigSpec/CORE]: Incorrect key serverConfig.claims.protection.hostileChunkProtectedEntityList was corrected from null to its default, []. 
[04Feb2026 02:23:27.217] [Server thread/WARN] [net.minecraftforge.common.ForgeConfigSpec/CORE]: Incorrect key serverConfig.claims.protection.blockProtectionExceptionList was corrected from null to its default, []. 
[04Feb2026 02:23:27.217] [Server thread/WARN] [net.minecraftforge.common.ForgeConfigSpec/CORE]: Incorrect key serverConfig.claims.protection.entityProtectionExceptionList was corrected from null to its default, []. 
[04Feb2026 02:23:27.219] [Server thread/WARN] [net.minecraftforge.common.ForgeConfigSpec/CORE]: Incorrect key serverConfig.claims.protection.entityClaimBarrierList was corrected from null to its default, []. 
[04Feb2026 02:23:27.220] [Server thread/WARN] [net.minecraftforge.common.ForgeConfigSpec/CORE]: Incorrect key serverConfig.claims.protection.forcedBlockProtectionExceptionList was corrected from null to its default, [minecraft:crafting_table]. 
[04Feb2026 02:23:27.221] [Server thread/WARN] [net.minecraftforge.common.ForgeConfigSpec/CORE]: Incorrect key serverConfig.claims.protection.blockProtectionOptionalExceptionGroups was corrected from null to its default, [Controls{minecraft:lever, #minecraft:buttons}, Doors{#minecraft:doors, #minecraft:fence_gates, #forge:fence_gates, #minecraft:trapdoors}, Chests{minecraft:chest, minecraft:trapped_chest, #forge:chests/wooden}, Barrels{minecraft:barrel, #forge:barrels}, Ender_Chests{minecraft:ender_chest, #forge:chests/ender}, Shulker_Boxes{#minecraft:shulker_boxes}, Furnaces{minecraft:furnace, minecraft:blast_furnace, minecraft:smoker}, Hoppers{minecraft:hopper}, Dispenser-like{minecraft:dispenser, minecraft:dropper}, Anvils{#minecraft:anvil}, Beds{#minecraft:beds}, Beacons{minecraft:beacon}, Enchanting_Tables{minecraft:enchanting_table}, break$Crops{#minecraft:crops}]. 
[04Feb2026 02:23:27.222] [Server thread/WARN] [net.minecraftforge.common.ForgeConfigSpec/CORE]: Incorrect key serverConfig.claims.protection.forcedEntityProtectionExceptionList was corrected from null to its default, [minecraft:minecart]. 
[04Feb2026 02:23:27.223] [Server thread/WARN] [net.minecraftforge.common.ForgeConfigSpec/CORE]: Incorrect key serverConfig.claims.protection.entityProtectionOptionalExceptionGroups was corrected from null to its default, [Traders{minecraft:villager, minecraft:wandering_trader}, hand$Item_Frames{minecraft:item_frame}, break$Livestock{minecraft:cow, minecraft:mooshroom, minecraft:sheep, minecraft:chicken, minecraft:pig, minecraft:rabbit, minecraft:goat}, Armor_Stands{minecraft:armor_stand}]. 
[04Feb2026 02:23:27.224] [Server thread/WARN] [net.minecraftforge.common.ForgeConfigSpec/CORE]: Incorrect key serverConfig.claims.protection.forcedEntityClaimBarrierList was corrected from null to its default, [minecraft:falling_block, supplementaries:slingshot_projectile]. 
[04Feb2026 02:23:27.225] [Server thread/WARN] [net.minecraftforge.common.ForgeConfigSpec/CORE]: Incorrect key serverConfig.claims.protection.entityClaimBarrierOptionalGroups was corrected from null to its default, [Players{minecraft:player}, Ender_Pearls{minecraft:ender_pearl}]. 
[04Feb2026 02:23:27.225] [Server thread/WARN] [net.minecraftforge.common.ForgeConfigSpec/CORE]: Incorrect key serverConfig.claims.protection.entitiesAllowedToGrief was corrected from null to its default, [minecraft:sheep, interact$minecraft:potion, interact$minecraft:trident, interact$minecraft:(*_|)arrow, interact$minecraft:ender_pearl, interact$minecraft:egg]. 
[04Feb2026 02:23:27.226] [Server thread/WARN] [net.minecraftforge.common.ForgeConfigSpec/CORE]: Incorrect key serverConfig.claims.protection.entitiesAllowedToGriefEntities was corrected from null to its default, [interact$minecraft:potion, interact$minecraft:trident, interact$minecraft:(*_|)arrow, interact$minecraft:ender_pearl, interact$minecraft:egg]. 
[04Feb2026 02:23:27.227] [Server thread/WARN] [net.minecraftforge.common.ForgeConfigSpec/CORE]: Incorrect key serverConfig.claims.protection.entitiesAllowedToGriefDroppedItems was corrected from null to its default, []. 
[04Feb2026 02:23:27.227] [Server thread/WARN] [net.minecraftforge.common.ForgeConfigSpec/CORE]: Incorrect key serverConfig.claims.protection.nonBlockGriefingMobs was corrected from null to its default, []. 
[04Feb2026 02:23:27.227] [Server thread/WARN] [net.minecraftforge.common.ForgeConfigSpec/CORE]: Incorrect key serverConfig.claims.protection.entityGriefingMobs was corrected from null to its default, []. 
[04Feb2026 02:23:27.227] [Server thread/WARN] [net.minecraftforge.common.ForgeConfigSpec/CORE]: Incorrect key serverConfig.claims.protection.droppedItemGriefingMobs was corrected from null to its default, []. 
[04Feb2026 02:23:27.227] [Server thread/WARN] [net.minecraftforge.common.ForgeConfigSpec/CORE]: Incorrect key serverConfig.claims.protection.blockAccessEntityGroups was corrected from null to its default, [Villagers{minecraft:villager}]. 
[04Feb2026 02:23:27.228] [Server thread/WARN] [net.minecraftforge.common.ForgeConfigSpec/CORE]: Incorrect key serverConfig.claims.protection.entityAccessEntityGroups was corrected from null to its default, [Zombies{minecraft:zombie, minecraft:zombie_villager, minecraft:husk, minecraft:drowned}]. 
[04Feb2026 02:23:27.228] [Server thread/WARN] [net.minecraftforge.common.ForgeConfigSpec/CORE]: Incorrect key serverConfig.claims.protection.droppedItemAccessEntityGroups was corrected from null to its default, [Villagers{minecraft:villager}, Piglins{minecraft:piglin}, Foxes{minecraft:fox}]. 
[04Feb2026 02:23:27.228] [Server thread/WARN] [net.minecraftforge.common.ForgeConfigSpec/CORE]: Incorrect key serverConfig.claims.protection.staticFakePlayers was corrected from null to its default, [[IntegratedTunnels]]. 
[04Feb2026 02:23:27.230] [Server thread/WARN] [net.minecraftforge.common.ForgeConfigSpec/CORE]: Incorrect key serverConfig.claims.protection.staticFakePlayerClassExceptions was corrected from null to its default, [dan200.computercraft.shared.turtle.core.TurtlePlayer]. 
[04Feb2026 02:23:27.230] [Server thread/WARN] [net.minecraftforge.common.ForgeConfigSpec/CORE]: Incorrect key serverConfig.claims.protection.additionalBannedItemsList was corrected from null to its default, [supplementaries:slingshot]. 
[04Feb2026 02:23:27.231] [Server thread/WARN] [net.minecraftforge.common.ForgeConfigSpec/CORE]: Incorrect key serverConfig.claims.protection.itemUseProtectionExceptionList was corrected from null to its default, [minecraft:firework_rocket]. 
[04Feb2026 02:23:27.231] [Server thread/WARN] [net.minecraftforge.common.ForgeConfigSpec/CORE]: Incorrect key serverConfig.claims.protection.itemUseProtectionOptionalExceptionGroups was corrected from null to its default, [Books{minecraft:written_book, minecraft:writable_book}]. 
[04Feb2026 02:23:27.231] [Server thread/WARN] [net.minecraftforge.common.ForgeConfigSpec/CORE]: Incorrect key serverConfig.claims.protection.completelyDisabledItemInteractions was corrected from null to its default, []. 
[04Feb2026 02:23:27.231] [Server thread/WARN] [net.minecraftforge.common.ForgeConfigSpec/CORE]: Incorrect key serverConfig.claims.protection.completelyDisabledBlockInteractions was corrected from null to its default, []. 
[04Feb2026 02:23:27.231] [Server thread/WARN] [net.minecraftforge.common.ForgeConfigSpec/CORE]: Incorrect key serverConfig.claims.protection.completelyDisabledEntityInteractions was corrected from null to its default, []. 
[04Feb2026 02:23:27.232] [Server thread/WARN] [net.minecraftforge.common.ForgeConfigSpec/CORE]: Incorrect key serverConfig.claims.protection.completelyDisableFrostWalking was corrected from null to its default, false. 
[04Feb2026 02:23:27.234] [Server thread/WARN] [net.minecraftforge.common.ForgeConfigSpec/CORE]: Incorrect key serverConfig.claims.protection.reducedBoatEntityCollisions was corrected from null to its default, true. 
[04Feb2026 02:23:27.235] [Server thread/WARN] [net.minecraftforge.common.ForgeConfigSpec/CORE]: Incorrect key serverConfig.playerConfigurablePlayerConfigOptions was corrected from null to its default, [claims.protectClaimedChunks, claims.forceload.enabled, claims.name, claims.color, claims.protection.fromParty, claims.protection.fromAllyParties, claims.protection.buttonsFromProjectiles, claims.protection.targetsFromProjectiles, claims.protection.platesFromPlayers, claims.protection.platesFromMobs, claims.protection.platesFromOther, claims.protection.tripwireFromPlayers, claims.protection.tripwireFromMobs, claims.protection.tripwireFromOther, claims.protection.cropTrample, claims.protection.playerLightning, claims.protection.fromFrostWalking, claims.protection.entitiesFromPlayers, claims.protection.entitiesFromMobs, claims.protection.entitiesFromOther, claims.protection.entitiesRedirect, claims.protection.entitiesFromExplosions, claims.protection.entitiesFromFire, claims.protection.netherPortalsPlayers, claims.protection.netherPortalsMobs, claims.protection.netherPortalsOther, claims.protection.fluidBarrier, claims.protection.dispenserBarrier, claims.protection.pistonBarrier, claims.protection.itemTossPlayers, claims.protection.itemTossMobs, claims.protection.itemTossOther, claims.protection.itemTossRedirect, claims.protection.mobLoot, claims.protection.playerDeathLoot, claims.protection.itemPickupPlayers, claims.protection.itemPickupMobs, claims.protection.itemPickupRedirect, claims.protection.xpPickup, claims.protection.raids, claims.protection.naturalSpawnHostile, claims.protection.naturalSpawnFriendly, claims.protection.spawnersHostile, claims.protection.spawnersFriendly, claims.protection.projectileHitHostileSpawn, claims.protection.projectileHitFriendlySpawn, parties.name, parties.shareLocationWithParty, parties.shareLocationWithMutualAllyParties, parties.receiveLocationsFromParty, parties.receiveLocationsFromMutualAllyParties, claims.protection.exceptionGroups.block.interact.Controls, claims.protection.exceptionGroups.block.interact.Doors, claims.protection.exceptionGroups.block.interact.Chests, claims.protection.exceptionGroups.block.interact.Barrels, claims.protection.exceptionGroups.block.interact.Ender_Chests, claims.protection.exceptionGroups.block.interact.Shulker_Boxes, claims.protection.exceptionGroups.block.interact.Furnaces, claims.protection.exceptionGroups.block.interact.Hoppers, claims.protection.exceptionGroups.block.interact.Dispenser-like, claims.protection.exceptionGroups.block.interact.Anvils, claims.protection.exceptionGroups.block.interact.Beds, claims.protection.exceptionGroups.block.interact.Beacons, claims.protection.exceptionGroups.block.interact.Enchanting_Tables, claims.protection.exceptionGroups.block.break.Crops, claims.protection.exceptionGroups.entity.interact.Traders, claims.protection.exceptionGroups.entity.handInteract.Item_Frames, claims.protection.exceptionGroups.entity.interact.Armor_Stands, claims.protection.exceptionGroups.entity.break.Livestock, claims.protection.exceptionGroups.entity.blockAccess.Villagers, claims.protection.exceptionGroups.entity.entityAccess.Zombies, claims.protection.exceptionGroups.entity.droppedItemAccess.Villagers, claims.protection.exceptionGroups.entity.droppedItemAccess.Piglins, claims.protection.exceptionGroups.entity.droppedItemAccess.Foxes, claims.protection.exceptionGroups.item.interact.Books, claims.protection.exceptionGroups.entity.barrier.Ender_Pearls, /*remove comment to enable*/claims.protection.exceptionGroups.entity.barrier.Players]. 
[04Feb2026 02:23:27.236] [Server thread/WARN] [net.minecraftforge.common.ForgeConfigSpec/CORE]: Incorrect key serverConfig.opConfigurablePlayerConfigOptions was corrected from null to its default, [claims.bonusChunkClaims, claims.bonusChunkForceloads]. 
[04Feb2026 02:23:27.338] [Server thread/INFO] [xaero.pac.OpenPartiesAndClaims/]: Initializing Open Parties and Claims for the server...
[04Feb2026 02:23:27.353] [Server thread/INFO] [xaero.pac.OpenPartiesAndClaims/]: Loading server info!
[04Feb2026 02:23:27.417] [Server thread/INFO] [xaero.pac.OpenPartiesAndClaims/]: Loading player configs...
[04Feb2026 02:23:27.428] [Server thread/INFO] [xaero.pac.OpenPartiesAndClaims/]: Loaded player configs!
[04Feb2026 02:23:27.428] [Server thread/INFO] [xaero.pac.OpenPartiesAndClaims/]: Loading parties...
[04Feb2026 02:23:27.430] [Server thread/INFO] [xaero.pac.OpenPartiesAndClaims/]: Loaded parties!
[04Feb2026 02:23:27.431] [Server thread/INFO] [xaero.pac.OpenPartiesAndClaims/]: Fixing party inconsistencies...
[04Feb2026 02:23:27.473] [Server thread/INFO] [xaero.pac.OpenPartiesAndClaims/]: Registered party system for OPAC: default
[04Feb2026 02:23:27.474] [Server thread/INFO] [xaero.pac.OpenPartiesAndClaims/]: Registered permission system for OPAC: permission_api
[04Feb2026 02:23:27.475] [Server thread/INFO] [net.minecraft.server.dedicated.DedicatedServer/]: Preparing level "world"
[04Feb2026 02:23:41.011] [Server thread/INFO] [net.minecraft.server.MinecraftServer/]: Preparing start region for dimension minecraft:overworld
[04Feb2026 02:23:41.508] [Worker-Main-3/INFO] [net.minecraft.server.level.progress.LoggerChunkProgressListener/]: Preparing spawn area: 0%
[04Feb2026 02:23:41.512] [Worker-Main-3/INFO] [net.minecraft.server.level.progress.LoggerChunkProgressListener/]: Preparing spawn area: 0%
[04Feb2026 02:23:42.079] [Worker-Main-3/INFO] [net.minecraft.server.level.progress.LoggerChunkProgressListener/]: Preparing spawn area: 0%
[04Feb2026 02:23:42.632] [Worker-Main-1/INFO] [net.minecraft.server.level.progress.LoggerChunkProgressListener/]: Preparing spawn area: 0%
[04Feb2026 02:23:43.016] [Worker-Main-3/INFO] [net.minecraft.server.level.progress.LoggerChunkProgressListener/]: Preparing spawn area: 0%
[04Feb2026 02:23:43.626] [Worker-Main-2/INFO] [net.minecraft.server.level.progress.LoggerChunkProgressListener/]: Preparing spawn area: 0%
[04Feb2026 02:23:44.025] [Worker-Main-3/INFO] [net.minecraft.server.level.progress.LoggerChunkProgressListener/]: Preparing spawn area: 1%
[04Feb2026 02:23:44.534] [Worker-Main-1/INFO] [net.minecraft.server.level.progress.LoggerChunkProgressListener/]: Preparing spawn area: 1%
[04Feb2026 02:23:45.054] [Worker-Main-2/INFO] [net.minecraft.server.level.progress.LoggerChunkProgressListener/]: Preparing spawn area: 2%
[04Feb2026 02:23:45.514] [Worker-Main-3/INFO] [net.minecraft.server.level.progress.LoggerChunkProgressListener/]: Preparing spawn area: 2%
[04Feb2026 02:23:46.097] [Worker-Main-1/INFO] [net.minecraft.server.level.progress.LoggerChunkProgressListener/]: Preparing spawn area: 3%
[04Feb2026 02:23:46.550] [Worker-Main-1/INFO] [net.minecraft.server.level.progress.LoggerChunkProgressListener/]: Preparing spawn area: 4%
[04Feb2026 02:23:47.050] [Worker-Main-2/INFO] [net.minecraft.server.level.progress.LoggerChunkProgressListener/]: Preparing spawn area: 4%
[04Feb2026 02:23:47.555] [Worker-Main-1/INFO] [net.minecraft.server.level.progress.LoggerChunkProgressListener/]: Preparing spawn area: 5%
[04Feb2026 02:23:48.079] [Worker-Main-2/INFO] [net.minecraft.server.level.progress.LoggerChunkProgressListener/]: Preparing spawn area: 6%
[04Feb2026 02:23:48.545] [Worker-Main-3/INFO] [net.minecraft.server.level.progress.LoggerChunkProgressListener/]: Preparing spawn area: 7%
[04Feb2026 02:23:48.766] [Worker-Main-3/WARN] [net.minecraft.world.entity.EntityType/]: Skipping Entity with id scpo:scp_106
[04Feb2026 02:23:49.038] [Worker-Main-3/INFO] [net.minecraft.server.level.progress.LoggerChunkProgressListener/]: Preparing spawn area: 9%
[04Feb2026 02:23:49.517] [Worker-Main-3/INFO] [net.minecraft.server.level.progress.LoggerChunkProgressListener/]: Preparing spawn area: 9%
[04Feb2026 02:23:50.044] [Worker-Main-2/INFO] [net.minecraft.server.level.progress.LoggerChunkProgressListener/]: Preparing spawn area: 10%
[04Feb2026 02:23:50.579] [Worker-Main-2/INFO] [net.minecraft.server.level.progress.LoggerChunkProgressListener/]: Preparing spawn area: 10%
[04Feb2026 02:23:51.023] [Worker-Main-1/INFO] [net.minecraft.server.level.progress.LoggerChunkProgressListener/]: Preparing spawn area: 12%
[04Feb2026 02:23:51.516] [Worker-Main-2/INFO] [net.minecraft.server.level.progress.LoggerChunkProgressListener/]: Preparing spawn area: 14%
[04Feb2026 02:23:52.032] [Worker-Main-3/INFO] [net.minecraft.server.level.progress.LoggerChunkProgressListener/]: Preparing spawn area: 15%
[04Feb2026 02:23:52.513] [Worker-Main-1/INFO] [net.minecraft.server.level.progress.LoggerChunkProgressListener/]: Preparing spawn area: 16%
[04Feb2026 02:23:53.014] [Worker-Main-2/INFO] [net.minecraft.server.level.progress.LoggerChunkProgressListener/]: Preparing spawn area: 17%
[04Feb2026 02:23:53.525] [Worker-Main-2/INFO] [net.minecraft.server.level.progress.LoggerChunkProgressListener/]: Preparing spawn area: 19%
[04Feb2026 02:23:54.014] [Worker-Main-3/INFO] [net.minecraft.server.level.progress.LoggerChunkProgressListener/]: Preparing spawn area: 20%
[04Feb2026 02:23:54.512] [Worker-Main-3/INFO] [net.minecraft.server.level.progress.LoggerChunkProgressListener/]: Preparing spawn area: 22%
[04Feb2026 02:23:55.024] [Worker-Main-1/INFO] [net.minecraft.server.level.progress.LoggerChunkProgressListener/]: Preparing spawn area: 23%
[04Feb2026 02:23:55.591] [Worker-Main-2/INFO] [net.minecraft.server.level.progress.LoggerChunkProgressListener/]: Preparing spawn area: 25%
[04Feb2026 02:23:56.016] [Worker-Main-1/INFO] [net.minecraft.server.level.progress.LoggerChunkProgressListener/]: Preparing spawn area: 26%
[04Feb2026 02:23:56.548] [Worker-Main-1/INFO] [net.minecraft.server.level.progress.LoggerChunkProgressListener/]: Preparing spawn area: 28%
[04Feb2026 02:23:57.038] [Worker-Main-2/INFO] [net.minecraft.server.level.progress.LoggerChunkProgressListener/]: Preparing spawn area: 31%
[04Feb2026 02:23:57.514] [Worker-Main-3/INFO] [net.minecraft.server.level.progress.LoggerChunkProgressListener/]: Preparing spawn area: 32%
[04Feb2026 02:23:58.013] [Worker-Main-3/INFO] [net.minecraft.server.level.progress.LoggerChunkProgressListener/]: Preparing spawn area: 33%
[04Feb2026 02:23:58.515] [Worker-Main-2/INFO] [net.minecraft.server.level.progress.LoggerChunkProgressListener/]: Preparing spawn area: 34%
[04Feb2026 02:23:59.077] [Worker-Main-3/INFO] [net.minecraft.server.level.progress.LoggerChunkProgressListener/]: Preparing spawn area: 37%
[04Feb2026 02:23:59.557] [Worker-Main-2/INFO] [net.minecraft.server.level.progress.LoggerChunkProgressListener/]: Preparing spawn area: 39%
[04Feb2026 02:24:00.015] [Worker-Main-3/INFO] [net.minecraft.server.level.progress.LoggerChunkProgressListener/]: Preparing spawn area: 40%
[04Feb2026 02:24:00.529] [Worker-Main-2/INFO] [net.minecraft.server.level.progress.LoggerChunkProgressListener/]: Preparing spawn area: 42%
[04Feb2026 02:24:01.022] [Worker-Main-1/INFO] [net.minecraft.server.level.progress.LoggerChunkProgressListener/]: Preparing spawn area: 44%
[04Feb2026 02:24:01.516] [Worker-Main-1/INFO] [net.minecraft.server.level.progress.LoggerChunkProgressListener/]: Preparing spawn area: 45%
[04Feb2026 02:24:02.050] [Worker-Main-2/INFO] [net.minecraft.server.level.progress.LoggerChunkProgressListener/]: Preparing spawn area: 48%
[04Feb2026 02:24:02.513] [Worker-Main-2/INFO] [net.minecraft.server.level.progress.LoggerChunkProgressListener/]: Preparing spawn area: 49%
[04Feb2026 02:24:03.014] [Worker-Main-1/INFO] [net.minecraft.server.level.progress.LoggerChunkProgressListener/]: Preparing spawn area: 51%
[04Feb2026 02:24:03.513] [Worker-Main-1/INFO] [net.minecraft.server.level.progress.LoggerChunkProgressListener/]: Preparing spawn area: 53%
[04Feb2026 02:24:04.016] [Worker-Main-2/INFO] [net.minecraft.server.level.progress.LoggerChunkProgressListener/]: Preparing spawn area: 55%
[04Feb2026 02:24:04.512] [Worker-Main-3/INFO] [net.minecraft.server.level.progress.LoggerChunkProgressListener/]: Preparing spawn area: 56%
[04Feb2026 02:24:05.013] [Worker-Main-1/INFO] [net.minecraft.server.level.progress.LoggerChunkProgressListener/]: Preparing spawn area: 58%
[04Feb2026 02:24:05.516] [Worker-Main-3/INFO] [net.minecraft.server.level.progress.LoggerChunkProgressListener/]: Preparing spawn area: 61%
[04Feb2026 02:24:06.056] [Worker-Main-3/INFO] [net.minecraft.server.level.progress.LoggerChunkProgressListener/]: Preparing spawn area: 63%
[04Feb2026 02:24:06.525] [Worker-Main-2/INFO] [net.minecraft.server.level.progress.LoggerChunkProgressListener/]: Preparing spawn area: 65%
[04Feb2026 02:24:07.021] [Worker-Main-3/INFO] [net.minecraft.server.level.progress.LoggerChunkProgressListener/]: Preparing spawn area: 67%
[04Feb2026 02:24:07.514] [Worker-Main-1/INFO] [net.minecraft.server.level.progress.LoggerChunkProgressListener/]: Preparing spawn area: 68%
[04Feb2026 02:24:08.201] [Worker-Main-1/INFO] [net.minecraft.server.level.progress.LoggerChunkProgressListener/]: Preparing spawn area: 69%
[04Feb2026 02:24:08.515] [Worker-Main-2/INFO] [net.minecraft.server.level.progress.LoggerChunkProgressListener/]: Preparing spawn area: 70%
[04Feb2026 02:24:09.016] [Worker-Main-1/INFO] [net.minecraft.server.level.progress.LoggerChunkProgressListener/]: Preparing spawn area: 72%
[04Feb2026 02:24:09.517] [Worker-Main-3/INFO] [net.minecraft.server.level.progress.LoggerChunkProgressListener/]: Preparing spawn area: 74%
[04Feb2026 02:24:09.637] [Worker-Main-2/ERROR] [net.minecraft.world.entity.decoration.HangingEntity/]: Hanging entity at invalid position: BlockPos{x=3, y=-58, z=31}
[04Feb2026 02:24:09.639] [Worker-Main-2/ERROR] [net.minecraft.world.entity.decoration.HangingEntity/]: Hanging entity at invalid position: BlockPos{x=6, y=-58, z=31}
[04Feb2026 02:24:09.640] [Worker-Main-2/ERROR] [net.minecraft.world.entity.decoration.HangingEntity/]: Hanging entity at invalid position: BlockPos{x=3, y=-58, z=43}
[04Feb2026 02:24:09.640] [Worker-Main-2/ERROR] [net.minecraft.world.entity.decoration.HangingEntity/]: Hanging entity at invalid position: BlockPos{x=6, y=-58, z=43}
[04Feb2026 02:24:09.641] [Worker-Main-2/ERROR] [net.minecraft.world.entity.decoration.HangingEntity/]: Hanging entity at invalid position: BlockPos{x=2, y=-59, z=40}
[04Feb2026 02:24:09.642] [Worker-Main-2/ERROR] [net.minecraft.world.entity.decoration.HangingEntity/]: Hanging entity at invalid position: BlockPos{x=2, y=-59, z=33}
[04Feb2026 02:24:09.642] [Worker-Main-2/ERROR] [net.minecraft.world.entity.decoration.HangingEntity/]: Hanging entity at invalid position: BlockPos{x=7, y=-59, z=40}
[04Feb2026 02:24:09.643] [Worker-Main-2/ERROR] [net.minecraft.world.entity.decoration.HangingEntity/]: Hanging entity at invalid position: BlockPos{x=7, y=-59, z=33}
[04Feb2026 02:24:10.012] [Worker-Main-3/INFO] [net.minecraft.server.level.progress.LoggerChunkProgressListener/]: Preparing spawn area: 77%
[04Feb2026 02:24:10.526] [Worker-Main-1/INFO] [net.minecraft.server.level.progress.LoggerChunkProgressListener/]: Preparing spawn area: 79%
[04Feb2026 02:24:11.015] [Worker-Main-1/INFO] [net.minecraft.server.level.progress.LoggerChunkProgressListener/]: Preparing spawn area: 81%
[04Feb2026 02:24:11.849] [Worker-Main-1/INFO] [net.minecraft.server.level.progress.LoggerChunkProgressListener/]: Preparing spawn area: 83%
[04Feb2026 02:24:12.021] [Worker-Main-2/INFO] [net.minecraft.server.level.progress.LoggerChunkProgressListener/]: Preparing spawn area: 83%
[04Feb2026 02:24:12.546] [Worker-Main-3/INFO] [net.minecraft.server.level.progress.LoggerChunkProgressListener/]: Preparing spawn area: 84%
[04Feb2026 02:24:13.031] [Worker-Main-3/INFO] [net.minecraft.server.level.progress.LoggerChunkProgressListener/]: Preparing spawn area: 86%
[04Feb2026 02:24:13.515] [Worker-Main-3/INFO] [net.minecraft.server.level.progress.LoggerChunkProgressListener/]: Preparing spawn area: 88%
[04Feb2026 02:24:14.091] [Worker-Main-3/INFO] [net.minecraft.server.level.progress.LoggerChunkProgressListener/]: Preparing spawn area: 91%
[04Feb2026 02:24:14.537] [Worker-Main-1/INFO] [net.minecraft.server.level.progress.LoggerChunkProgressListener/]: Preparing spawn area: 93%
[04Feb2026 02:24:15.027] [Worker-Main-1/INFO] [net.minecraft.server.level.progress.LoggerChunkProgressListener/]: Preparing spawn area: 95%
[04Feb2026 02:24:15.527] [Worker-Main-3/INFO] [net.minecraft.server.level.progress.LoggerChunkProgressListener/]: Preparing spawn area: 97%
[04Feb2026 02:24:16.031] [Worker-Main-2/INFO] [net.minecraft.server.level.progress.LoggerChunkProgressListener/]: Preparing spawn area: 99%
[04Feb2026 02:24:16.095] [Server thread/INFO] [net.minecraft.server.level.progress.LoggerChunkProgressListener/]: Time elapsed: 35083 ms
[04Feb2026 02:24:16.095] [Server thread/INFO] [net.minecraft.server.dedicated.DedicatedServer/]: Done (49.101s)! For help, type "help"
[04Feb2026 02:24:16.476] [Server thread/INFO] [net.minecraftforge.server.permission.PermissionAPI/]: Successfully initialized permission handler forge:default_handler
[04Feb2026 02:24:16.476] [Server thread/INFO] [net.petemc.undeadnights.UndeadNights/]: Initializing the UndeadNights Mod (server starting)
[04Feb2026 02:24:16.477] [Server thread/INFO] [net.petemc.undeadnights.UndeadNights/]: Day scale counter max value changed in config, resetting current day scale counter to 0
[04Feb2026 02:24:16.505] [Server thread/INFO] [xaero.pac.OpenPartiesAndClaims/]: Loading claims...
[04Feb2026 02:24:16.505] [Server thread/INFO] [xaero.pac.OpenPartiesAndClaims/]: Loaded claims in 0ms
[04Feb2026 02:24:16.506] [Server thread/WARN] [xaero.pac.OpenPartiesAndClaims/]: The configured permission system "prometheus" isn't registered!
[04Feb2026 02:24:16.506] [Server thread/INFO] [xaero.pac.OpenPartiesAndClaims/]: Configured OPAC to use the following permission system: permission_api
[04Feb2026 02:24:16.506] [Server thread/WARN] [xaero.pac.OpenPartiesAndClaims/]: The configured primary party system "argonauts_guilds" isn't registered!
[04Feb2026 02:24:16.507] [Server thread/INFO] [xaero.pac.OpenPartiesAndClaims/]: Configured OPAC to use the following party system as primary: default
[04Feb2026 02:24:16.507] [Server thread/INFO] [dynamiclights/]: [Dynamic Lights] Sending global config to world ...
[04Feb2026 02:24:16.509] [Server thread/INFO] [net.minecraft.server.MinecraftServer/]: Created new objective [ts.dl.settings]
[04Feb2026 02:24:16.516] [Server thread/INFO] [mixin/]: Mixing common.MixinServerStatus from mixins/common/nochatreports.mixins.json into net.minecraft.network.protocol.status.ServerStatus
[04Feb2026 02:28:11.520] [Server thread/INFO] [net.minecraft.server.MinecraftServer/]: Stopping the server
[04Feb2026 02:28:11.565] [Server thread/INFO] [net.minecraft.server.MinecraftServer/]: Stopping server
[04Feb2026 02:28:11.566] [Server thread/INFO] [net.minecraft.server.MinecraftServer/]: Saving players
[04Feb2026 02:28:11.566] [Server thread/INFO] [net.minecraft.server.MinecraftServer/]: Saving worlds
[04Feb2026 02:28:12.410] [Server thread/INFO] [net.minecraft.server.MinecraftServer/]: Saving chunks for level 'ServerLevel[world]'/minecraft:overworld
[04Feb2026 02:28:14.964] [Server thread/INFO] [net.minecraft.server.MinecraftServer/]: Saving chunks for level 'ServerLevel[world]'/lostcities:lostcity
[04Feb2026 02:28:14.965] [Server thread/INFO] [net.minecraft.server.MinecraftServer/]: Saving chunks for level 'ServerLevel[world]'/minecraft:the_end
[04Feb2026 02:28:14.966] [Server thread/INFO] [net.minecraft.server.MinecraftServer/]: Saving chunks for level 'ServerLevel[world]'/minecraft:the_nether
[04Feb2026 02:28:14.994] [Server thread/INFO] [net.minecraft.server.MinecraftServer/]: ThreadedAnvilChunkStorage (world): All chunks are saved
[04Feb2026 02:28:14.994] [Server thread/INFO] [net.minecraft.server.MinecraftServer/]: ThreadedAnvilChunkStorage (lostcity): All chunks are saved
[04Feb2026 02:28:14.994] [Server thread/INFO] [net.minecraft.server.MinecraftServer/]: ThreadedAnvilChunkStorage (DIM1): All chunks are saved
[04Feb2026 02:28:14.994] [Server thread/INFO] [net.minecraft.server.MinecraftServer/]: ThreadedAnvilChunkStorage (DIM-1): All chunks are saved
[04Feb2026 02:28:14.994] [Server thread/INFO] [net.minecraft.server.MinecraftServer/]: ThreadedAnvilChunkStorage: All dimensions are saved
[04Feb2026 02:28:15.016] [Server thread/INFO] [xaero.pac.OpenPartiesAndClaims/]: Stopping IO worker...
[04Feb2026 02:28:15.021] [Server thread/INFO] [xaero.pac.OpenPartiesAndClaims/]: Stopped IO worker!
[04Feb2026 02:28:15.022] [Server thread/INFO] [net.petemc.undeadnights.UndeadNights/]: Loading undeadnights server config
[04Feb2026 02:28:15.024] [Server thread/INFO] [net.petemc.mutantszombies.MutantsZombies/]: Loading mutantszombies server config
